"URL","Context","Tag","Type","Role","Text","Value","Placeholder","Name","Id","Label","Disabled","Required","Checked"
"https://mgm.ibos.io/","base","input","text",,"","","Go to page...",,,,"False","False","False"
"https://mgm.ibos.io/","base","button","button",,"","",,,,,"False","False",
"https://mgm.ibos.io/","base","button","button",,"","",,,,,"False","False",
"https://mgm.ibos.io/","base","button","button",,"","",,,,,"False","False",
"https://mgm.ibos.io/","base","button","button",,"","",,,,,"False","False",
"https://mgm.ibos.io/","base","input",,"combobox","","",,,"react-select-mgm-input",,"False","False","False"
"https://mgm.ibos.io/","base","input","hidden",,"","40513",,"branchList",,,"False","False","False"
"https://mgm.ibos.io/accounts/accDashboard","base","input","text",,"","","Go to page...",,,,"False","False","False"
"https://mgm.ibos.io/accounts/accDashboard","base","button","button",,"","",,,,,"False","False",
"https://mgm.ibos.io/accounts/accDashboard","base","button","button",,"","",,,,,"False","False",
"https://mgm.ibos.io/accounts/accDashboard","base","button","button",,"","",,,,,"False","False",
"https://mgm.ibos.io/accounts/accDashboard","base","button","button",,"","",,,,,"False","False",
"https://mgm.ibos.io/accounts/accDashboard","base","input",,"combobox","","",,,"react-select-mgm-input",,"False","False","False"
"https://mgm.ibos.io/accounts/accDashboard","base","input","hidden",,"","40513",,"branchList",,,"False","False","False"
"https://mgm.ibos.io/accounts/accDashboard","base","input","date",,"","2026-09-01",,"fromDate",,,"False","False","False"
"https://mgm.ibos.io/accounts/accDashboard","base","input","date",,"","2026-09-13",,"toDate",,,"False","False","False"
"https://mgm.ibos.io/accounts/accDashboard","base","button","button",,"View","",,,,,"False","False",
"https://mgm.ibos.io/accounts/accDashboard","base","input",,"combobox","","",,,"react-select-mgm-input",,"False","False","False"
"https://mgm.ibos.io/accounts/accDashboard","base","input","hidden",,"","2026",,"year",,,"False","False","False"
"https://mgm.ibos.io/accounts/bankAccount","base","input","text",,"","","Go to page...",,,,"False","False","False"
"https://mgm.ibos.io/accounts/bankAccount","base","button","button",,"","",,,,,"False","False",
"https://mgm.ibos.io/accounts/bankAccount","base","button","button",,"","",,,,,"False","False",
"https://mgm.ibos.io/accounts/bankAccount","base","button","button",,"","",,,,,"False","False",
"https://mgm.ibos.io/accounts/bankAccount","base","button","button",,"","",,,,,"False","False",
"https://mgm.ibos.io/accounts/bankAccount","base","input",,"combobox","","",,,"react-select-mgm-input",,"False","False","False"
"https://mgm.ibos.io/accounts/bankAccount","base","input","hidden",,"","40513",,"branchList",,,"False","False","False"
"https://mgm.ibos.io/accounts/bankAccount","base","input","text",,"","","Search....",,,"search","False","False","False"
"https://mgm.ibos.io/accounts/bankAccount","base","button","button",,"","",,,,"menu","False","False",
"https://mgm.ibos.io/accounts/bankAccount","base","button","button",,"Regular Banking","",,,,,"False","False",
"https://mgm.ibos.io/accounts/bankAccount","base","button","button","tab","REGULAR BANKING","",,,"simple-tab-0",,"False","False",
"https://mgm.ibos.io/accounts/bankAccount","base","button","button","tab","DEPOSITS","",,,"simple-tab-1",,"False","False",
"https://mgm.ibos.io/accounts/bankAccount","base","button","button","tab","LOANS (BANK)","",,,"simple-tab-2",,"False","False",
"https://mgm.ibos.io/accounts/bankAccount","base","button","button","tab","FACTORING REPORT","",,,"simple-tab-3",,"False","False",
"https://mgm.ibos.io/accounts/bankAccount","base","button","button","tab","LOAN (OTHERS)","",,,"simple-tab-4",,"False","False",
"https://mgm.ibos.io/accounts/bankAccount","base","input",,"combobox","","",,,"react-select-mgm-input",,"False","False","False"
"https://mgm.ibos.io/accounts/bankAccount","base","input","hidden",,"","",,"bankAccountType",,,"False","False","False"
"https://mgm.ibos.io/accounts/bankAccount","base","button","button",,"View","",,,,,"False","False",
"https://mgm.ibos.io/accounts/bankAccount","base","button","button",,"","",,,,,"False","False",
"https://mgm.ibos.io/accounts/bankAccount","base","button","button",,"","",,,,,"False","False",
"https://mgm.ibos.io/accounts/bankAccount","base","button","button",,"","",,,,,"False","False",
"https://mgm.ibos.io/accounts/bankAccount","base","button","button",,"","",,,,,"False","False",
"https://mgm.ibos.io/accounts/bankAccount","base","button","button",,"","",,,,,"False","False",
"https://mgm.ibos.io/accounts/bankAccount","base","button","button",,"","",,,,,"True","False",
"https://mgm.ibos.io/accounts/bankAccount","base","button","button",,"","",,,,,"False","False",
"https://mgm.ibos.io/accounts/bankAccount","base","button","button",,"","",,,,,"False","False",
"https://mgm.ibos.io/accounts/bankAccount","base","button","button",,"","",,,,,"False","False",
"https://mgm.ibos.io/accounts/bankAccount","base","button","button",,"","",,,,,"False","False",
"https://mgm.ibos.io/accounts/bankAccount","base","button","button",,"","",,,,,"False","False",
"https://mgm.ibos.io/accounts/bankAccount","base","button","button",,"","",,,,,"True","False",
"https://mgm.ibos.io/accounts/bankAccount","base","div",,"combobox","50",,,,"_r_n_",,"False","False",
"https://mgm.ibos.io/accounts/bankAccount","base","input",,,"","50",,,,,"False","False","False"
"https://mgm.ibos.io/accounts/bankAccount","base","button","button",,"","",,,,"Go to previous page","True","False",
"https://mgm.ibos.io/accounts/bankAccount","base","button","button",,"","",,,,"Go to next page","True","False",
"https://mgm.ibos.io/accounts/bankAccount","tab:REGULAR BANKING","input","text",,"","","Go to page...",,,,"False",,
"https://mgm.ibos.io/accounts/bankAccount","tab:REGULAR BANKING","button","button",,"","",,,,,"False",,
"https://mgm.ibos.io/accounts/bankAccount","tab:REGULAR BANKING","button","button",,"","",,,,,"False",,
"https://mgm.ibos.io/accounts/bankAccount","tab:REGULAR BANKING","button","button",,"","",,,,,"False",,
"https://mgm.ibos.io/accounts/bankAccount","tab:REGULAR BANKING","button","button",,"","",,,,,"False",,
"https://mgm.ibos.io/accounts/bankAccount","tab:REGULAR BANKING","input",,,"","",,,,,"False",,
"https://mgm.ibos.io/accounts/bankAccount","tab:REGULAR BANKING","input","hidden",,"","40513",,,,,"False",,
"https://mgm.ibos.io/accounts/bankAccount","tab:REGULAR BANKING","input","text",,"","","Search....",,,,"False",,
"https://mgm.ibos.io/accounts/bankAccount","tab:REGULAR BANKING","button","button",,"","",,,,,"False",,
"https://mgm.ibos.io/accounts/bankAccount","tab:REGULAR BANKING","button","button",,"Regular Banking","",,,,,"False",,
"https://mgm.ibos.io/accounts/bankAccount","tab:REGULAR BANKING","button","button",,"REGULAR BANKING","",,,,,"False",,
"https://mgm.ibos.io/accounts/bankAccount","tab:REGULAR BANKING","button","button",,"DEPOSITS","",,,,,"False",,
"https://mgm.ibos.io/accounts/bankAccount","tab:REGULAR BANKING","button","button",,"LOANS (BANK)","",,,,,"False",,
"https://mgm.ibos.io/accounts/bankAccount","tab:REGULAR BANKING","button","button",,"FACTORING REPORT","",,,,,"False",,
"https://mgm.ibos.io/accounts/bankAccount","tab:REGULAR BANKING","button","button",,"LOAN (OTHERS)","",,,,,"False",,
"https://mgm.ibos.io/accounts/bankAccount","tab:REGULAR BANKING","input",,,"","",,,,,"False",,
"https://mgm.ibos.io/accounts/bankAccount","tab:REGULAR BANKING","input","hidden",,"","",,,,,"False",,
"https://mgm.ibos.io/accounts/bankAccount","tab:REGULAR BANKING","button","button",,"View","",,,,,"False",,
"https://mgm.ibos.io/accounts/bankAccount","tab:REGULAR BANKING","button","button",,"","",,,,,"False",,
"https://mgm.ibos.io/accounts/bankAccount","tab:REGULAR BANKING","button","button",,"","",,,,,"False",,
"https://mgm.ibos.io/accounts/bankAccount","tab:REGULAR BANKING","button","button",,"","",,,,,"False",,
"https://mgm.ibos.io/accounts/bankAccount","tab:REGULAR BANKING","button","button",,"","",,,,,"False",,
"https://mgm.ibos.io/accounts/bankAccount","tab:REGULAR BANKING","button","button",,"","",,,,,"False",,
"https://mgm.ibos.io/accounts/bankAccount","tab:REGULAR BANKING","button","button",,"","",,,,,"True",,
"https://mgm.ibos.io/accounts/bankAccount","tab:REGULAR BANKING","button","button",,"","",,,,,"False",,
"https://mgm.ibos.io/accounts/bankAccount","tab:REGULAR BANKING","button","button",,"","",,,,,"False",,
"https://mgm.ibos.io/accounts/bankAccount","tab:REGULAR BANKING","button","button",,"","",,,,,"False",,
"https://mgm.ibos.io/accounts/bankAccount","tab:REGULAR BANKING","button","button",,"","",,,,,"False",,
"https://mgm.ibos.io/accounts/bankAccount","tab:REGULAR BANKING","button","button",,"","",,,,,"False",,
"https://mgm.ibos.io/accounts/bankAccount","tab:REGULAR BANKING","button","button",,"","",,,,,"True",,
"https://mgm.ibos.io/accounts/bankAccount","tab:REGULAR BANKING","div",,,"50",,,,,,"False",,
"https://mgm.ibos.io/accounts/bankAccount","tab:REGULAR BANKING","input",,,"","50",,,,,"False",,
"https://mgm.ibos.io/accounts/bankAccount","tab:REGULAR BANKING","button","button",,"","",,,,,"True",,
"https://mgm.ibos.io/accounts/bankAccount","tab:REGULAR BANKING","button","button",,"","",,,,,"True",,
"https://mgm.ibos.io/accounts/bankAccount","tab:DEPOSITS","input","text",,"","","Go to page...",,,,"False",,
"https://mgm.ibos.io/accounts/bankAccount","tab:DEPOSITS","button","button",,"","",,,,,"False",,
"https://mgm.ibos.io/accounts/bankAccount","tab:DEPOSITS","button","button",,"","",,,,,"False",,
"https://mgm.ibos.io/accounts/bankAccount","tab:DEPOSITS","button","button",,"","",,,,,"False",,
"https://mgm.ibos.io/accounts/bankAccount","tab:DEPOSITS","button","button",,"","",,,,,"False",,
"https://mgm.ibos.io/accounts/bankAccount","tab:DEPOSITS","input",,,"","",,,,,"False",,
"https://mgm.ibos.io/accounts/bankAccount","tab:DEPOSITS","input","hidden",,"","40513",,,,,"False",,
"https://mgm.ibos.io/accounts/bankAccount","tab:DEPOSITS","input","text",,"","","Search....",,,,"False",,
"https://mgm.ibos.io/accounts/bankAccount","tab:DEPOSITS","button","button",,"","",,,,,"False",,
"https://mgm.ibos.io/accounts/bankAccount","tab:DEPOSITS","button","button",,"Deposits","",,,,,"False",,
"https://mgm.ibos.io/accounts/bankAccount","tab:DEPOSITS","button","button",,"REGULAR BANKING","",,,,,"False",,
"https://mgm.ibos.io/accounts/bankAccount","tab:DEPOSITS","button","button",,"DEPOSITS","",,,,,"False",,
"https://mgm.ibos.io/accounts/bankAccount","tab:DEPOSITS","button","button",,"LOANS (BANK)","",,,,,"False",,
"https://mgm.ibos.io/accounts/bankAccount","tab:DEPOSITS","button","button",,"FACTORING REPORT","",,,,,"False",,
"https://mgm.ibos.io/accounts/bankAccount","tab:DEPOSITS","button","button",,"LOAN (OTHERS)","",,,,,"False",,
"https://mgm.ibos.io/accounts/bankAccount","tab:DEPOSITS","input","text",,"","",,,,,"False",,
"https://mgm.ibos.io/accounts/bankAccount","tab:DEPOSITS","input","hidden",,"","",,,,,"False",,
"https://mgm.ibos.io/accounts/bankAccount","tab:DEPOSITS","input","text",,"","",,,,,"False",,
"https://mgm.ibos.io/accounts/bankAccount","tab:DEPOSITS","input","hidden",,"","",,,,,"False",,
"https://mgm.ibos.io/accounts/bankAccount","tab:DEPOSITS","button","button",,"View","",,,,,"False",,
"https://mgm.ibos.io/accounts/bankAccount","tab:LOANS (BANK)","input","text",,"","","Go to page...",,,,"False",,
"https://mgm.ibos.io/accounts/bankAccount","tab:LOANS (BANK)","button","button",,"","",,,,,"False",,
"https://mgm.ibos.io/accounts/bankAccount","tab:LOANS (BANK)","button","button",,"","",,,,,"False",,
"https://mgm.ibos.io/accounts/bankAccount","tab:LOANS (BANK)","button","button",,"","",,,,,"False",,
"https://mgm.ibos.io/accounts/bankAccount","tab:LOANS (BANK)","button","button",,"","",,,,,"False",,
"https://mgm.ibos.io/accounts/bankAccount","tab:LOANS (BANK)","input",,,"","",,,,,"False",,
"https://mgm.ibos.io/accounts/bankAccount","tab:LOANS (BANK)","input","hidden",,"","40513",,,,,"False",,
"https://mgm.ibos.io/accounts/bankAccount","tab:LOANS (BANK)","button","button",,"Excel","",,,,,"False",,
"https://mgm.ibos.io/accounts/bankAccount","tab:LOANS (BANK)","input","text",,"","","Search....",,,,"False",,
"https://mgm.ibos.io/accounts/bankAccount","tab:LOANS (BANK)","button","button",,"","",,,,,"False",,
"https://mgm.ibos.io/accounts/bankAccount","tab:LOANS (BANK)","button","button",,"Loans","",,,,,"False",,
"https://mgm.ibos.io/accounts/bankAccount","tab:LOANS (BANK)","button","button",,"REGULAR BANKING","",,,,,"False",,
"https://mgm.ibos.io/accounts/bankAccount","tab:LOANS (BANK)","button","button",,"DEPOSITS","",,,,,"False",,
"https://mgm.ibos.io/accounts/bankAccount","tab:LOANS (BANK)","button","button",,"LOANS (BANK)","",,,,,"False",,
"https://mgm.ibos.io/accounts/bankAccount","tab:LOANS (BANK)","button","button",,"FACTORING REPORT","",,,,,"False",,
"https://mgm.ibos.io/accounts/bankAccount","tab:LOANS (BANK)","button","button",,"LOAN (OTHERS)","",,,,,"False",,
"https://mgm.ibos.io/accounts/bankAccount","tab:LOANS (BANK)","input","text",,"","",,,,,"False",,
"https://mgm.ibos.io/accounts/bankAccount","tab:LOANS (BANK)","input","hidden",,"","",,,,,"False",,
"https://mgm.ibos.io/accounts/bankAccount","tab:LOANS (BANK)","input","text",,"","",,,,,"False",,
"https://mgm.ibos.io/accounts/bankAccount","tab:LOANS (BANK)","input","hidden",,"","",,,,,"False",,
"https://mgm.ibos.io/accounts/bankAccount","tab:LOANS (BANK)","input","date",,"","2026-09-01","Date",,,,"False",,
"https://mgm.ibos.io/accounts/bankAccount","tab:LOANS (BANK)","input","date",,"","2026-09-30","Date",,,,"False",,
"https://mgm.ibos.io/accounts/bankAccount","tab:LOANS (BANK)","button","button",,"View","",,,,,"False",,
"https://mgm.ibos.io/accounts/bankAccount","tab:FACTORING REPORT","input","text",,"","","Go to page...",,,,"False",,
"https://mgm.ibos.io/accounts/bankAccount","tab:FACTORING REPORT","button","button",,"","",,,,,"False",,
"https://mgm.ibos.io/accounts/bankAccount","tab:FACTORING REPORT","button","button",,"","",,,,,"False",,
"https://mgm.ibos.io/accounts/bankAccount","tab:FACTORING REPORT","button","button",,"","",,,,,"False",,
"https://mgm.ibos.io/accounts/bankAccount","tab:FACTORING REPORT","button","button",,"","",,,,,"False",,
"https://mgm.ibos.io/accounts/bankAccount","tab:FACTORING REPORT","input",,,"","",,,,,"False",,
"https://mgm.ibos.io/accounts/bankAccount","tab:FACTORING REPORT","input","hidden",,"","40513",,,,,"False",,
"https://mgm.ibos.io/accounts/bankAccount","tab:FACTORING REPORT","button","button",,"Print/PDF","",,,,,"False",,
"https://mgm.ibos.io/accounts/bankAccount","tab:FACTORING REPORT","button","button",,"REGULAR BANKING","",,,,,"False",,
"https://mgm.ibos.io/accounts/bankAccount","tab:FACTORING REPORT","button","button",,"DEPOSITS","",,,,,"False",,
"https://mgm.ibos.io/accounts/bankAccount","tab:FACTORING REPORT","button","button",,"LOANS (BANK)","",,,,,"False",,
"https://mgm.ibos.io/accounts/bankAccount","tab:FACTORING REPORT","button","button",,"FACTORING REPORT","",,,,,"False",,
"https://mgm.ibos.io/accounts/bankAccount","tab:FACTORING REPORT","button","button",,"LOAN (OTHERS)","",,,,,"False",,
"https://mgm.ibos.io/accounts/bankAccount","tab:FACTORING REPORT","input","date",,"","2026-09-01","Date",,,,"False",,
"https://mgm.ibos.io/accounts/bankAccount","tab:FACTORING REPORT","input","date",,"","2026-09-30","Date",,,,"False",,
"https://mgm.ibos.io/accounts/bankAccount","tab:FACTORING REPORT","input","text",,"","",,,,,"False",,
"https://mgm.ibos.io/accounts/bankAccount","tab:FACTORING REPORT","input","text",,"","",,,,,"True",,
"https://mgm.ibos.io/accounts/bankAccount","tab:FACTORING REPORT","input","text",,"","",,,,,"False",,
"https://mgm.ibos.io/accounts/bankAccount","tab:FACTORING REPORT","input","checkbox",,"","on",,,,,"True",,
"https://mgm.ibos.io/accounts/bankAccount","tab:FACTORING REPORT","button","button",,"View","",,,,,"False",,
"https://mgm.ibos.io/accounts/bankAccount","tab:LOAN (OTHERS)","input","text",,"","","Go to page...",,,,"False",,
"https://mgm.ibos.io/accounts/bankAccount","tab:LOAN (OTHERS)","button","button",,"","",,,,,"False",,
"https://mgm.ibos.io/accounts/bankAccount","tab:LOAN (OTHERS)","button","button",,"","",,,,,"False",,
"https://mgm.ibos.io/accounts/bankAccount","tab:LOAN (OTHERS)","button","button",,"","",,,,,"False",,
"https://mgm.ibos.io/accounts/bankAccount","tab:LOAN (OTHERS)","button","button",,"","",,,,,"False",,
"https://mgm.ibos.io/accounts/bankAccount","tab:LOAN (OTHERS)","input",,,"","",,,,,"False",,
"https://mgm.ibos.io/accounts/bankAccount","tab:LOAN (OTHERS)","input","hidden",,"","40513",,,,,"False",,
"https://mgm.ibos.io/accounts/bankAccount","tab:LOAN (OTHERS)","input","text",,"","","Search....",,,,"False",,
"https://mgm.ibos.io/accounts/bankAccount","tab:LOAN (OTHERS)","button","button",,"","",,,,,"False",,
"https://mgm.ibos.io/accounts/bankAccount","tab:LOAN (OTHERS)","button","button",,"EXCEL","",,,,,"False",,
"https://mgm.ibos.io/accounts/bankAccount","tab:LOAN (OTHERS)","button","button",,"Bulk Upload","",,,,,"False",,
"https://mgm.ibos.io/accounts/bankAccount","tab:LOAN (OTHERS)","button","button",,"Loan Partner","",,,,,"False",,
"https://mgm.ibos.io/accounts/bankAccount","tab:LOAN (OTHERS)","button","button",,"REGULAR BANKING","",,,,,"False",,
"https://mgm.ibos.io/accounts/bankAccount","tab:LOAN (OTHERS)","button","button",,"DEPOSITS","",,,,,"False",,
"https://mgm.ibos.io/accounts/bankAccount","tab:LOAN (OTHERS)","button","button",,"LOANS (BANK)","",,,,,"False",,
"https://mgm.ibos.io/accounts/bankAccount","tab:LOAN (OTHERS)","button","button",,"FACTORING REPORT","",,,,,"False",,
"https://mgm.ibos.io/accounts/bankAccount","tab:LOAN (OTHERS)","button","button",,"LOAN (OTHERS)","",,,,,"False",,
"https://mgm.ibos.io/accounts/bankAccount","tab:LOAN (OTHERS)","input","text",,"","",,,,,"False",,
"https://mgm.ibos.io/accounts/bankAccount","tab:LOAN (OTHERS)","input","hidden",,"","",,,,,"False",,
"https://mgm.ibos.io/accounts/bankAccount","tab:LOAN (OTHERS)","input","text",,"","",,,,,"False",,
"https://mgm.ibos.io/accounts/bankAccount","tab:LOAN (OTHERS)","input","hidden",,"","",,,,,"False",,
"https://mgm.ibos.io/accounts/bankAccount","tab:LOAN (OTHERS)","input","text",,"","",,,,,"False",,
"https://mgm.ibos.io/accounts/bankAccount","tab:LOAN (OTHERS)","input","hidden",,"","",,,,,"False",,
"https://mgm.ibos.io/accounts/bankAccount","tab:LOAN (OTHERS)","input","text",,"","",,,,,"False",,
"https://mgm.ibos.io/accounts/bankAccount","tab:LOAN (OTHERS)","input","hidden",,"","",,,,,"False",,
"https://mgm.ibos.io/accounts/bankAccount","tab:LOAN (OTHERS)","button",,,"View","",,,,,"False",,
"https://mgm.ibos.io/accounts/bankAccount","tab:LOAN (OTHERS)","input","checkbox",,"","on",,,,,"False",,
"https://mgm.ibos.io/accounts/bankAccount","tab:LOAN (OTHERS)","button","button",,"","",,,,,"False",,
"https://mgm.ibos.io/accounts/bankAccount","tab:LOAN (OTHERS)","button","button",,"","",,,,,"False",,
"https://mgm.ibos.io/accounts/bankAccount","tab:LOAN (OTHERS)","div",,,"50",,,,,,"False",,
"https://mgm.ibos.io/accounts/bankAccount","tab:LOAN (OTHERS)","input",,,"","50",,,,,"False",,
"https://mgm.ibos.io/accounts/bankAccount","tab:LOAN (OTHERS)","button","button",,"","",,,,,"True",,
"https://mgm.ibos.io/accounts/bankAccount","tab:LOAN (OTHERS)","button","button",,"","",,,,,"True",,
"https://mgm.ibos.io/accounts/budgetSetup","base","input","text",,"","","Go to page...",,,,"False","False","False"
"https://mgm.ibos.io/accounts/budgetSetup","base","button","button",,"","",,,,,"False","False",
"https://mgm.ibos.io/accounts/budgetSetup","base","button","button",,"","",,,,,"False","False",
"https://mgm.ibos.io/accounts/budgetSetup","base","button","button",,"","",,,,,"False","False",
"https://mgm.ibos.io/accounts/budgetSetup","base","button","button",,"","",,,,,"False","False",
"https://mgm.ibos.io/accounts/budgetSetup","base","input",,"combobox","","",,,"react-select-mgm-input",,"False","False","False"
"https://mgm.ibos.io/accounts/budgetSetup","base","input","hidden",,"","40513",,"branchList",,,"False","False","False"
"https://mgm.ibos.io/accounts/budgetSetup","base","div",,"tab","Budget",,,,"rc-tabs-0-tab-budget",,"False","False",
"https://mgm.ibos.io/accounts/budgetSetup","base","button","button",,"","",,,"rc-tabs-0-more",,"False","False",
"https://mgm.ibos.io/accounts/budgetSetup","base","input","text",,"","","Search...",,,,"False","False","False"
"https://mgm.ibos.io/accounts/budgetSetup","base","button","button",,"","",,,,,"False","False",
"https://mgm.ibos.io/accounts/budgetSetup","base","button","button",,"Budget Create","",,,,,"False","False",
"https://mgm.ibos.io/accounts/budgetSetup","base","input","text","combobox","","",,,"MGMForm_statusDDL",,"False","False","False"
"https://mgm.ibos.io/accounts/budgetSetup","base","button","button",,"","",,,,"Expand row","False","False",
"https://mgm.ibos.io/accounts/budgetSetup","base","button","button",,"","",,,,,"True","False",
"https://mgm.ibos.io/accounts/budgetSetup","base","button","button",,"","",,,,,"False","False",
"https://mgm.ibos.io/accounts/budgetSetup","base","button","button",,"","",,,,,"False","False",
"https://mgm.ibos.io/accounts/budgetSetup","base","button","button",,"","",,,,,"False","False",
"https://mgm.ibos.io/accounts/budgetSetup","base","button","button",,"","",,,,"Expand row","False","False",
"https://mgm.ibos.io/accounts/budgetSetup","base","button","button",,"","",,,,,"True","False",
"https://mgm.ibos.io/accounts/budgetSetup","base","button","button",,"","",,,,,"False","False",
"https://mgm.ibos.io/accounts/budgetSetup","base","button","button",,"","",,,,,"False","False",
"https://mgm.ibos.io/accounts/budgetSetup","base","button","button",,"","",,,,,"False","False",
"https://mgm.ibos.io/accounts/budgetSetup","base","select",,,"10 25 50 100 200 500 1000","50",,,,,"False","False",
"https://mgm.ibos.io/accounts/budgetSetup","base","button","button",,"<","",,,,,"True","False",
"https://mgm.ibos.io/accounts/budgetSetup","base","button","button",,"1","",,,,,"False","False",
"https://mgm.ibos.io/accounts/budgetSetup","base","button","button",,">","",,,,,"True","False",
"https://mgm.ibos.io/accounts/budgetSetup","tab:Budget","input","text",,"","","Go to page...",,,,"False",,
"https://mgm.ibos.io/accounts/budgetSetup","tab:Budget","button","button",,"","",,,,,"False",,
"https://mgm.ibos.io/accounts/budgetSetup","tab:Budget","button","button",,"","",,,,,"False",,
"https://mgm.ibos.io/accounts/budgetSetup","tab:Budget","button","button",,"","",,,,,"False",,
"https://mgm.ibos.io/accounts/budgetSetup","tab:Budget","button","button",,"","",,,,,"False",,
"https://mgm.ibos.io/accounts/budgetSetup","tab:Budget","input",,,"","",,,,,"False",,
"https://mgm.ibos.io/accounts/budgetSetup","tab:Budget","input","hidden",,"","40513",,,,,"False",,
"https://mgm.ibos.io/accounts/budgetSetup","tab:Budget","button","button",,"","",,,,,"False",,
"https://mgm.ibos.io/accounts/budgetSetup","tab:Budget","input","text",,"","","Search...",,,,"False",,
"https://mgm.ibos.io/accounts/budgetSetup","tab:Budget","button","button",,"","",,,,,"False",,
"https://mgm.ibos.io/accounts/budgetSetup","tab:Budget","button","button",,"Budget Create","",,,,,"False",,
"https://mgm.ibos.io/accounts/budgetSetup","tab:Budget","input","text",,"","",,,,,"False",,
"https://mgm.ibos.io/accounts/budgetSetup","tab:Budget","button","button",,"","",,,,,"False",,
"https://mgm.ibos.io/accounts/budgetSetup","tab:Budget","button","button",,"","",,,,,"True",,
"https://mgm.ibos.io/accounts/budgetSetup","tab:Budget","button","button",,"","",,,,,"False",,
"https://mgm.ibos.io/accounts/budgetSetup","tab:Budget","button","button",,"","",,,,,"False",,
"https://mgm.ibos.io/accounts/budgetSetup","tab:Budget","button","button",,"","",,,,,"False",,
"https://mgm.ibos.io/accounts/budgetSetup","tab:Budget","button","button",,"","",,,,,"False",,
"https://mgm.ibos.io/accounts/budgetSetup","tab:Budget","button","button",,"","",,,,,"True",,
"https://mgm.ibos.io/accounts/budgetSetup","tab:Budget","button","button",,"","",,,,,"False",,
"https://mgm.ibos.io/accounts/budgetSetup","tab:Budget","button","button",,"","",,,,,"False",,
"https://mgm.ibos.io/accounts/budgetSetup","tab:Budget","button","button",,"","",,,,,"False",,
"https://mgm.ibos.io/accounts/budgetSetup","tab:Budget","select",,,"10 25 50 100 200 500 1000","50",,,,,"False",,
"https://mgm.ibos.io/accounts/budgetSetup","tab:Budget","button","button",,"<","",,,,,"True",,
"https://mgm.ibos.io/accounts/budgetSetup","tab:Budget","button","button",,"1","",,,,,"False",,
"https://mgm.ibos.io/accounts/budgetSetup","tab:Budget","button","button",,">","",,,,,"True",,
"https://mgm.ibos.io/accounts/businessTransaction","base","input","text",,"","","Go to page...",,,,"False","False","False"
"https://mgm.ibos.io/accounts/businessTransaction","base","button","button",,"","",,,,,"False","False",
"https://mgm.ibos.io/accounts/businessTransaction","base","button","button",,"","",,,,,"False","False",
"https://mgm.ibos.io/accounts/businessTransaction","base","button","button",,"","",,,,,"False","False",
"https://mgm.ibos.io/accounts/businessTransaction","base","button","button",,"","",,,,,"False","False",
"https://mgm.ibos.io/accounts/businessTransaction","base","input",,"combobox","","",,,"react-select-mgm-input",,"False","False","False"
"https://mgm.ibos.io/accounts/businessTransaction","base","input","hidden",,"","40513",,"branchList",,,"False","False","False"
"https://mgm.ibos.io/accounts/businessTransaction","base","button","button",,"Journal","",,,,,"False","False",
"https://mgm.ibos.io/accounts/businessTransaction","base","button","button","tab","ACCOUNTING JOURNAL","",,,"simple-tab-0",,"False","False",
"https://mgm.ibos.io/accounts/businessTransaction","base","button","button","tab","PENDING VOUCHER","",,,"simple-tab-1",,"False","False",
"https://mgm.ibos.io/accounts/businessTransaction","base","button","button","tab","VOUCHER REPOSITORY","",,,"simple-tab-2",,"False","False",
"https://mgm.ibos.io/accounts/businessTransaction","tab:ACCOUNTING JOURNAL","input","text",,"","","Go to page...",,,,"False",,
"https://mgm.ibos.io/accounts/businessTransaction","tab:ACCOUNTING JOURNAL","button","button",,"","",,,,,"False",,
"https://mgm.ibos.io/accounts/businessTransaction","tab:ACCOUNTING JOURNAL","button","button",,"","",,,,,"False",,
"https://mgm.ibos.io/accounts/businessTransaction","tab:ACCOUNTING JOURNAL","button","button",,"","",,,,,"False",,
"https://mgm.ibos.io/accounts/businessTransaction","tab:ACCOUNTING JOURNAL","button","button",,"","",,,,,"False",,
"https://mgm.ibos.io/accounts/businessTransaction","tab:ACCOUNTING JOURNAL","input",,,"","",,,,,"False",,
"https://mgm.ibos.io/accounts/businessTransaction","tab:ACCOUNTING JOURNAL","input","hidden",,"","40513",,,,,"False",,
"https://mgm.ibos.io/accounts/businessTransaction","tab:ACCOUNTING JOURNAL","input","text",,"","","Search....",,,,"False",,
"https://mgm.ibos.io/accounts/businessTransaction","tab:ACCOUNTING JOURNAL","button","button",,"","",,,,,"False",,
"https://mgm.ibos.io/accounts/businessTransaction","tab:ACCOUNTING JOURNAL","button","button",,"Journal","",,,,,"False",,
"https://mgm.ibos.io/accounts/businessTransaction","tab:ACCOUNTING JOURNAL","button","button",,"ACCOUNTING JOURNAL","",,,,,"False",,
"https://mgm.ibos.io/accounts/businessTransaction","tab:ACCOUNTING JOURNAL","button","button",,"PENDING VOUCHER","",,,,,"False",,
"https://mgm.ibos.io/accounts/businessTransaction","tab:ACCOUNTING JOURNAL","button","button",,"VOUCHER REPOSITORY","",,,,,"False",,
"https://mgm.ibos.io/accounts/businessTransaction","tab:ACCOUNTING JOURNAL","input","text",,"","",,,,,"False",,
"https://mgm.ibos.io/accounts/businessTransaction","tab:ACCOUNTING JOURNAL","input","hidden",,"","",,,,,"False",,
"https://mgm.ibos.io/accounts/businessTransaction","tab:ACCOUNTING JOURNAL","input","text",,"","",,,,,"False",,
"https://mgm.ibos.io/accounts/businessTransaction","tab:ACCOUNTING JOURNAL","input","hidden",,"","",,,,,"False",,
"https://mgm.ibos.io/accounts/businessTransaction","tab:ACCOUNTING JOURNAL","input","date",,"","2026-09-07","Text",,,,"False",,
"https://mgm.ibos.io/accounts/businessTransaction","tab:ACCOUNTING JOURNAL","input","date",,"","2026-09-13","Text",,,,"False",,
"https://mgm.ibos.io/accounts/businessTransaction","tab:ACCOUNTING JOURNAL","button",,,"View","",,,,,"False",,
"https://mgm.ibos.io/accounts/businessTransaction","tab:PENDING VOUCHER","input","text",,"","","Go to page...",,,,"False",,
"https://mgm.ibos.io/accounts/businessTransaction","tab:PENDING VOUCHER","button","button",,"","",,,,,"False",,
"https://mgm.ibos.io/accounts/businessTransaction","tab:PENDING VOUCHER","button","button",,"","",,,,,"False",,
"https://mgm.ibos.io/accounts/businessTransaction","tab:PENDING VOUCHER","button","button",,"","",,,,,"False",,
"https://mgm.ibos.io/accounts/businessTransaction","tab:PENDING VOUCHER","button","button",,"","",,,,,"False",,
"https://mgm.ibos.io/accounts/businessTransaction","tab:PENDING VOUCHER","input",,,"","",,,,,"False",,
"https://mgm.ibos.io/accounts/businessTransaction","tab:PENDING VOUCHER","input","hidden",,"","40513",,,,,"False",,
"https://mgm.ibos.io/accounts/businessTransaction","tab:PENDING VOUCHER","button","button",,"Journal","",,,,,"False",,
"https://mgm.ibos.io/accounts/businessTransaction","tab:PENDING VOUCHER","button","button",,"ACCOUNTING JOURNAL","",,,,,"False",,
"https://mgm.ibos.io/accounts/businessTransaction","tab:PENDING VOUCHER","button","button",,"PENDING VOUCHER","",,,,,"False",,
"https://mgm.ibos.io/accounts/businessTransaction","tab:PENDING VOUCHER","button","button",,"VOUCHER REPOSITORY","",,,,,"False",,
"https://mgm.ibos.io/accounts/businessTransaction","tab:PENDING VOUCHER","input","text",,"","",,,,,"False",,
"https://mgm.ibos.io/accounts/businessTransaction","tab:PENDING VOUCHER","input","hidden",,"","",,,,,"False",,
"https://mgm.ibos.io/accounts/businessTransaction","tab:PENDING VOUCHER","input","text",,"","",,,,,"False",,
"https://mgm.ibos.io/accounts/businessTransaction","tab:PENDING VOUCHER","input","hidden",,"","",,,,,"False",,
"https://mgm.ibos.io/accounts/businessTransaction","tab:PENDING VOUCHER","input","date",,"","2026-09-07","Text",,,,"False",,
"https://mgm.ibos.io/accounts/businessTransaction","tab:PENDING VOUCHER","input","date",,"","2026-09-13","Text",,,,"False",,
"https://mgm.ibos.io/accounts/businessTransaction","tab:PENDING VOUCHER","button",,,"View","",,,,,"False",,
"https://mgm.ibos.io/accounts/businessTransaction","tab:VOUCHER REPOSITORY","input","text",,"","","Go to page...",,,,"False",,
"https://mgm.ibos.io/accounts/businessTransaction","tab:VOUCHER REPOSITORY","button","button",,"","",,,,,"False",,
"https://mgm.ibos.io/accounts/businessTransaction","tab:VOUCHER REPOSITORY","button","button",,"","",,,,,"False",,
"https://mgm.ibos.io/accounts/businessTransaction","tab:VOUCHER REPOSITORY","button","button",,"","",,,,,"False",,
"https://mgm.ibos.io/accounts/businessTransaction","tab:VOUCHER REPOSITORY","button","button",,"","",,,,,"False",,
"https://mgm.ibos.io/accounts/businessTransaction","tab:VOUCHER REPOSITORY","input",,,"","",,,,,"False",,
"https://mgm.ibos.io/accounts/businessTransaction","tab:VOUCHER REPOSITORY","input","hidden",,"","40513",,,,,"False",,
"https://mgm.ibos.io/accounts/businessTransaction","tab:VOUCHER REPOSITORY","button","button",,"PDF","",,,,,"False",,
"https://mgm.ibos.io/accounts/businessTransaction","tab:VOUCHER REPOSITORY","button","button",,"Export to Excel","",,,,,"False",,
"https://mgm.ibos.io/accounts/businessTransaction","tab:VOUCHER REPOSITORY","button","button",,"Journal","",,,,,"False",,
"https://mgm.ibos.io/accounts/businessTransaction","tab:VOUCHER REPOSITORY","button","button",,"ACCOUNTING JOURNAL","",,,,,"False",,
"https://mgm.ibos.io/accounts/businessTransaction","tab:VOUCHER REPOSITORY","button","button",,"PENDING VOUCHER","",,,,,"False",,
"https://mgm.ibos.io/accounts/businessTransaction","tab:VOUCHER REPOSITORY","button","button",,"VOUCHER REPOSITORY","",,,,,"False",,
"https://mgm.ibos.io/accounts/businessTransaction","tab:VOUCHER REPOSITORY","input","text",,"","",,,,,"False",,
"https://mgm.ibos.io/accounts/businessTransaction","tab:VOUCHER REPOSITORY","input","hidden",,"","",,,,,"False",,
"https://mgm.ibos.io/accounts/businessTransaction","tab:VOUCHER REPOSITORY","input","text",,"","",,,,,"False",,
"https://mgm.ibos.io/accounts/businessTransaction","tab:VOUCHER REPOSITORY","input","hidden",,"","",,,,,"False",,
"https://mgm.ibos.io/accounts/businessTransaction","tab:VOUCHER REPOSITORY","input","text",,"","",,,,,"False",,
"https://mgm.ibos.io/accounts/businessTransaction","tab:VOUCHER REPOSITORY","input","hidden",,"","",,,,,"False",,
"https://mgm.ibos.io/accounts/businessTransaction","tab:VOUCHER REPOSITORY","input","date",,"","2026-09-07","Text",,,,"False",,
"https://mgm.ibos.io/accounts/businessTransaction","tab:VOUCHER REPOSITORY","input","date",,"","2026-09-13","Text",,,,"False",,
"https://mgm.ibos.io/accounts/businessTransaction","tab:VOUCHER REPOSITORY","input","text",,"","",,,,,"False",,
"https://mgm.ibos.io/accounts/businessTransaction","tab:VOUCHER REPOSITORY","button",,,"View","",,,,,"False",,
"https://mgm.ibos.io/accounts/centerSetup","base","input","text",,"","","Go to page...",,,,"False","False","False"
"https://mgm.ibos.io/accounts/centerSetup","base","button","button",,"","",,,,,"False","False",
"https://mgm.ibos.io/accounts/centerSetup","base","button","button",,"","",,,,,"False","False",
"https://mgm.ibos.io/accounts/centerSetup","base","button","button",,"","",,,,,"False","False",
"https://mgm.ibos.io/accounts/centerSetup","base","button","button",,"","",,,,,"False","False",
"https://mgm.ibos.io/accounts/centerSetup","base","input",,"combobox","","",,,"react-select-mgm-input",,"False","False","False"
"https://mgm.ibos.io/accounts/centerSetup","base","input","hidden",,"","40513",,"branchList",,,"False","False","False"
"https://mgm.ibos.io/accounts/centerSetup","base","input","text",,"","","Search....",,,"search","False","False","False"
"https://mgm.ibos.io/accounts/centerSetup","base","button","button",,"","",,,,"menu","False","False",
"https://mgm.ibos.io/accounts/centerSetup","base","button","button",,"Center Setup","",,,,,"False","False",
"https://mgm.ibos.io/accounts/centerSetup","base","input","text","combobox","","",,,"react-select-mgm-input",,"False","False","False"
"https://mgm.ibos.io/accounts/centerSetup","base","input","hidden",,"","",,"office",,,"False","False","False"
"https://mgm.ibos.io/accounts/centerSetup","base","input","text","combobox","","",,,"react-select-mgm-input",,"False","False","False"
"https://mgm.ibos.io/accounts/centerSetup","base","input","hidden",,"","",,"financialTypeCenter",,,"False","False","False"
"https://mgm.ibos.io/accounts/centerSetup","base","input","date",,"","2026-08-13","From Date","fromDate",,,"False","False","False"
"https://mgm.ibos.io/accounts/centerSetup","base","input","date",,"","2026-09-13","To Date","toDate",,,"False","False","False"
"https://mgm.ibos.io/accounts/centerSetup","base","button",,,"View","",,,,,"False","False",
"https://mgm.ibos.io/accounts/chequeDesign","base","input","text",,"","","Go to page...",,,,"False","False","False"
"https://mgm.ibos.io/accounts/chequeDesign","base","button","button",,"","",,,,,"False","False",
"https://mgm.ibos.io/accounts/chequeDesign","base","button","button",,"","",,,,,"False","False",
"https://mgm.ibos.io/accounts/chequeDesign","base","button","button",,"","",,,,,"False","False",
"https://mgm.ibos.io/accounts/chequeDesign","base","button","button",,"","",,,,,"False","False",
"https://mgm.ibos.io/accounts/chequeDesign","base","input",,"combobox","","",,,"react-select-mgm-input",,"False","False","False"
"https://mgm.ibos.io/accounts/chequeDesign","base","input","hidden",,"","40513",,"branchList",,,"False","False","False"
"https://mgm.ibos.io/accounts/chequeDesign","base","button","button",,"Create","",,,,,"False","False",
"https://mgm.ibos.io/accounts/chequeDesign","base","input","text","combobox","","",,,"react-select-mgm-input",,"False","False","False"
"https://mgm.ibos.io/accounts/chequeDesign","base","input","hidden",,"","0",,"bank",,,"False","False","False"
"https://mgm.ibos.io/accounts/chequeDesign","base","button","button",,"View","",,,,,"False","False",
"https://mgm.ibos.io/accounts/chequeDesign","base","button","button",,"","",,,,,"False","False",
"https://mgm.ibos.io/accounts/chequeDesign","base","button","button",,"","",,,,,"False","False",
"https://mgm.ibos.io/accounts/chequeDesign","base","button","button",,"","",,,,,"False","False",
"https://mgm.ibos.io/accounts/chequeDesign","base","div",,"combobox","50",,,,"_r_9_",,"False","False",
"https://mgm.ibos.io/accounts/chequeDesign","base","input",,,"","50",,,,,"False","False","False"
"https://mgm.ibos.io/accounts/chequeDesign","base","button","button",,"","",,,,"Go to previous page","True","False",
"https://mgm.ibos.io/accounts/chequeDesign","base","button","button",,"","",,,,"Go to next page","True","False",
"https://mgm.ibos.io/accounts/chequeIssue","base","input","text",,"","","Go to page...",,,,"False","False","False"
"https://mgm.ibos.io/accounts/chequeIssue","base","button","button",,"","",,,,,"False","False",
"https://mgm.ibos.io/accounts/chequeIssue","base","button","button",,"","",,,,,"False","False",
"https://mgm.ibos.io/accounts/chequeIssue","base","button","button",,"","",,,,,"False","False",
"https://mgm.ibos.io/accounts/chequeIssue","base","button","button",,"","",,,,,"False","False",
"https://mgm.ibos.io/accounts/chequeIssue","base","input",,"combobox","","",,,"react-select-mgm-input",,"False","False","False"
"https://mgm.ibos.io/accounts/chequeIssue","base","input","hidden",,"","40513",,"branchList",,,"False","False","False"
"https://mgm.ibos.io/accounts/chequeIssue","base","button","button",,"Create","",,,,,"False","False",
"https://mgm.ibos.io/accounts/chequeIssue","base","input","text","combobox","","",,,"react-select-mgm-input",,"False","False","False"
"https://mgm.ibos.io/accounts/chequeIssue","base","input","hidden",,"","0",,"bank",,,"False","False","False"
"https://mgm.ibos.io/accounts/chequeIssue","base","input","text","combobox","","",,,"react-select-mgm-input",,"False","False","False"
"https://mgm.ibos.io/accounts/chequeIssue","base","button","button",,"View","",,,,,"False","False",
"https://mgm.ibos.io/accounts/chequeSetup","base","input","text",,"","","Go to page...",,,,"False","False","False"
"https://mgm.ibos.io/accounts/chequeSetup","base","button","button",,"","",,,,,"False","False",
"https://mgm.ibos.io/accounts/chequeSetup","base","button","button",,"","",,,,,"False","False",
"https://mgm.ibos.io/accounts/chequeSetup","base","button","button",,"","",,,,,"False","False",
"https://mgm.ibos.io/accounts/chequeSetup","base","button","button",,"","",,,,,"False","False",
"https://mgm.ibos.io/accounts/chequeSetup","base","input",,"combobox","","",,,"react-select-mgm-input",,"False","False","False"
"https://mgm.ibos.io/accounts/chequeSetup","base","input","hidden",,"","40513",,"branchList",,,"False","False","False"
"https://mgm.ibos.io/accounts/chequeSetup","base","input","text",,"","","Search....",,,"search","False","False","False"
"https://mgm.ibos.io/accounts/chequeSetup","base","button","button",,"","",,,,"menu","False","False",
"https://mgm.ibos.io/accounts/chequeSetup","base","button","button",,"New Cheque","",,,,,"False","False",
"https://mgm.ibos.io/accounts/chequeSetup","base","button","button","tab","CHEQUE REGISTER","",,,"simple-tab-0",,"False","False",
"https://mgm.ibos.io/accounts/chequeSetup","base","button","button","tab","OUTGOING CHEQUE REPORT","",,,"simple-tab-1",,"False","False",
"https://mgm.ibos.io/accounts/chequeSetup","base","button","button","tab","POST DATE CHEQUE REPORT","",,,"simple-tab-2",,"False","False",
"https://mgm.ibos.io/accounts/chequeSetup","base","button","button","tab","RECEIVE CHEQUE REPORT","",,,"simple-tab-3",,"False","False",
"https://mgm.ibos.io/accounts/chequeSetup","base","input","text","combobox","","",,,"react-select-mgm-input",,"False","False","False"
"https://mgm.ibos.io/accounts/chequeSetup","base","input","hidden",,"","",,"bank",,,"False","False","False"
"https://mgm.ibos.io/accounts/chequeSetup","base","input","date",,"","2026-08-13","From Date","fromDate",,,"False","False","False"
"https://mgm.ibos.io/accounts/chequeSetup","base","input","date",,"","2026-09-13","To Date","toDate",,,"False","False","False"
"https://mgm.ibos.io/accounts/chequeSetup","base","button","submit",,"View","",,,,,"False","False",
"https://mgm.ibos.io/accounts/chequeSetup","tab:CHEQUE REGISTER","input","text",,"","","Go to page...",,,,"False",,
"https://mgm.ibos.io/accounts/chequeSetup","tab:CHEQUE REGISTER","button","button",,"","",,,,,"False",,
"https://mgm.ibos.io/accounts/chequeSetup","tab:CHEQUE REGISTER","button","button",,"","",,,,,"False",,
"https://mgm.ibos.io/accounts/chequeSetup","tab:CHEQUE REGISTER","button","button",,"","",,,,,"False",,
"https://mgm.ibos.io/accounts/chequeSetup","tab:CHEQUE REGISTER","button","button",,"","",,,,,"False",,
"https://mgm.ibos.io/accounts/chequeSetup","tab:CHEQUE REGISTER","input",,,"","",,,,,"False",,
"https://mgm.ibos.io/accounts/chequeSetup","tab:CHEQUE REGISTER","input","hidden",,"","40513",,,,,"False",,
"https://mgm.ibos.io/accounts/chequeSetup","tab:CHEQUE REGISTER","input","text",,"","","Search....",,,,"False",,
"https://mgm.ibos.io/accounts/chequeSetup","tab:CHEQUE REGISTER","button","button",,"","",,,,,"False",,
"https://mgm.ibos.io/accounts/chequeSetup","tab:CHEQUE REGISTER","button","button",,"New Cheque","",,,,,"False",,
"https://mgm.ibos.io/accounts/chequeSetup","tab:CHEQUE REGISTER","button","button",,"CHEQUE REGISTER","",,,,,"False",,
"https://mgm.ibos.io/accounts/chequeSetup","tab:CHEQUE REGISTER","button","button",,"OUTGOING CHEQUE REPORT","",,,,,"False",,
"https://mgm.ibos.io/accounts/chequeSetup","tab:CHEQUE REGISTER","button","button",,"POST DATE CHEQUE REPORT","",,,,,"False",,
"https://mgm.ibos.io/accounts/chequeSetup","tab:CHEQUE REGISTER","button","button",,"RECEIVE CHEQUE REPORT","",,,,,"False",,
"https://mgm.ibos.io/accounts/chequeSetup","tab:CHEQUE REGISTER","input","text",,"","",,,,,"False",,
"https://mgm.ibos.io/accounts/chequeSetup","tab:CHEQUE REGISTER","input","hidden",,"","",,,,,"False",,
"https://mgm.ibos.io/accounts/chequeSetup","tab:CHEQUE REGISTER","input","text",,"","",,,,,"False",,
"https://mgm.ibos.io/accounts/chequeSetup","tab:CHEQUE REGISTER","input","hidden",,"","",,,,,"False",,
"https://mgm.ibos.io/accounts/chequeSetup","tab:CHEQUE REGISTER","button","submit",,"View","",,,,,"False",,
"https://mgm.ibos.io/accounts/chequeSetup","tab:OUTGOING CHEQUE REPORT","input","text",,"","","Go to page...",,,,"False",,
"https://mgm.ibos.io/accounts/chequeSetup","tab:OUTGOING CHEQUE REPORT","button","button",,"","",,,,,"False",,
"https://mgm.ibos.io/accounts/chequeSetup","tab:OUTGOING CHEQUE REPORT","button","button",,"","",,,,,"False",,
"https://mgm.ibos.io/accounts/chequeSetup","tab:OUTGOING CHEQUE REPORT","button","button",,"","",,,,,"False",,
"https://mgm.ibos.io/accounts/chequeSetup","tab:OUTGOING CHEQUE REPORT","button","button",,"","",,,,,"False",,
"https://mgm.ibos.io/accounts/chequeSetup","tab:OUTGOING CHEQUE REPORT","input",,,"","",,,,,"False",,
"https://mgm.ibos.io/accounts/chequeSetup","tab:OUTGOING CHEQUE REPORT","input","hidden",,"","40513",,,,,"False",,
"https://mgm.ibos.io/accounts/chequeSetup","tab:OUTGOING CHEQUE REPORT","input","text",,"","","Search....",,,,"False",,
"https://mgm.ibos.io/accounts/chequeSetup","tab:OUTGOING CHEQUE REPORT","button","button",,"","",,,,,"False",,
"https://mgm.ibos.io/accounts/chequeSetup","tab:OUTGOING CHEQUE REPORT","button","button",,"New Cheque","",,,,,"False",,
"https://mgm.ibos.io/accounts/chequeSetup","tab:OUTGOING CHEQUE REPORT","button","button",,"CHEQUE REGISTER","",,,,,"False",,
"https://mgm.ibos.io/accounts/chequeSetup","tab:OUTGOING CHEQUE REPORT","button","button",,"OUTGOING CHEQUE REPORT","",,,,,"False",,
"https://mgm.ibos.io/accounts/chequeSetup","tab:OUTGOING CHEQUE REPORT","button","button",,"POST DATE CHEQUE REPORT","",,,,,"False",,
"https://mgm.ibos.io/accounts/chequeSetup","tab:OUTGOING CHEQUE REPORT","button","button",,"RECEIVE CHEQUE REPORT","",,,,,"False",,
"https://mgm.ibos.io/accounts/chequeSetup","tab:OUTGOING CHEQUE REPORT","input","text",,"","",,,,,"False",,
"https://mgm.ibos.io/accounts/chequeSetup","tab:OUTGOING CHEQUE REPORT","input","hidden",,"","",,,,,"False",,
"https://mgm.ibos.io/accounts/chequeSetup","tab:OUTGOING CHEQUE REPORT","input","text",,"","",,,,,"False",,
"https://mgm.ibos.io/accounts/chequeSetup","tab:OUTGOING CHEQUE REPORT","input","hidden",,"","",,,,,"False",,
"https://mgm.ibos.io/accounts/chequeSetup","tab:OUTGOING CHEQUE REPORT","input","date",,"","2026-08-13","From Date",,,,"False",,
"https://mgm.ibos.io/accounts/chequeSetup","tab:OUTGOING CHEQUE REPORT","input","date",,"","2026-09-13","To Date",,,,"False",,
"https://mgm.ibos.io/accounts/chequeSetup","tab:OUTGOING CHEQUE REPORT","button","submit",,"View","",,,,,"False",,
"https://mgm.ibos.io/accounts/chequeSetup","tab:POST DATE CHEQUE REPORT","input","text",,"","","Go to page...",,,,"False",,
"https://mgm.ibos.io/accounts/chequeSetup","tab:POST DATE CHEQUE REPORT","button","button",,"","",,,,,"False",,
"https://mgm.ibos.io/accounts/chequeSetup","tab:POST DATE CHEQUE REPORT","button","button",,"","",,,,,"False",,
"https://mgm.ibos.io/accounts/chequeSetup","tab:POST DATE CHEQUE REPORT","button","button",,"","",,,,,"False",,
"https://mgm.ibos.io/accounts/chequeSetup","tab:POST DATE CHEQUE REPORT","button","button",,"","",,,,,"False",,
"https://mgm.ibos.io/accounts/chequeSetup","tab:POST DATE CHEQUE REPORT","input",,,"","",,,,,"False",,
"https://mgm.ibos.io/accounts/chequeSetup","tab:POST DATE CHEQUE REPORT","input","hidden",,"","40513",,,,,"False",,
"https://mgm.ibos.io/accounts/chequeSetup","tab:POST DATE CHEQUE REPORT","input","text",,"","","Search....",,,,"False",,
"https://mgm.ibos.io/accounts/chequeSetup","tab:POST DATE CHEQUE REPORT","button","button",,"","",,,,,"False",,
"https://mgm.ibos.io/accounts/chequeSetup","tab:POST DATE CHEQUE REPORT","button","button",,"New Cheque","",,,,,"False",,
"https://mgm.ibos.io/accounts/chequeSetup","tab:POST DATE CHEQUE REPORT","button","button",,"CHEQUE REGISTER","",,,,,"False",,
"https://mgm.ibos.io/accounts/chequeSetup","tab:POST DATE CHEQUE REPORT","button","button",,"OUTGOING CHEQUE REPORT","",,,,,"False",,
"https://mgm.ibos.io/accounts/chequeSetup","tab:POST DATE CHEQUE REPORT","button","button",,"POST DATE CHEQUE REPORT","",,,,,"False",,
"https://mgm.ibos.io/accounts/chequeSetup","tab:POST DATE CHEQUE REPORT","button","button",,"RECEIVE CHEQUE REPORT","",,,,,"False",,
"https://mgm.ibos.io/accounts/chequeSetup","tab:POST DATE CHEQUE REPORT","input","text",,"","",,,,,"False",,
"https://mgm.ibos.io/accounts/chequeSetup","tab:POST DATE CHEQUE REPORT","input","hidden",,"","",,,,,"False",,
"https://mgm.ibos.io/accounts/chequeSetup","tab:POST DATE CHEQUE REPORT","input","date",,"","2026-08-13","From Date",,,,"False",,
"https://mgm.ibos.io/accounts/chequeSetup","tab:POST DATE CHEQUE REPORT","input","date",,"","2026-09-13","To Date",,,,"False",,
"https://mgm.ibos.io/accounts/chequeSetup","tab:POST DATE CHEQUE REPORT","button","submit",,"View","",,,,,"False",,
"https://mgm.ibos.io/accounts/chequeSetup","tab:RECEIVE CHEQUE REPORT","input","text",,"","","Go to page...",,,,"False",,
"https://mgm.ibos.io/accounts/chequeSetup","tab:RECEIVE CHEQUE REPORT","button","button",,"","",,,,,"False",,
"https://mgm.ibos.io/accounts/chequeSetup","tab:RECEIVE CHEQUE REPORT","button","button",,"","",,,,,"False",,
"https://mgm.ibos.io/accounts/chequeSetup","tab:RECEIVE CHEQUE REPORT","button","button",,"","",,,,,"False",,
"https://mgm.ibos.io/accounts/chequeSetup","tab:RECEIVE CHEQUE REPORT","button","button",,"","",,,,,"False",,
"https://mgm.ibos.io/accounts/chequeSetup","tab:RECEIVE CHEQUE REPORT","input",,,"","",,,,,"False",,
"https://mgm.ibos.io/accounts/chequeSetup","tab:RECEIVE CHEQUE REPORT","input","hidden",,"","40513",,,,,"False",,
"https://mgm.ibos.io/accounts/chequeSetup","tab:RECEIVE CHEQUE REPORT","input","text",,"","","Search....",,,,"False",,
"https://mgm.ibos.io/accounts/chequeSetup","tab:RECEIVE CHEQUE REPORT","button","button",,"","",,,,,"False",,
"https://mgm.ibos.io/accounts/chequeSetup","tab:RECEIVE CHEQUE REPORT","button","button",,"Receive Cheque","",,,,,"False",,
"https://mgm.ibos.io/accounts/chequeSetup","tab:RECEIVE CHEQUE REPORT","button","button",,"CHEQUE REGISTER","",,,,,"False",,
"https://mgm.ibos.io/accounts/chequeSetup","tab:RECEIVE CHEQUE REPORT","button","button",,"OUTGOING CHEQUE REPORT","",,,,,"False",,
"https://mgm.ibos.io/accounts/chequeSetup","tab:RECEIVE CHEQUE REPORT","button","button",,"POST DATE CHEQUE REPORT","",,,,,"False",,
"https://mgm.ibos.io/accounts/chequeSetup","tab:RECEIVE CHEQUE REPORT","button","button",,"RECEIVE CHEQUE REPORT","",,,,,"False",,
"https://mgm.ibos.io/accounts/chequeSetup","tab:RECEIVE CHEQUE REPORT","input","date",,"","2026-08-13","From Date",,,,"False",,
"https://mgm.ibos.io/accounts/chequeSetup","tab:RECEIVE CHEQUE REPORT","input","date",,"","2026-09-13","To Date",,,,"False",,
"https://mgm.ibos.io/accounts/chequeSetup","tab:RECEIVE CHEQUE REPORT","input","radio",,"","all",,,,,"False",,
"https://mgm.ibos.io/accounts/chequeSetup","tab:RECEIVE CHEQUE REPORT","input","radio",,"","deposited",,,,,"False",,
"https://mgm.ibos.io/accounts/chequeSetup","tab:RECEIVE CHEQUE REPORT","input","radio",,"","notDeposited",,,,,"False",,
"https://mgm.ibos.io/accounts/expenseIncomeHead","base","input","text",,"","","Go to page...",,,,"False","False","False"
"https://mgm.ibos.io/accounts/expenseIncomeHead","base","button","button",,"","",,,,,"False","False",
"https://mgm.ibos.io/accounts/expenseIncomeHead","base","button","button",,"","",,,,,"False","False",
"https://mgm.ibos.io/accounts/expenseIncomeHead","base","button","button",,"","",,,,,"False","False",
"https://mgm.ibos.io/accounts/expenseIncomeHead","base","button","button",,"","",,,,,"False","False",
"https://mgm.ibos.io/accounts/expenseIncomeHead","base","input",,"combobox","","",,,"react-select-mgm-input",,"False","False","False"
"https://mgm.ibos.io/accounts/expenseIncomeHead","base","input","hidden",,"","40513",,"branchList",,,"False","False","False"
"https://mgm.ibos.io/accounts/expenseIncomeHead","base","button","button",,"Create Upload","",,,,,"False","False",
"https://mgm.ibos.io/accounts/expenseIncomeHead","base","button","button",,"EXPORT EXCEL","",,,,,"False","False",
"https://mgm.ibos.io/accounts/expenseIncomeHead","base","button","button",,"PRINT/PDF","",,,,,"False","False",
"https://mgm.ibos.io/accounts/expenseIncomeHead","base","button","button","tab","TABLE VIEW","",,,,,"False","False",
"https://mgm.ibos.io/accounts/expenseIncomeHead","base","button","button","tab","TREE VIEW","",,,,,"False","False",
"https://mgm.ibos.io/accounts/expenseIncomeHead","base","button","button","tab","COA PERMISSION","",,,,,"False","False",
"https://mgm.ibos.io/accounts/expenseIncomeHead","base","input","text","combobox","","",,,"react-select-mgm-input",,"False","False","False"
"https://mgm.ibos.io/accounts/expenseIncomeHead","base","input","hidden",,"","1",,"status",,,"False","False","False"
"https://mgm.ibos.io/accounts/expenseIncomeHead","tab:TABLE VIEW","input","text",,"","","Go to page...",,,,"False",,
"https://mgm.ibos.io/accounts/expenseIncomeHead","tab:TABLE VIEW","button","button",,"","",,,,,"False",,
"https://mgm.ibos.io/accounts/expenseIncomeHead","tab:TABLE VIEW","button","button",,"","",,,,,"False",,
"https://mgm.ibos.io/accounts/expenseIncomeHead","tab:TABLE VIEW","button","button",,"","",,,,,"False",,
"https://mgm.ibos.io/accounts/expenseIncomeHead","tab:TABLE VIEW","button","button",,"","",,,,,"False",,
"https://mgm.ibos.io/accounts/expenseIncomeHead","tab:TABLE VIEW","input",,,"","",,,,,"False",,
"https://mgm.ibos.io/accounts/expenseIncomeHead","tab:TABLE VIEW","input","hidden",,"","40513",,,,,"False",,
"https://mgm.ibos.io/accounts/expenseIncomeHead","tab:TABLE VIEW","button","button",,"Create Upload","",,,,,"False",,
"https://mgm.ibos.io/accounts/expenseIncomeHead","tab:TABLE VIEW","button","button",,"EXPORT EXCEL","",,,,,"False",,
"https://mgm.ibos.io/accounts/expenseIncomeHead","tab:TABLE VIEW","button","button",,"PRINT/PDF","",,,,,"False",,
"https://mgm.ibos.io/accounts/expenseIncomeHead","tab:TABLE VIEW","button","button",,"TABLE VIEW","",,,,,"False",,
"https://mgm.ibos.io/accounts/expenseIncomeHead","tab:TABLE VIEW","button","button",,"TREE VIEW","",,,,,"False",,
"https://mgm.ibos.io/accounts/expenseIncomeHead","tab:TABLE VIEW","button","button",,"COA PERMISSION","",,,,,"False",,
"https://mgm.ibos.io/accounts/expenseIncomeHead","tab:TABLE VIEW","input","text",,"","",,,,,"False",,
"https://mgm.ibos.io/accounts/expenseIncomeHead","tab:TABLE VIEW","input","hidden",,"","1",,,,,"False",,
"https://mgm.ibos.io/accounts/expenseIncomeHead","tab:TABLE VIEW","input","checkbox",,"","on",,,,,"False",,
"https://mgm.ibos.io/accounts/expenseIncomeHead","tab:TABLE VIEW","input","checkbox",,"","on",,,,,"False",,
"https://mgm.ibos.io/accounts/expenseIncomeHead","tab:TABLE VIEW","input","checkbox",,"","on",,,,,"False",,
"https://mgm.ibos.io/accounts/expenseIncomeHead","tab:TABLE VIEW","input","checkbox",,"","on",,,,,"False",,
"https://mgm.ibos.io/accounts/expenseIncomeHead","tab:TABLE VIEW","input","checkbox",,"","on",,,,,"False",,
"https://mgm.ibos.io/accounts/expenseIncomeHead","tab:TABLE VIEW","input","checkbox",,"","on",,,,,"False",,
"https://mgm.ibos.io/accounts/expenseIncomeHead","tab:TABLE VIEW","input","checkbox",,"","on",,,,,"False",,
"https://mgm.ibos.io/accounts/expenseIncomeHead","tab:TABLE VIEW","input","checkbox",,"","on",,,,,"False",,
"https://mgm.ibos.io/accounts/expenseIncomeHead","tab:TABLE VIEW","input","checkbox",,"","on",,,,,"False",,
"https://mgm.ibos.io/accounts/expenseIncomeHead","tab:TABLE VIEW","input","checkbox",,"","on",,,,,"False",,
"https://mgm.ibos.io/accounts/expenseIncomeHead","tab:TABLE VIEW","input","checkbox",,"","on",,,,,"False",,
"https://mgm.ibos.io/accounts/expenseIncomeHead","tab:TABLE VIEW","input","checkbox",,"","on",,,,,"False",,
"https://mgm.ibos.io/accounts/expenseIncomeHead","tab:TABLE VIEW","input","checkbox",,"","on",,,,,"False",,
"https://mgm.ibos.io/accounts/expenseIncomeHead","tab:TABLE VIEW","input","checkbox",,"","on",,,,,"False",,
"https://mgm.ibos.io/accounts/expenseIncomeHead","tab:TABLE VIEW","input","checkbox",,"","on",,,,,"False",,
"https://mgm.ibos.io/accounts/expenseIncomeHead","tab:TABLE VIEW","input","checkbox",,"","on",,,,,"False",,
"https://mgm.ibos.io/accounts/expenseIncomeHead","tab:TABLE VIEW","input","checkbox",,"","on",,,,,"False",,
"https://mgm.ibos.io/accounts/expenseIncomeHead","tab:TABLE VIEW","input","checkbox",,"","on",,,,,"False",,
"https://mgm.ibos.io/accounts/expenseIncomeHead","tab:TABLE VIEW","input","checkbox",,"","on",,,,,"False",,
"https://mgm.ibos.io/accounts/expenseIncomeHead","tab:TABLE VIEW","input","checkbox",,"","on",,,,,"False",,
"https://mgm.ibos.io/accounts/expenseIncomeHead","tab:TABLE VIEW","input","checkbox",,"","on",,,,,"False",,
"https://mgm.ibos.io/accounts/expenseIncomeHead","tab:TABLE VIEW","input","checkbox",,"","on",,,,,"False",,
"https://mgm.ibos.io/accounts/expenseIncomeHead","tab:TABLE VIEW","input","checkbox",,"","on",,,,,"False",,
"https://mgm.ibos.io/accounts/expenseIncomeHead","tab:TABLE VIEW","input","checkbox",,"","on",,,,,"False",,
"https://mgm.ibos.io/accounts/expenseIncomeHead","tab:TABLE VIEW","input","checkbox",,"","on",,,,,"False",,
"https://mgm.ibos.io/accounts/expenseIncomeHead","tab:TABLE VIEW","input","checkbox",,"","on",,,,,"False",,
"https://mgm.ibos.io/accounts/expenseIncomeHead","tab:TABLE VIEW","input","checkbox",,"","on",,,,,"False",,
"https://mgm.ibos.io/accounts/expenseIncomeHead","tab:TABLE VIEW","input","checkbox",,"","on",,,,,"False",,
"https://mgm.ibos.io/accounts/expenseIncomeHead","tab:TABLE VIEW","input","checkbox",,"","on",,,,,"False",,
"https://mgm.ibos.io/accounts/expenseIncomeHead","tab:TABLE VIEW","input","checkbox",,"","on",,,,,"False",,
"https://mgm.ibos.io/accounts/expenseIncomeHead","tab:TABLE VIEW","input","checkbox",,"","on",,,,,"False",,
"https://mgm.ibos.io/accounts/expenseIncomeHead","tab:TABLE VIEW","input","checkbox",,"","on",,,,,"False",,
"https://mgm.ibos.io/accounts/expenseIncomeHead","tab:TABLE VIEW","input","checkbox",,"","on",,,,,"False",,
"https://mgm.ibos.io/accounts/expenseIncomeHead","tab:TABLE VIEW","input","checkbox",,"","on",,,,,"False",,
"https://mgm.ibos.io/accounts/expenseIncomeHead","tab:TABLE VIEW","input","checkbox",,"","on",,,,,"False",,
"https://mgm.ibos.io/accounts/expenseIncomeHead","tab:TABLE VIEW","input","checkbox",,"","on",,,,,"False",,
"https://mgm.ibos.io/accounts/expenseIncomeHead","tab:TABLE VIEW","input","checkbox",,"","on",,,,,"False",,
"https://mgm.ibos.io/accounts/expenseIncomeHead","tab:TABLE VIEW","input","checkbox",,"","on",,,,,"False",,
"https://mgm.ibos.io/accounts/expenseIncomeHead","tab:TABLE VIEW","input","checkbox",,"","on",,,,,"False",,
"https://mgm.ibos.io/accounts/expenseIncomeHead","tab:TABLE VIEW","input","checkbox",,"","on",,,,,"False",,
"https://mgm.ibos.io/accounts/expenseIncomeHead","tab:TABLE VIEW","input","checkbox",,"","on",,,,,"False",,
"https://mgm.ibos.io/accounts/expenseIncomeHead","tab:TABLE VIEW","input","checkbox",,"","on",,,,,"False",,
"https://mgm.ibos.io/accounts/expenseIncomeHead","tab:TABLE VIEW","input","checkbox",,"","on",,,,,"False",,
"https://mgm.ibos.io/accounts/expenseIncomeHead","tab:TABLE VIEW","input","checkbox",,"","on",,,,,"False",,
"https://mgm.ibos.io/accounts/expenseIncomeHead","tab:TABLE VIEW","input","checkbox",,"","on",,,,,"False",,
"https://mgm.ibos.io/accounts/expenseIncomeHead","tab:TABLE VIEW","input","checkbox",,"","on",,,,,"False",,
"https://mgm.ibos.io/accounts/expenseIncomeHead","tab:TABLE VIEW","input","checkbox",,"","on",,,,,"False",,
"https://mgm.ibos.io/accounts/expenseIncomeHead","tab:TABLE VIEW","input","checkbox",,"","on",,,,,"False",,
"https://mgm.ibos.io/accounts/expenseIncomeHead","tab:TABLE VIEW","input","checkbox",,"","on",,,,,"False",,
"https://mgm.ibos.io/accounts/expenseIncomeHead","tab:TABLE VIEW","input","checkbox",,"","on",,,,,"False",,
"https://mgm.ibos.io/accounts/expenseIncomeHead","tab:TABLE VIEW","input","checkbox",,"","on",,,,,"False",,
"https://mgm.ibos.io/accounts/expenseIncomeHead","tab:TABLE VIEW","input","checkbox",,"","on",,,,,"False",,
"https://mgm.ibos.io/accounts/expenseIncomeHead","tab:TABLE VIEW","input","checkbox",,"","on",,,,,"False",,
"https://mgm.ibos.io/accounts/expenseIncomeHead","tab:TABLE VIEW","input","checkbox",,"","on",,,,,"False",,
"https://mgm.ibos.io/accounts/expenseIncomeHead","tab:TREE VIEW","input","text",,"","","Go to page...",,,,"False",,
"https://mgm.ibos.io/accounts/expenseIncomeHead","tab:TREE VIEW","button","button",,"","",,,,,"False",,
"https://mgm.ibos.io/accounts/expenseIncomeHead","tab:TREE VIEW","button","button",,"","",,,,,"False",,
"https://mgm.ibos.io/accounts/expenseIncomeHead","tab:TREE VIEW","button","button",,"","",,,,,"False",,
"https://mgm.ibos.io/accounts/expenseIncomeHead","tab:TREE VIEW","button","button",,"","",,,,,"False",,
"https://mgm.ibos.io/accounts/expenseIncomeHead","tab:TREE VIEW","input",,,"","",,,,,"False",,
"https://mgm.ibos.io/accounts/expenseIncomeHead","tab:TREE VIEW","input","hidden",,"","40513",,,,,"False",,
"https://mgm.ibos.io/accounts/expenseIncomeHead","tab:TREE VIEW","button","button",,"PRINT/PDF","",,,,,"False",,
"https://mgm.ibos.io/accounts/expenseIncomeHead","tab:TREE VIEW","button","button",,"TABLE VIEW","",,,,,"False",,
"https://mgm.ibos.io/accounts/expenseIncomeHead","tab:TREE VIEW","button","button",,"TREE VIEW","",,,,,"False",,
"https://mgm.ibos.io/accounts/expenseIncomeHead","tab:TREE VIEW","button","button",,"COA PERMISSION","",,,,,"False",,
"https://mgm.ibos.io/accounts/expenseIncomeHead","tab:COA PERMISSION","input","text",,"","","Go to page...",,,,"False",,
"https://mgm.ibos.io/accounts/expenseIncomeHead","tab:COA PERMISSION","button","button",,"","",,,,,"False",,
"https://mgm.ibos.io/accounts/expenseIncomeHead","tab:COA PERMISSION","button","button",,"","",,,,,"False",,
"https://mgm.ibos.io/accounts/expenseIncomeHead","tab:COA PERMISSION","button","button",,"","",,,,,"False",,
"https://mgm.ibos.io/accounts/expenseIncomeHead","tab:COA PERMISSION","button","button",,"","",,,,,"False",,
"https://mgm.ibos.io/accounts/expenseIncomeHead","tab:COA PERMISSION","input",,,"","",,,,,"False",,
"https://mgm.ibos.io/accounts/expenseIncomeHead","tab:COA PERMISSION","input","hidden",,"","40513",,,,,"False",,
"https://mgm.ibos.io/accounts/expenseIncomeHead","tab:COA PERMISSION","button","button",,"TABLE VIEW","",,,,,"False",,
"https://mgm.ibos.io/accounts/expenseIncomeHead","tab:COA PERMISSION","button","button",,"TREE VIEW","",,,,,"False",,
"https://mgm.ibos.io/accounts/expenseIncomeHead","tab:COA PERMISSION","button","button",,"COA PERMISSION","",,,,,"False",,
"https://mgm.ibos.io/accounts/expenseIncomeHead","tab:COA PERMISSION","button","button",,"Create","",,,,,"False",,
"https://mgm.ibos.io/accounts/expenseIncomeHead","tab:COA PERMISSION","input","text",,"","",,,,,"False",,
"https://mgm.ibos.io/accounts/expenseIncomeHead","tab:COA PERMISSION","input","text",,"","",,,,,"False",,
"https://mgm.ibos.io/accounts/expenseIncomeHead","tab:COA PERMISSION","input","hidden",,"","",,,,,"False",,
"https://mgm.ibos.io/accounts/expenseIncomeHead","tab:COA PERMISSION","input","text",,"","",,,,,"False",,
"https://mgm.ibos.io/accounts/expenseIncomeHead","tab:COA PERMISSION","input","hidden",,"","",,,,,"False",,
"https://mgm.ibos.io/accounts/expenseIncomeHead","tab:COA PERMISSION","button","button",,"View","",,,,,"False",,
"https://mgm.ibos.io/accounts/expenseOrAdvance","base","input","text",,"","","Go to page...",,,,"False","False","False"
"https://mgm.ibos.io/accounts/expenseOrAdvance","base","button","button",,"","",,,,,"False","False",
"https://mgm.ibos.io/accounts/expenseOrAdvance","base","button","button",,"","",,,,,"False","False",
"https://mgm.ibos.io/accounts/expenseOrAdvance","base","button","button",,"","",,,,,"False","False",
"https://mgm.ibos.io/accounts/expenseOrAdvance","base","button","button",,"","",,,,,"False","False",
"https://mgm.ibos.io/accounts/expenseOrAdvance","base","input",,"combobox","","",,,"react-select-mgm-input",,"False","False","False"
"https://mgm.ibos.io/accounts/expenseOrAdvance","base","input","hidden",,"","40513",,"branchList",,,"False","False","False"
"https://mgm.ibos.io/accounts/expenseOrAdvance","base","input","text",,"","","Search....",,,"search","False","False","False"
"https://mgm.ibos.io/accounts/expenseOrAdvance","base","button","button",,"","",,,,"menu","False","False",
"https://mgm.ibos.io/accounts/expenseOrAdvance","base","button","button",,"Create Advance","",,,"demo-positioned-button",,"False","False",
"https://mgm.ibos.io/accounts/expenseOrAdvance","base","button","button","tab","EXPENSE","",,,,,"False","False",
"https://mgm.ibos.io/accounts/expenseOrAdvance","base","button","button","tab","ADVANCE","",,,,,"False","False",
"https://mgm.ibos.io/accounts/expenseOrAdvance","base","button","button","tab","PROVISION","",,,,,"False","False",
"https://mgm.ibos.io/accounts/expenseOrAdvance","base","button","button","tab","PAID","",,,,,"False","False",
"https://mgm.ibos.io/accounts/expenseOrAdvance","base","input","text","combobox","","",,,"react-select-mgm-input",,"False","False","False"
"https://mgm.ibos.io/accounts/expenseOrAdvance","base","input","hidden",,"","",,"office",,,"False","False","False"
"https://mgm.ibos.io/accounts/expenseOrAdvance","base","input","date",,"","2026-08-13",,"fromDate",,,"False","False","False"
"https://mgm.ibos.io/accounts/expenseOrAdvance","base","input","date",,"","2026-09-13",,"toDate",,,"False","False","False"
"https://mgm.ibos.io/accounts/expenseOrAdvance","base","button","submit",,"View","",,,,,"False","False",
"https://mgm.ibos.io/accounts/expenseOrAdvance","tab:EXPENSE","input","text",,"","","Go to page...",,,,"False",,
"https://mgm.ibos.io/accounts/expenseOrAdvance","tab:EXPENSE","button","button",,"","",,,,,"False",,
"https://mgm.ibos.io/accounts/expenseOrAdvance","tab:EXPENSE","button","button",,"","",,,,,"False",,
"https://mgm.ibos.io/accounts/expenseOrAdvance","tab:EXPENSE","button","button",,"","",,,,,"False",,
"https://mgm.ibos.io/accounts/expenseOrAdvance","tab:EXPENSE","button","button",,"","",,,,,"False",,
"https://mgm.ibos.io/accounts/expenseOrAdvance","tab:EXPENSE","input",,,"","",,,,,"False",,
"https://mgm.ibos.io/accounts/expenseOrAdvance","tab:EXPENSE","input","hidden",,"","40513",,,,,"False",,
"https://mgm.ibos.io/accounts/expenseOrAdvance","tab:EXPENSE","input","text",,"","","Search....",,,,"False",,
"https://mgm.ibos.io/accounts/expenseOrAdvance","tab:EXPENSE","button","button",,"","",,,,,"False",,
"https://mgm.ibos.io/accounts/expenseOrAdvance","tab:EXPENSE","button","button",,"Create Expense","",,,,,"False",,
"https://mgm.ibos.io/accounts/expenseOrAdvance","tab:EXPENSE","button","button",,"EXPENSE","",,,,,"False",,
"https://mgm.ibos.io/accounts/expenseOrAdvance","tab:EXPENSE","button","button",,"ADVANCE","",,,,,"False",,
"https://mgm.ibos.io/accounts/expenseOrAdvance","tab:EXPENSE","button","button",,"PROVISION","",,,,,"False",,
"https://mgm.ibos.io/accounts/expenseOrAdvance","tab:EXPENSE","button","button",,"PAID","",,,,,"False",,
"https://mgm.ibos.io/accounts/expenseOrAdvance","tab:EXPENSE","input","text",,"","",,,,,"False",,
"https://mgm.ibos.io/accounts/expenseOrAdvance","tab:EXPENSE","input","hidden",,"","",,,,,"False",,
"https://mgm.ibos.io/accounts/expenseOrAdvance","tab:EXPENSE","input","date",,"","2026-08-13",,,,,"False",,
"https://mgm.ibos.io/accounts/expenseOrAdvance","tab:EXPENSE","input","date",,"","2026-09-13",,,,,"False",,
"https://mgm.ibos.io/accounts/expenseOrAdvance","tab:EXPENSE","input","text",,"","",,,,,"False",,
"https://mgm.ibos.io/accounts/expenseOrAdvance","tab:EXPENSE","input","hidden",,"","",,,,,"False",,
"https://mgm.ibos.io/accounts/expenseOrAdvance","tab:EXPENSE","input","text",,"","",,,,,"False",,
"https://mgm.ibos.io/accounts/expenseOrAdvance","tab:EXPENSE","input","hidden",,"","",,,,,"False",,
"https://mgm.ibos.io/accounts/expenseOrAdvance","tab:EXPENSE","input","text",,"","",,,,,"False",,
"https://mgm.ibos.io/accounts/expenseOrAdvance","tab:EXPENSE","input","hidden",,"","",,,,,"False",,
"https://mgm.ibos.io/accounts/expenseOrAdvance","tab:EXPENSE","button","submit",,"View","",,,,,"False",,
"https://mgm.ibos.io/accounts/expenseOrAdvance","tab:EXPENSE","button",,,"Provision","",,,,,"True",,
"https://mgm.ibos.io/accounts/expenseOrAdvance","tab:EXPENSE","button",,,"Payment","",,,,,"True",,
"https://mgm.ibos.io/accounts/expenseOrAdvance","tab:EXPENSE","input","checkbox",,"","on",,,,,"True",,
"https://mgm.ibos.io/accounts/expenseOrAdvance","tab:ADVANCE","input","text",,"","","Go to page...",,,,"False",,
"https://mgm.ibos.io/accounts/expenseOrAdvance","tab:ADVANCE","button","button",,"","",,,,,"False",,
"https://mgm.ibos.io/accounts/expenseOrAdvance","tab:ADVANCE","button","button",,"","",,,,,"False",,
"https://mgm.ibos.io/accounts/expenseOrAdvance","tab:ADVANCE","button","button",,"","",,,,,"False",,
"https://mgm.ibos.io/accounts/expenseOrAdvance","tab:ADVANCE","button","button",,"","",,,,,"False",,
"https://mgm.ibos.io/accounts/expenseOrAdvance","tab:ADVANCE","input",,,"","",,,,,"False",,
"https://mgm.ibos.io/accounts/expenseOrAdvance","tab:ADVANCE","input","hidden",,"","40513",,,,,"False",,
"https://mgm.ibos.io/accounts/expenseOrAdvance","tab:ADVANCE","input","text",,"","","Search....",,,,"False",,
"https://mgm.ibos.io/accounts/expenseOrAdvance","tab:ADVANCE","button","button",,"","",,,,,"False",,
"https://mgm.ibos.io/accounts/expenseOrAdvance","tab:ADVANCE","button","button",,"Create Advance","",,,,,"False",,
"https://mgm.ibos.io/accounts/expenseOrAdvance","tab:ADVANCE","button","button",,"EXPENSE","",,,,,"False",,
"https://mgm.ibos.io/accounts/expenseOrAdvance","tab:ADVANCE","button","button",,"ADVANCE","",,,,,"False",,
"https://mgm.ibos.io/accounts/expenseOrAdvance","tab:ADVANCE","button","button",,"PROVISION","",,,,,"False",,
"https://mgm.ibos.io/accounts/expenseOrAdvance","tab:ADVANCE","button","button",,"PAID","",,,,,"False",,
"https://mgm.ibos.io/accounts/expenseOrAdvance","tab:ADVANCE","input","text",,"","",,,,,"False",,
"https://mgm.ibos.io/accounts/expenseOrAdvance","tab:ADVANCE","input","hidden",,"","",,,,,"False",,
"https://mgm.ibos.io/accounts/expenseOrAdvance","tab:ADVANCE","input","date",,"","2026-08-13",,,,,"False",,
"https://mgm.ibos.io/accounts/expenseOrAdvance","tab:ADVANCE","input","date",,"","2026-09-13",,,,,"False",,
"https://mgm.ibos.io/accounts/expenseOrAdvance","tab:ADVANCE","input","text",,"","",,,,,"False",,
"https://mgm.ibos.io/accounts/expenseOrAdvance","tab:ADVANCE","input","hidden",,"","",,,,,"False",,
"https://mgm.ibos.io/accounts/expenseOrAdvance","tab:ADVANCE","button","submit",,"View","",,,,,"False",,
"https://mgm.ibos.io/accounts/expenseOrAdvance","tab:ADVANCE","button","button",,"ADVANCE","",,,,,"False",,
"https://mgm.ibos.io/accounts/expenseOrAdvance","tab:ADVANCE","button","button",,"INVOICE ADVANCE COLLECTION","",,,,,"False",,
"https://mgm.ibos.io/accounts/expenseOrAdvance","tab:PROVISION","input","text",,"","","Go to page...",,,,"False",,
"https://mgm.ibos.io/accounts/expenseOrAdvance","tab:PROVISION","button","button",,"","",,,,,"False",,
"https://mgm.ibos.io/accounts/expenseOrAdvance","tab:PROVISION","button","button",,"","",,,,,"False",,
"https://mgm.ibos.io/accounts/expenseOrAdvance","tab:PROVISION","button","button",,"","",,,,,"False",,
"https://mgm.ibos.io/accounts/expenseOrAdvance","tab:PROVISION","button","button",,"","",,,,,"False",,
"https://mgm.ibos.io/accounts/expenseOrAdvance","tab:PROVISION","input",,,"","",,,,,"False",,
"https://mgm.ibos.io/accounts/expenseOrAdvance","tab:PROVISION","input","hidden",,"","40513",,,,,"False",,
"https://mgm.ibos.io/accounts/expenseOrAdvance","tab:PROVISION","input","text",,"","","Search....",,,,"False",,
"https://mgm.ibos.io/accounts/expenseOrAdvance","tab:PROVISION","button","button",,"","",,,,,"False",,
"https://mgm.ibos.io/accounts/expenseOrAdvance","tab:PROVISION","button","button",,"Create Advance","",,,,,"False",,
"https://mgm.ibos.io/accounts/expenseOrAdvance","tab:PROVISION","button","button",,"EXPENSE","",,,,,"False",,
"https://mgm.ibos.io/accounts/expenseOrAdvance","tab:PROVISION","button","button",,"ADVANCE","",,,,,"False",,
"https://mgm.ibos.io/accounts/expenseOrAdvance","tab:PROVISION","button","button",,"PROVISION","",,,,,"False",,
"https://mgm.ibos.io/accounts/expenseOrAdvance","tab:PROVISION","button","button",,"PAID","",,,,,"False",,
"https://mgm.ibos.io/accounts/expenseOrAdvance","tab:PROVISION","input","text",,"","",,,,,"False",,
"https://mgm.ibos.io/accounts/expenseOrAdvance","tab:PROVISION","input","hidden",,"","",,,,,"False",,
"https://mgm.ibos.io/accounts/expenseOrAdvance","tab:PROVISION","input","date",,"","2026-08-13",,,,,"False",,
"https://mgm.ibos.io/accounts/expenseOrAdvance","tab:PROVISION","input","date",,"","2026-09-13",,,,,"False",,
"https://mgm.ibos.io/accounts/expenseOrAdvance","tab:PROVISION","button","submit",,"View","",,,,,"False",,
"https://mgm.ibos.io/accounts/expenseOrAdvance","tab:PROVISION","button",,,"Payment","",,,,,"True",,
"https://mgm.ibos.io/accounts/expenseOrAdvance","tab:PROVISION","input","checkbox",,"","on",,,,,"True",,
"https://mgm.ibos.io/accounts/expenseOrAdvance","tab:PAID","input","text",,"","","Go to page...",,,,"False",,
"https://mgm.ibos.io/accounts/expenseOrAdvance","tab:PAID","button","button",,"","",,,,,"False",,
"https://mgm.ibos.io/accounts/expenseOrAdvance","tab:PAID","button","button",,"","",,,,,"False",,
"https://mgm.ibos.io/accounts/expenseOrAdvance","tab:PAID","button","button",,"","",,,,,"False",,
"https://mgm.ibos.io/accounts/expenseOrAdvance","tab:PAID","button","button",,"","",,,,,"False",,
"https://mgm.ibos.io/accounts/expenseOrAdvance","tab:PAID","input",,,"","",,,,,"False",,
"https://mgm.ibos.io/accounts/expenseOrAdvance","tab:PAID","input","hidden",,"","40513",,,,,"False",,
"https://mgm.ibos.io/accounts/expenseOrAdvance","tab:PAID","input","text",,"","","Search....",,,,"False",,
"https://mgm.ibos.io/accounts/expenseOrAdvance","tab:PAID","button","button",,"","",,,,,"False",,
"https://mgm.ibos.io/accounts/expenseOrAdvance","tab:PAID","button","button",,"EXPENSE","",,,,,"False",,
"https://mgm.ibos.io/accounts/expenseOrAdvance","tab:PAID","button","button",,"ADVANCE","",,,,,"False",,
"https://mgm.ibos.io/accounts/expenseOrAdvance","tab:PAID","button","button",,"PROVISION","",,,,,"False",,
"https://mgm.ibos.io/accounts/expenseOrAdvance","tab:PAID","button","button",,"PAID","",,,,,"False",,
"https://mgm.ibos.io/accounts/expenseOrAdvance","tab:PAID","input","text",,"","",,,,,"False",,
"https://mgm.ibos.io/accounts/expenseOrAdvance","tab:PAID","input","hidden",,"","",,,,,"False",,
"https://mgm.ibos.io/accounts/expenseOrAdvance","tab:PAID","input","date",,"","2026-08-13",,,,,"False",,
"https://mgm.ibos.io/accounts/expenseOrAdvance","tab:PAID","input","date",,"","2026-09-13",,,,,"False",,
"https://mgm.ibos.io/accounts/expenseOrAdvance","tab:PAID","input","text",,"","",,,,,"False",,
"https://mgm.ibos.io/accounts/expenseOrAdvance","tab:PAID","input","hidden",,"","",,,,,"False",,
"https://mgm.ibos.io/accounts/expenseOrAdvance","tab:PAID","button","submit",,"View","",,,,,"False",,
"https://mgm.ibos.io/accounts/financialReport","base","input","text",,"","","Go to page...",,,,"False","False","False"
"https://mgm.ibos.io/accounts/financialReport","base","button","button",,"","",,,,,"False","False",
"https://mgm.ibos.io/accounts/financialReport","base","button","button",,"","",,,,,"False","False",
"https://mgm.ibos.io/accounts/financialReport","base","button","button",,"","",,,,,"False","False",
"https://mgm.ibos.io/accounts/financialReport","base","button","button",,"","",,,,,"False","False",
"https://mgm.ibos.io/accounts/financialReport","base","input",,"combobox","","",,,"react-select-mgm-input",,"False","False","False"
"https://mgm.ibos.io/accounts/financialReport","base","input","hidden",,"","40513",,"branchList",,,"False","False","False"
"https://mgm.ibos.io/accounts/financialReport","base","input","text","combobox","","",,,"react-select-mgm-input",,"False","False","False"
"https://mgm.ibos.io/accounts/financialReport","base","input","hidden",,"","ledger",,"reportType",,,"False","False","False"
"https://mgm.ibos.io/accounts/financialReport","base","input","text","combobox","","",,,"react-select-mgm-input",,"False","False","False"
"https://mgm.ibos.io/accounts/financialReport","base","input","hidden",,"","0",,"office",,,"False","False","False"
"https://mgm.ibos.io/accounts/financialReport","base","input","text","combobox","","",,,"react-select-mgm-input",,"False","False","False"
"https://mgm.ibos.io/accounts/financialReport","base","input","text","combobox","","",,,"react-select-mgm-input",,"False","False","False"
"https://mgm.ibos.io/accounts/financialReport","base","input","hidden",,"","",,"partnerGroup",,,"False","False","False"
"https://mgm.ibos.io/accounts/financialReport","base","input","date",,"","2026-08-13","From Date","fromDate",,,"False","False","False"
"https://mgm.ibos.io/accounts/financialReport","base","input","date",,"","2026-09-13","To Date","toDate",,,"False","False","False"
"https://mgm.ibos.io/accounts/financialReport","base","input","checkbox",,"","on",,"isOfficeWise",,,"False","False","False"
"https://mgm.ibos.io/accounts/financialReport","base","input","checkbox",,"","on",,"isWithoutDecimal",,,"False","False","False"
"https://mgm.ibos.io/accounts/financialReport","base","button","button",,"View","",,,,,"False","False",
"https://mgm.ibos.io/accounts/financialReport","base","button","button",,"PDF/Print","",,,,,"True","False",
"https://mgm.ibos.io/accounts/financialReport","base","button","button",,"Excel","",,,,,"False","False",
"https://mgm.ibos.io/accounts/fundTransfer","base","input","text",,"","","Go to page...",,,,"False","False","False"
"https://mgm.ibos.io/accounts/fundTransfer","base","button","button",,"","",,,,,"False","False",
"https://mgm.ibos.io/accounts/fundTransfer","base","button","button",,"","",,,,,"False","False",
"https://mgm.ibos.io/accounts/fundTransfer","base","button","button",,"","",,,,,"False","False",
"https://mgm.ibos.io/accounts/fundTransfer","base","button","button",,"","",,,,,"False","False",
"https://mgm.ibos.io/accounts/fundTransfer","base","input",,"combobox","","",,,"react-select-mgm-input",,"False","False","False"
"https://mgm.ibos.io/accounts/fundTransfer","base","input","hidden",,"","40513",,"branchList",,,"False","False","False"
"https://mgm.ibos.io/accounts/fundTransfer","base","input","text",,"","","Search....",,,"search","False","False","False"
"https://mgm.ibos.io/accounts/fundTransfer","base","button","button",,"","",,,,"menu","False","False",
"https://mgm.ibos.io/accounts/fundTransfer","base","button","button","tab","FUND TRANSFER REQUEST","",,,,,"False","False",
"https://mgm.ibos.io/accounts/fundTransfer","base","button","button","tab","FUND TRANSFER OUT","",,,,,"False","False",
"https://mgm.ibos.io/accounts/fundTransfer","base","button","button","tab","FUND TRANSFER IN TRANSIT","",,,,,"False","False",
"https://mgm.ibos.io/accounts/fundTransfer","base","button","button","tab","FUND TRANSFER IN/RECEIVED","",,,,,"False","False",
"https://mgm.ibos.io/accounts/fundTransfer","base","button","button","tab","FUND TRANSFER RETURN","",,,,,"False","False",
"https://mgm.ibos.io/accounts/fundTransfer","base","input","text","combobox","","",,,"react-select-mgm-input",,"False","False","False"
"https://mgm.ibos.io/accounts/fundTransfer","base","input","hidden",,"","",,"toOffice",,,"False","False","False"
"https://mgm.ibos.io/accounts/fundTransfer","base","button","submit",,"View","",,,,,"False","False",
"https://mgm.ibos.io/accounts/fundTransfer","base","button","button",,"","",,,,,"False","False",
"https://mgm.ibos.io/accounts/fundTransfer","base","button","button",,"","",,,,,"False","False",
"https://mgm.ibos.io/accounts/fundTransfer","base","div",,"combobox","50",,,,"_r_8_",,"False","False",
"https://mgm.ibos.io/accounts/fundTransfer","base","input",,,"","50",,,,,"False","False","False"
"https://mgm.ibos.io/accounts/fundTransfer","base","button","button",,"","",,,,"Go to previous page","True","False",
"https://mgm.ibos.io/accounts/fundTransfer","base","button","button",,"","",,,,"Go to next page","True","False",
"https://mgm.ibos.io/accounts/fundTransfer","tab:FUND TRANSFER REQUEST","input","text",,"","","Go to page...",,,,"False",,
"https://mgm.ibos.io/accounts/fundTransfer","tab:FUND TRANSFER REQUEST","button","button",,"","",,,,,"False",,
"https://mgm.ibos.io/accounts/fundTransfer","tab:FUND TRANSFER REQUEST","button","button",,"","",,,,,"False",,
"https://mgm.ibos.io/accounts/fundTransfer","tab:FUND TRANSFER REQUEST","button","button",,"","",,,,,"False",,
"https://mgm.ibos.io/accounts/fundTransfer","tab:FUND TRANSFER REQUEST","button","button",,"","",,,,,"False",,
"https://mgm.ibos.io/accounts/fundTransfer","tab:FUND TRANSFER REQUEST","input",,,"","",,,,,"False",,
"https://mgm.ibos.io/accounts/fundTransfer","tab:FUND TRANSFER REQUEST","input","hidden",,"","40513",,,,,"False",,
"https://mgm.ibos.io/accounts/fundTransfer","tab:FUND TRANSFER REQUEST","input","text",,"","","Search....",,,,"False",,
"https://mgm.ibos.io/accounts/fundTransfer","tab:FUND TRANSFER REQUEST","button","button",,"","",,,,,"False",,
"https://mgm.ibos.io/accounts/fundTransfer","tab:FUND TRANSFER REQUEST","button","button",,"CREATE FUND TRANSFER REQUEST","",,,,,"False",,
"https://mgm.ibos.io/accounts/fundTransfer","tab:FUND TRANSFER REQUEST","button","button",,"FUND TRANSFER REQUEST","",,,,,"False",,
"https://mgm.ibos.io/accounts/fundTransfer","tab:FUND TRANSFER REQUEST","button","button",,"FUND TRANSFER OUT","",,,,,"False",,
"https://mgm.ibos.io/accounts/fundTransfer","tab:FUND TRANSFER REQUEST","button","button",,"FUND TRANSFER IN TRANSIT","",,,,,"False",,
"https://mgm.ibos.io/accounts/fundTransfer","tab:FUND TRANSFER REQUEST","button","button",,"FUND TRANSFER IN/RECEIVED","",,,,,"False",,
"https://mgm.ibos.io/accounts/fundTransfer","tab:FUND TRANSFER REQUEST","button","button",,"FUND TRANSFER RETURN","",,,,,"False",,
"https://mgm.ibos.io/accounts/fundTransfer","tab:FUND TRANSFER REQUEST","input","text",,"","",,,,,"False",,
"https://mgm.ibos.io/accounts/fundTransfer","tab:FUND TRANSFER REQUEST","input","hidden",,"","",,,,,"False",,
"https://mgm.ibos.io/accounts/fundTransfer","tab:FUND TRANSFER REQUEST","button","submit",,"View","",,,,,"False",,
"https://mgm.ibos.io/accounts/fundTransfer","tab:FUND TRANSFER REQUEST","button",,,"","",,,,,"False",,
"https://mgm.ibos.io/accounts/fundTransfer","tab:FUND TRANSFER REQUEST","button",,,"","",,,,,"True",,
"https://mgm.ibos.io/accounts/fundTransfer","tab:FUND TRANSFER REQUEST","button",,,"","",,,,,"False",,
"https://mgm.ibos.io/accounts/fundTransfer","tab:FUND TRANSFER REQUEST","button",,,"","",,,,,"True",,
"https://mgm.ibos.io/accounts/fundTransfer","tab:FUND TRANSFER REQUEST","button",,,"","",,,,,"False",,
"https://mgm.ibos.io/accounts/fundTransfer","tab:FUND TRANSFER REQUEST","button",,,"","",,,,,"True",,
"https://mgm.ibos.io/accounts/fundTransfer","tab:FUND TRANSFER REQUEST","button",,,"","",,,,,"False",,
"https://mgm.ibos.io/accounts/fundTransfer","tab:FUND TRANSFER REQUEST","button",,,"","",,,,,"True",,
"https://mgm.ibos.io/accounts/fundTransfer","tab:FUND TRANSFER REQUEST","button",,,"","",,,,,"False",,
"https://mgm.ibos.io/accounts/fundTransfer","tab:FUND TRANSFER REQUEST","button",,,"","",,,,,"True",,
"https://mgm.ibos.io/accounts/fundTransfer","tab:FUND TRANSFER REQUEST","div",,,"50",,,,,,"False",,
"https://mgm.ibos.io/accounts/fundTransfer","tab:FUND TRANSFER REQUEST","input",,,"","50",,,,,"False",,
"https://mgm.ibos.io/accounts/fundTransfer","tab:FUND TRANSFER REQUEST","button","button",,"","",,,,,"True",,
"https://mgm.ibos.io/accounts/fundTransfer","tab:FUND TRANSFER REQUEST","button","button",,"","",,,,,"True",,
"https://mgm.ibos.io/accounts/fundTransfer","tab:FUND TRANSFER OUT","input","text",,"","","Go to page...",,,,"False",,
"https://mgm.ibos.io/accounts/fundTransfer","tab:FUND TRANSFER OUT","button","button",,"","",,,,,"False",,
"https://mgm.ibos.io/accounts/fundTransfer","tab:FUND TRANSFER OUT","button","button",,"","",,,,,"False",,
"https://mgm.ibos.io/accounts/fundTransfer","tab:FUND TRANSFER OUT","button","button",,"","",,,,,"False",,
"https://mgm.ibos.io/accounts/fundTransfer","tab:FUND TRANSFER OUT","button","button",,"","",,,,,"False",,
"https://mgm.ibos.io/accounts/fundTransfer","tab:FUND TRANSFER OUT","input",,,"","",,,,,"False",,
"https://mgm.ibos.io/accounts/fundTransfer","tab:FUND TRANSFER OUT","input","hidden",,"","40513",,,,,"False",,
"https://mgm.ibos.io/accounts/fundTransfer","tab:FUND TRANSFER OUT","input","text",,"","","Search....",,,,"False",,
"https://mgm.ibos.io/accounts/fundTransfer","tab:FUND TRANSFER OUT","button","button",,"","",,,,,"False",,
"https://mgm.ibos.io/accounts/fundTransfer","tab:FUND TRANSFER OUT","button","button",,"DIRECT FUND TRANSFER","",,,,,"False",,
"https://mgm.ibos.io/accounts/fundTransfer","tab:FUND TRANSFER OUT","button","button",,"FUND TRANSFER REQUEST","",,,,,"False",,
"https://mgm.ibos.io/accounts/fundTransfer","tab:FUND TRANSFER OUT","button","button",,"FUND TRANSFER OUT","",,,,,"False",,
"https://mgm.ibos.io/accounts/fundTransfer","tab:FUND TRANSFER OUT","button","button",,"FUND TRANSFER IN TRANSIT","",,,,,"False",,
"https://mgm.ibos.io/accounts/fundTransfer","tab:FUND TRANSFER OUT","button","button",,"FUND TRANSFER IN/RECEIVED","",,,,,"False",,
"https://mgm.ibos.io/accounts/fundTransfer","tab:FUND TRANSFER OUT","button","button",,"FUND TRANSFER RETURN","",,,,,"False",,
"https://mgm.ibos.io/accounts/fundTransfer","tab:FUND TRANSFER OUT","input","text",,"","",,,,,"False",,
"https://mgm.ibos.io/accounts/fundTransfer","tab:FUND TRANSFER OUT","input","hidden",,"","",,,,,"False",,
"https://mgm.ibos.io/accounts/fundTransfer","tab:FUND TRANSFER OUT","button","submit",,"View","",,,,,"False",,
"https://mgm.ibos.io/accounts/fundTransfer","tab:FUND TRANSFER IN TRANSIT","input","text",,"","","Go to page...",,,,"False",,
"https://mgm.ibos.io/accounts/fundTransfer","tab:FUND TRANSFER IN TRANSIT","button","button",,"","",,,,,"False",,
"https://mgm.ibos.io/accounts/fundTransfer","tab:FUND TRANSFER IN TRANSIT","button","button",,"","",,,,,"False",,
"https://mgm.ibos.io/accounts/fundTransfer","tab:FUND TRANSFER IN TRANSIT","button","button",,"","",,,,,"False",,
"https://mgm.ibos.io/accounts/fundTransfer","tab:FUND TRANSFER IN TRANSIT","button","button",,"","",,,,,"False",,
"https://mgm.ibos.io/accounts/fundTransfer","tab:FUND TRANSFER IN TRANSIT","input",,,"","",,,,,"False",,
"https://mgm.ibos.io/accounts/fundTransfer","tab:FUND TRANSFER IN TRANSIT","input","hidden",,"","40513",,,,,"False",,
"https://mgm.ibos.io/accounts/fundTransfer","tab:FUND TRANSFER IN TRANSIT","input","text",,"","","Search....",,,,"False",,
"https://mgm.ibos.io/accounts/fundTransfer","tab:FUND TRANSFER IN TRANSIT","button","button",,"","",,,,,"False",,
"https://mgm.ibos.io/accounts/fundTransfer","tab:FUND TRANSFER IN TRANSIT","button","button",,"FUND TRANSFER REQUEST","",,,,,"False",,
"https://mgm.ibos.io/accounts/fundTransfer","tab:FUND TRANSFER IN TRANSIT","button","button",,"FUND TRANSFER OUT","",,,,,"False",,
"https://mgm.ibos.io/accounts/fundTransfer","tab:FUND TRANSFER IN TRANSIT","button","button",,"FUND TRANSFER IN TRANSIT","",,,,,"False",,
"https://mgm.ibos.io/accounts/fundTransfer","tab:FUND TRANSFER IN TRANSIT","button","button",,"FUND TRANSFER IN/RECEIVED","",,,,,"False",,
"https://mgm.ibos.io/accounts/fundTransfer","tab:FUND TRANSFER IN TRANSIT","button","button",,"FUND TRANSFER RETURN","",,,,,"False",,
"https://mgm.ibos.io/accounts/fundTransfer","tab:FUND TRANSFER IN TRANSIT","input","text",,"","",,,,,"False",,
"https://mgm.ibos.io/accounts/fundTransfer","tab:FUND TRANSFER IN TRANSIT","input","hidden",,"","",,,,,"False",,
"https://mgm.ibos.io/accounts/fundTransfer","tab:FUND TRANSFER IN TRANSIT","button","submit",,"View","",,,,,"False",,
"https://mgm.ibos.io/accounts/fundTransfer","tab:FUND TRANSFER IN/RECEIVED","input","text",,"","","Go to page...",,,,"False",,
"https://mgm.ibos.io/accounts/fundTransfer","tab:FUND TRANSFER IN/RECEIVED","button","button",,"","",,,,,"False",,
"https://mgm.ibos.io/accounts/fundTransfer","tab:FUND TRANSFER IN/RECEIVED","button","button",,"","",,,,,"False",,
"https://mgm.ibos.io/accounts/fundTransfer","tab:FUND TRANSFER IN/RECEIVED","button","button",,"","",,,,,"False",,
"https://mgm.ibos.io/accounts/fundTransfer","tab:FUND TRANSFER IN/RECEIVED","button","button",,"","",,,,,"False",,
"https://mgm.ibos.io/accounts/fundTransfer","tab:FUND TRANSFER IN/RECEIVED","input",,,"","",,,,,"False",,
"https://mgm.ibos.io/accounts/fundTransfer","tab:FUND TRANSFER IN/RECEIVED","input","hidden",,"","40513",,,,,"False",,
"https://mgm.ibos.io/accounts/fundTransfer","tab:FUND TRANSFER IN/RECEIVED","input","text",,"","","Search....",,,,"False",,
"https://mgm.ibos.io/accounts/fundTransfer","tab:FUND TRANSFER IN/RECEIVED","button","button",,"","",,,,,"False",,
"https://mgm.ibos.io/accounts/fundTransfer","tab:FUND TRANSFER IN/RECEIVED","button","button",,"FUND TRANSFER REQUEST","",,,,,"False",,
"https://mgm.ibos.io/accounts/fundTransfer","tab:FUND TRANSFER IN/RECEIVED","button","button",,"FUND TRANSFER OUT","",,,,,"False",,
"https://mgm.ibos.io/accounts/fundTransfer","tab:FUND TRANSFER IN/RECEIVED","button","button",,"FUND TRANSFER IN TRANSIT","",,,,,"False",,
"https://mgm.ibos.io/accounts/fundTransfer","tab:FUND TRANSFER IN/RECEIVED","button","button",,"FUND TRANSFER IN/RECEIVED","",,,,,"False",,
"https://mgm.ibos.io/accounts/fundTransfer","tab:FUND TRANSFER IN/RECEIVED","button","button",,"FUND TRANSFER RETURN","",,,,,"False",,
"https://mgm.ibos.io/accounts/fundTransfer","tab:FUND TRANSFER IN/RECEIVED","input","text",,"","",,,,,"False",,
"https://mgm.ibos.io/accounts/fundTransfer","tab:FUND TRANSFER IN/RECEIVED","input","hidden",,"","",,,,,"False",,
"https://mgm.ibos.io/accounts/fundTransfer","tab:FUND TRANSFER IN/RECEIVED","input","text",,"","",,,,,"False",,
"https://mgm.ibos.io/accounts/fundTransfer","tab:FUND TRANSFER IN/RECEIVED","input","hidden",,"","",,,,,"False",,
"https://mgm.ibos.io/accounts/fundTransfer","tab:FUND TRANSFER IN/RECEIVED","input","date",,"","2026-09-07","Text",,,,"False",,
"https://mgm.ibos.io/accounts/fundTransfer","tab:FUND TRANSFER IN/RECEIVED","input","date",,"","2026-09-13","Text",,,,"False",,
"https://mgm.ibos.io/accounts/fundTransfer","tab:FUND TRANSFER IN/RECEIVED","button","submit",,"View","",,,,,"False",,
"https://mgm.ibos.io/accounts/fundTransfer","tab:FUND TRANSFER IN/RECEIVED","button",,,"","",,,,,"False",,
"https://mgm.ibos.io/accounts/fundTransfer","tab:FUND TRANSFER IN/RECEIVED","button",,,"","",,,,,"False",,
"https://mgm.ibos.io/accounts/fundTransfer","tab:FUND TRANSFER IN/RECEIVED","div",,,"50",,,,,,"False",,
"https://mgm.ibos.io/accounts/fundTransfer","tab:FUND TRANSFER IN/RECEIVED","input",,,"","50",,,,,"False",,
"https://mgm.ibos.io/accounts/fundTransfer","tab:FUND TRANSFER IN/RECEIVED","button","button",,"","",,,,,"True",,
"https://mgm.ibos.io/accounts/fundTransfer","tab:FUND TRANSFER IN/RECEIVED","button","button",,"","",,,,,"True",,
"https://mgm.ibos.io/accounts/fundTransfer","tab:FUND TRANSFER RETURN","input","text",,"","","Go to page...",,,,"False",,
"https://mgm.ibos.io/accounts/fundTransfer","tab:FUND TRANSFER RETURN","button","button",,"","",,,,,"False",,
"https://mgm.ibos.io/accounts/fundTransfer","tab:FUND TRANSFER RETURN","button","button",,"","",,,,,"False",,
"https://mgm.ibos.io/accounts/fundTransfer","tab:FUND TRANSFER RETURN","button","button",,"","",,,,,"False",,
"https://mgm.ibos.io/accounts/fundTransfer","tab:FUND TRANSFER RETURN","button","button",,"","",,,,,"False",,
"https://mgm.ibos.io/accounts/fundTransfer","tab:FUND TRANSFER RETURN","input",,,"","",,,,,"False",,
"https://mgm.ibos.io/accounts/fundTransfer","tab:FUND TRANSFER RETURN","input","hidden",,"","40513",,,,,"False",,
"https://mgm.ibos.io/accounts/fundTransfer","tab:FUND TRANSFER RETURN","input","text",,"","","Search....",,,,"False",,
"https://mgm.ibos.io/accounts/fundTransfer","tab:FUND TRANSFER RETURN","button","button",,"","",,,,,"False",,
"https://mgm.ibos.io/accounts/fundTransfer","tab:FUND TRANSFER RETURN","button","button",,"FUND TRANSFER REQUEST","",,,,,"False",,
"https://mgm.ibos.io/accounts/fundTransfer","tab:FUND TRANSFER RETURN","button","button",,"FUND TRANSFER OUT","",,,,,"False",,
"https://mgm.ibos.io/accounts/fundTransfer","tab:FUND TRANSFER RETURN","button","button",,"FUND TRANSFER IN TRANSIT","",,,,,"False",,
"https://mgm.ibos.io/accounts/fundTransfer","tab:FUND TRANSFER RETURN","button","button",,"FUND TRANSFER IN/RECEIVED","",,,,,"False",,
"https://mgm.ibos.io/accounts/fundTransfer","tab:FUND TRANSFER RETURN","button","button",,"FUND TRANSFER RETURN","",,,,,"False",,
"https://mgm.ibos.io/accounts/fundTransfer","tab:FUND TRANSFER RETURN","input","text",,"","",,,,,"False",,
"https://mgm.ibos.io/accounts/fundTransfer","tab:FUND TRANSFER RETURN","input","hidden",,"","",,,,,"False",,
"https://mgm.ibos.io/accounts/fundTransfer","tab:FUND TRANSFER RETURN","button","submit",,"View","",,,,,"False",,
"https://mgm.ibos.io/accounts/lcmargin","base","input","text",,"","","Go to page...",,,,"False","False","False"
"https://mgm.ibos.io/accounts/lcmargin","base","button","button",,"","",,,,,"False","False",
"https://mgm.ibos.io/accounts/lcmargin","base","button","button",,"","",,,,,"False","False",
"https://mgm.ibos.io/accounts/lcmargin","base","button","button",,"","",,,,,"False","False",
"https://mgm.ibos.io/accounts/lcmargin","base","button","button",,"","",,,,,"False","False",
"https://mgm.ibos.io/accounts/lcmargin","base","input",,"combobox","","",,,"react-select-mgm-input",,"False","False","False"
"https://mgm.ibos.io/accounts/lcmargin","base","input","hidden",,"","40513",,"branchList",,,"False","False","False"
"https://mgm.ibos.io/accounts/lcmargin","base","input","text",,"","","Search....",,,"search","False","False","False"
"https://mgm.ibos.io/accounts/lcmargin","base","button","button",,"","",,,,"menu","False","False",
"https://mgm.ibos.io/accounts/lcmargin","base","button","button",,"EXCEL","",,,,,"False","False",
"https://mgm.ibos.io/accounts/lcmargin","base","button","button",,"PDF","",,,,,"False","False",
"https://mgm.ibos.io/accounts/lcmargin","base","button","button",,"LC Margin","",,,,,"False","False",
"https://mgm.ibos.io/accounts/lcmargin","base","button","button","tab","PI/LC DETAILS","",,,"simple-tab-0",,"False","False",
"https://mgm.ibos.io/accounts/lcmargin","base","button","button","tab","LC MARGIN","",,,"simple-tab-1",,"False","False",
"https://mgm.ibos.io/accounts/lcmargin","tab:PI/LC DETAILS","input","text",,"","","Go to page...",,,,"False",,
"https://mgm.ibos.io/accounts/lcmargin","tab:PI/LC DETAILS","button","button",,"","",,,,,"False",,
"https://mgm.ibos.io/accounts/lcmargin","tab:PI/LC DETAILS","button","button",,"","",,,,,"False",,
"https://mgm.ibos.io/accounts/lcmargin","tab:PI/LC DETAILS","button","button",,"","",,,,,"False",,
"https://mgm.ibos.io/accounts/lcmargin","tab:PI/LC DETAILS","button","button",,"","",,,,,"False",,
"https://mgm.ibos.io/accounts/lcmargin","tab:PI/LC DETAILS","input",,,"","",,,,,"False",,
"https://mgm.ibos.io/accounts/lcmargin","tab:PI/LC DETAILS","input","hidden",,"","40513",,,,,"False",,
"https://mgm.ibos.io/accounts/lcmargin","tab:PI/LC DETAILS","input","text",,"","","Search....",,,,"False",,
"https://mgm.ibos.io/accounts/lcmargin","tab:PI/LC DETAILS","button","button",,"","",,,,,"False",,
"https://mgm.ibos.io/accounts/lcmargin","tab:PI/LC DETAILS","button","button",,"EXCEL","",,,,,"False",,
"https://mgm.ibos.io/accounts/lcmargin","tab:PI/LC DETAILS","button","button",,"PDF","",,,,,"False",,
"https://mgm.ibos.io/accounts/lcmargin","tab:PI/LC DETAILS","button","button",,"LC Create","",,,,,"False",,
"https://mgm.ibos.io/accounts/lcmargin","tab:PI/LC DETAILS","button","button",,"PI/LC DETAILS","",,,,,"False",,
"https://mgm.ibos.io/accounts/lcmargin","tab:PI/LC DETAILS","button","button",,"LC MARGIN","",,,,,"False",,
"https://mgm.ibos.io/accounts/lcmargin","tab:PI/LC DETAILS","input","date",,"","2026-09-01","From Date",,,,"False",,
"https://mgm.ibos.io/accounts/lcmargin","tab:PI/LC DETAILS","input","date",,"","2026-09-13","To Date",,,,"False",,
"https://mgm.ibos.io/accounts/lcmargin","tab:PI/LC DETAILS","input","text",,"","",,,,,"False",,
"https://mgm.ibos.io/accounts/lcmargin","tab:PI/LC DETAILS","input","hidden",,"","0",,,,,"False",,
"https://mgm.ibos.io/accounts/lcmargin","tab:PI/LC DETAILS","button",,,"View","",,,,,"False",,
"https://mgm.ibos.io/accounts/lcmargin","tab:LC MARGIN","input","text",,"","","Go to page...",,,,"False",,
"https://mgm.ibos.io/accounts/lcmargin","tab:LC MARGIN","button","button",,"","",,,,,"False",,
"https://mgm.ibos.io/accounts/lcmargin","tab:LC MARGIN","button","button",,"","",,,,,"False",,
"https://mgm.ibos.io/accounts/lcmargin","tab:LC MARGIN","button","button",,"","",,,,,"False",,
"https://mgm.ibos.io/accounts/lcmargin","tab:LC MARGIN","button","button",,"","",,,,,"False",,
"https://mgm.ibos.io/accounts/lcmargin","tab:LC MARGIN","input",,,"","",,,,,"False",,
"https://mgm.ibos.io/accounts/lcmargin","tab:LC MARGIN","input","hidden",,"","40513",,,,,"False",,
"https://mgm.ibos.io/accounts/lcmargin","tab:LC MARGIN","input","text",,"","","Search....",,,,"False",,
"https://mgm.ibos.io/accounts/lcmargin","tab:LC MARGIN","button","button",,"","",,,,,"False",,
"https://mgm.ibos.io/accounts/lcmargin","tab:LC MARGIN","button","button",,"EXCEL","",,,,,"False",,
"https://mgm.ibos.io/accounts/lcmargin","tab:LC MARGIN","button","button",,"PDF","",,,,,"False",,
"https://mgm.ibos.io/accounts/lcmargin","tab:LC MARGIN","button","button",,"LC Margin","",,,,,"False",,
"https://mgm.ibos.io/accounts/lcmargin","tab:LC MARGIN","button","button",,"PI/LC DETAILS","",,,,,"False",,
"https://mgm.ibos.io/accounts/lcmargin","tab:LC MARGIN","button","button",,"LC MARGIN","",,,,,"False",,
"https://mgm.ibos.io/accounts/othersReport","base","input","text",,"","","Go to page...",,,,"False","False","False"
"https://mgm.ibos.io/accounts/othersReport","base","button","button",,"","",,,,,"False","False",
"https://mgm.ibos.io/accounts/othersReport","base","button","button",,"","",,,,,"False","False",
"https://mgm.ibos.io/accounts/othersReport","base","button","button",,"","",,,,,"False","False",
"https://mgm.ibos.io/accounts/othersReport","base","button","button",,"","",,,,,"False","False",
"https://mgm.ibos.io/accounts/othersReport","base","input",,"combobox","","",,,"react-select-mgm-input",,"False","False","False"
"https://mgm.ibos.io/accounts/othersReport","base","input","hidden",,"","40513",,"branchList",,,"False","False","False"
"https://mgm.ibos.io/accounts/othersReport","base","button","button",,"PDF","",,,,,"False","False",
"https://mgm.ibos.io/accounts/othersReport","base","button","button",,"EXCEL","",,,,,"False","False",
"https://mgm.ibos.io/accounts/othersReport","base","input","text","combobox","","",,,"react-select-mgm-input",,"False","False","False"
"https://mgm.ibos.io/accounts/othersReport","base","input","hidden",,"","1",,"reportType",,,"False","False","False"
"https://mgm.ibos.io/accounts/othersReport","base","input","date",,"","2023-07-01","From Date","fromDate",,,"False","False","False"
"https://mgm.ibos.io/accounts/othersReport","base","input","date",,"","2026-09-13","To Date","toDate",,,"False","False","False"
"https://mgm.ibos.io/accounts/othersReport","base","input","checkbox",,"","on",,"isTaxTDSMonthWise",,,"False","False","False"
"https://mgm.ibos.io/accounts/othersReport","base","input","checkbox",,"","on",,"isTaxTDSDetails",,,"False","False","False"
"https://mgm.ibos.io/accounts/othersReport","base","button","button",,"View","",,,,,"False","False",
"https://mgm.ibos.io/accounts/Project","base","input","text",,"","","Go to page...",,,,"False","False","False"
"https://mgm.ibos.io/accounts/Project","base","button","button",,"","",,,,,"False","False",
"https://mgm.ibos.io/accounts/Project","base","button","button",,"","",,,,,"False","False",
"https://mgm.ibos.io/accounts/Project","base","button","button",,"","",,,,,"False","False",
"https://mgm.ibos.io/accounts/Project","base","button","button",,"","",,,,,"False","False",
"https://mgm.ibos.io/accounts/Project","base","input",,"combobox","","",,,"react-select-mgm-input",,"False","False","False"
"https://mgm.ibos.io/accounts/Project","base","input","hidden",,"","40513",,"branchList",,,"False","False","False"
"https://mgm.ibos.io/accounts/Project","base","input","text",,"","","Search....",,,"search","False","False","False"
"https://mgm.ibos.io/accounts/Project","base","button","button",,"","",,,,"menu","False","False",
"https://mgm.ibos.io/accounts/Project","base","button","button",,"Create Tender","",,,,,"False","False",
"https://mgm.ibos.io/accounts/Project","base","button","button","tab","PROJECT","",,,"simple-tab-0",,"False","False",
"https://mgm.ibos.io/accounts/Project","base","button","button","tab","TENDER","",,,"simple-tab-1",,"False","False",
"https://mgm.ibos.io/accounts/Project","base","button","button","tab","PROJECT FINANCE VIEW","",,,"simple-tab-2",,"False","False",
"https://mgm.ibos.io/accounts/Project","base","button","button",,"Excel","",,,,,"True","False",
"https://mgm.ibos.io/accounts/Project","base","input","text","combobox","","",,,"react-select-mgm-input",,"False","False","False"
"https://mgm.ibos.io/accounts/Project","base","input","hidden",,"","",,"office",,,"False","False","False"
"https://mgm.ibos.io/accounts/Project","base","input","text","combobox","","",,,"react-select-mgm-input",,"False","False","False"
"https://mgm.ibos.io/accounts/Project","base","input","date",,"","2026-09-13","Start Date","startDate",,,"False","False","False"
"https://mgm.ibos.io/accounts/Project","base","input","date",,"","2026-09-13","End Date","endDate",,,"False","False","False"
"https://mgm.ibos.io/accounts/Project","base","input","text","combobox","","",,,"react-select-mgm-input",,"False","False","False"
"https://mgm.ibos.io/accounts/Project","base","input","hidden",,"","",,"status",,,"False","False","False"
"https://mgm.ibos.io/accounts/Project","base","button","button",,"View","",,,,,"False","False",
"https://mgm.ibos.io/accounts/Project","tab:PROJECT","input","text",,"","","Go to page...",,,,"False",,
"https://mgm.ibos.io/accounts/Project","tab:PROJECT","button","button",,"","",,,,,"False",,
"https://mgm.ibos.io/accounts/Project","tab:PROJECT","button","button",,"","",,,,,"False",,
"https://mgm.ibos.io/accounts/Project","tab:PROJECT","button","button",,"","",,,,,"False",,
"https://mgm.ibos.io/accounts/Project","tab:PROJECT","button","button",,"","",,,,,"False",,
"https://mgm.ibos.io/accounts/Project","tab:PROJECT","input",,,"","",,,,,"False",,
"https://mgm.ibos.io/accounts/Project","tab:PROJECT","input","hidden",,"","40513",,,,,"False",,
"https://mgm.ibos.io/accounts/Project","tab:PROJECT","input","text",,"","","Search....",,,,"False",,
"https://mgm.ibos.io/accounts/Project","tab:PROJECT","button","button",,"","",,,,,"False",,
"https://mgm.ibos.io/accounts/Project","tab:PROJECT","button","button",,"Create Project","",,,,,"False",,
"https://mgm.ibos.io/accounts/Project","tab:PROJECT","button","button",,"PROJECT","",,,,,"False",,
"https://mgm.ibos.io/accounts/Project","tab:PROJECT","button","button",,"TENDER","",,,,,"False",,
"https://mgm.ibos.io/accounts/Project","tab:PROJECT","button","button",,"PROJECT FINANCE VIEW","",,,,,"False",,
"https://mgm.ibos.io/accounts/Project","tab:PROJECT","input","text",,"","",,,,,"False",,
"https://mgm.ibos.io/accounts/Project","tab:PROJECT","input","hidden",,"","",,,,,"False",,
"https://mgm.ibos.io/accounts/Project","tab:PROJECT","input","text",,"","",,,,,"False",,
"https://mgm.ibos.io/accounts/Project","tab:PROJECT","input","date",,"","2026-09-13","From Date",,,,"False",,
"https://mgm.ibos.io/accounts/Project","tab:PROJECT","input","date",,"","2026-09-13","To Date",,,,"False",,
"https://mgm.ibos.io/accounts/Project","tab:PROJECT","input","text",,"","",,,,,"False",,
"https://mgm.ibos.io/accounts/Project","tab:PROJECT","input","hidden",,"","",,,,,"False",,
"https://mgm.ibos.io/accounts/Project","tab:PROJECT","button","button",,"View","",,,,,"False",,
"https://mgm.ibos.io/accounts/Project","tab:PROJECT","button","button",,"","",,,,,"False",,
"https://mgm.ibos.io/accounts/Project","tab:PROJECT","button","button",,"","",,,,,"False",,
"https://mgm.ibos.io/accounts/Project","tab:PROJECT","button","button",,"","",,,,,"False",,
"https://mgm.ibos.io/accounts/Project","tab:PROJECT","button","button",,"","",,,,,"True",,
"https://mgm.ibos.io/accounts/Project","tab:PROJECT","div",,,"50",,,,,,"False",,
"https://mgm.ibos.io/accounts/Project","tab:PROJECT","input",,,"","50",,,,,"False",,
"https://mgm.ibos.io/accounts/Project","tab:PROJECT","button","button",,"","",,,,,"True",,
"https://mgm.ibos.io/accounts/Project","tab:PROJECT","button","button",,"","",,,,,"True",,
"https://mgm.ibos.io/accounts/Project","tab:TENDER","input","text",,"","","Go to page...",,,,"False",,
"https://mgm.ibos.io/accounts/Project","tab:TENDER","button","button",,"","",,,,,"False",,
"https://mgm.ibos.io/accounts/Project","tab:TENDER","button","button",,"","",,,,,"False",,
"https://mgm.ibos.io/accounts/Project","tab:TENDER","button","button",,"","",,,,,"False",,
"https://mgm.ibos.io/accounts/Project","tab:TENDER","button","button",,"","",,,,,"False",,
"https://mgm.ibos.io/accounts/Project","tab:TENDER","input",,,"","",,,,,"False",,
"https://mgm.ibos.io/accounts/Project","tab:TENDER","input","hidden",,"","40513",,,,,"False",,
"https://mgm.ibos.io/accounts/Project","tab:TENDER","input","text",,"","","Search....",,,,"False",,
"https://mgm.ibos.io/accounts/Project","tab:TENDER","button","button",,"","",,,,,"False",,
"https://mgm.ibos.io/accounts/Project","tab:TENDER","button","button",,"Create Tender","",,,,,"False",,
"https://mgm.ibos.io/accounts/Project","tab:TENDER","button","button",,"PROJECT","",,,,,"False",,
"https://mgm.ibos.io/accounts/Project","tab:TENDER","button","button",,"TENDER","",,,,,"False",,
"https://mgm.ibos.io/accounts/Project","tab:TENDER","button","button",,"PROJECT FINANCE VIEW","",,,,,"False",,
"https://mgm.ibos.io/accounts/Project","tab:TENDER","button","button",,"Excel","",,,,,"True",,
"https://mgm.ibos.io/accounts/Project","tab:TENDER","input","text",,"","",,,,,"False",,
"https://mgm.ibos.io/accounts/Project","tab:TENDER","input","hidden",,"","",,,,,"False",,
"https://mgm.ibos.io/accounts/Project","tab:TENDER","input","text",,"","",,,,,"False",,
"https://mgm.ibos.io/accounts/Project","tab:TENDER","input","date",,"","2026-09-13","Start Date",,,,"False",,
"https://mgm.ibos.io/accounts/Project","tab:TENDER","input","date",,"","2026-09-13","End Date",,,,"False",,
"https://mgm.ibos.io/accounts/Project","tab:TENDER","input","text",,"","",,,,,"False",,
"https://mgm.ibos.io/accounts/Project","tab:TENDER","input","hidden",,"","",,,,,"False",,
"https://mgm.ibos.io/accounts/Project","tab:TENDER","button","button",,"View","",,,,,"False",,
"https://mgm.ibos.io/accounts/Project","tab:PROJECT FINANCE VIEW","input","text",,"","","Go to page...",,,,"False",,
"https://mgm.ibos.io/accounts/Project","tab:PROJECT FINANCE VIEW","button","button",,"","",,,,,"False",,
"https://mgm.ibos.io/accounts/Project","tab:PROJECT FINANCE VIEW","button","button",,"","",,,,,"False",,
"https://mgm.ibos.io/accounts/Project","tab:PROJECT FINANCE VIEW","button","button",,"","",,,,,"False",,
"https://mgm.ibos.io/accounts/Project","tab:PROJECT FINANCE VIEW","button","button",,"","",,,,,"False",,
"https://mgm.ibos.io/accounts/Project","tab:PROJECT FINANCE VIEW","input",,,"","",,,,,"False",,
"https://mgm.ibos.io/accounts/Project","tab:PROJECT FINANCE VIEW","input","hidden",,"","40513",,,,,"False",,
"https://mgm.ibos.io/accounts/Project","tab:PROJECT FINANCE VIEW","input","text",,"","","Search....",,,,"False",,
"https://mgm.ibos.io/accounts/Project","tab:PROJECT FINANCE VIEW","button","button",,"","",,,,,"False",,
"https://mgm.ibos.io/accounts/Project","tab:PROJECT FINANCE VIEW","button","button",,"PROJECT","",,,,,"False",,
"https://mgm.ibos.io/accounts/Project","tab:PROJECT FINANCE VIEW","button","button",,"TENDER","",,,,,"False",,
"https://mgm.ibos.io/accounts/Project","tab:PROJECT FINANCE VIEW","button","button",,"PROJECT FINANCE VIEW","",,,,,"False",,
"https://mgm.ibos.io/accounts/Project","tab:PROJECT FINANCE VIEW","input","date",,"","2026-08-13","From Date",,,,"False",,
"https://mgm.ibos.io/accounts/Project","tab:PROJECT FINANCE VIEW","input","date",,"","2026-09-13","To Date",,,,"False",,
"https://mgm.ibos.io/accounts/Project","tab:PROJECT FINANCE VIEW","input","text",,"","",,,,,"False",,
"https://mgm.ibos.io/accounts/Project","tab:PROJECT FINANCE VIEW","input","hidden",,"","0",,,,,"False",,
"https://mgm.ibos.io/accounts/Project","tab:PROJECT FINANCE VIEW","input","text",,"","",,,,,"False",,
"https://mgm.ibos.io/accounts/Project","tab:PROJECT FINANCE VIEW","input","hidden",,"","",,,,,"False",,
"https://mgm.ibos.io/accounts/Project","tab:PROJECT FINANCE VIEW","button","submit",,"View","",,,,,"True",,
"https://mgm.ibos.io/asset/assetAssign","base","input","text",,"","","Go to page...",,,,"False","False","False"
"https://mgm.ibos.io/asset/assetAssign","base","button","button",,"","",,,,,"False","False",
"https://mgm.ibos.io/asset/assetAssign","base","button","button",,"","",,,,,"False","False",
"https://mgm.ibos.io/asset/assetAssign","base","button","button",,"","",,,,,"False","False",
"https://mgm.ibos.io/asset/assetAssign","base","button","button",,"","",,,,,"False","False",
"https://mgm.ibos.io/asset/assetAssign","base","input",,"combobox","","",,,"react-select-mgm-input",,"False","False","False"
"https://mgm.ibos.io/asset/assetAssign","base","input","hidden",,"","40513",,"branchList",,,"False","False","False"
"https://mgm.ibos.io/asset/assetAssign","base","div",,"tab","Asset Assign",,,,"rc-tabs-0-tab-assetAssign",,"False","False",
"https://mgm.ibos.io/asset/assetAssign","base","button","button",,"","",,,"rc-tabs-0-more",,"False","False",
"https://mgm.ibos.io/asset/assetAssign","base","input","text",,"","","Search asset, employee...",,,,"False","False","False"
"https://mgm.ibos.io/asset/assetAssign","base","button","button",,"","",,,,,"False","False",
"https://mgm.ibos.io/asset/assetAssign","base","button","button",,"Assign Asset","",,,,,"False","False",
"https://mgm.ibos.io/asset/assetAssign","base","input","text","combobox","","",,,"MGMForm_assetName",,"False","False","False"
"https://mgm.ibos.io/asset/assetAssign","base","input",,,"","","Select date",,"MGMForm_fromDate",,"False","False","False"
"https://mgm.ibos.io/asset/assetAssign","base","input",,,"","","Select date",,"MGMForm_toDate",,"False","False","False"
"https://mgm.ibos.io/asset/assetAssign","base","button","button",,"View","",,,,,"False","False",
"https://mgm.ibos.io/asset/assetAssign","base","select",,,"10 25 50 100 200 500 1000","50",,,,,"False","False",
"https://mgm.ibos.io/asset/assetAssign","base","button","button",,"<","",,,,,"True","False",
"https://mgm.ibos.io/asset/assetAssign","base","button","button",,"1","",,,,,"False","False",
"https://mgm.ibos.io/asset/assetAssign","base","button","button",,">","",,,,,"True","False",
"https://mgm.ibos.io/asset/assetAssign","tab:Asset Assign","input","text",,"","","Go to page...",,,,"False",,
"https://mgm.ibos.io/asset/assetAssign","tab:Asset Assign","button","button",,"","",,,,,"False",,
"https://mgm.ibos.io/asset/assetAssign","tab:Asset Assign","button","button",,"","",,,,,"False",,
"https://mgm.ibos.io/asset/assetAssign","tab:Asset Assign","button","button",,"","",,,,,"False",,
"https://mgm.ibos.io/asset/assetAssign","tab:Asset Assign","button","button",,"","",,,,,"False",,
"https://mgm.ibos.io/asset/assetAssign","tab:Asset Assign","input",,,"","",,,,,"False",,
"https://mgm.ibos.io/asset/assetAssign","tab:Asset Assign","input","hidden",,"","40513",,,,,"False",,
"https://mgm.ibos.io/asset/assetAssign","tab:Asset Assign","button","button",,"","",,,,,"False",,
"https://mgm.ibos.io/asset/assetAssign","tab:Asset Assign","input","text",,"","","Search asset, employee...",,,,"False",,
"https://mgm.ibos.io/asset/assetAssign","tab:Asset Assign","button","button",,"","",,,,,"False",,
"https://mgm.ibos.io/asset/assetAssign","tab:Asset Assign","button","button",,"Assign Asset","",,,,,"False",,
"https://mgm.ibos.io/asset/assetAssign","tab:Asset Assign","input","text",,"","",,,,,"False",,
"https://mgm.ibos.io/asset/assetAssign","tab:Asset Assign","input",,,"","","Select date",,,,"False",,
"https://mgm.ibos.io/asset/assetAssign","tab:Asset Assign","input",,,"","","Select date",,,,"False",,
"https://mgm.ibos.io/asset/assetAssign","tab:Asset Assign","button","button",,"View","",,,,,"False",,
"https://mgm.ibos.io/asset/assetAssign","tab:Asset Assign","select",,,"10 25 50 100 200 500 1000","50",,,,,"False",,
"https://mgm.ibos.io/asset/assetAssign","tab:Asset Assign","button","button",,"<","",,,,,"True",,
"https://mgm.ibos.io/asset/assetAssign","tab:Asset Assign","button","button",,"1","",,,,,"False",,
"https://mgm.ibos.io/asset/assetAssign","tab:Asset Assign","button","button",,">","",,,,,"True",,
"https://mgm.ibos.io/asset/assetDashboard","base","input","text",,"","","Go to page...",,,,"False","False","False"
"https://mgm.ibos.io/asset/assetDashboard","base","button","button",,"","",,,,,"False","False",
"https://mgm.ibos.io/asset/assetDashboard","base","button","button",,"","",,,,,"False","False",
"https://mgm.ibos.io/asset/assetDashboard","base","button","button",,"","",,,,,"False","False",
"https://mgm.ibos.io/asset/assetDashboard","base","button","button",,"","",,,,,"False","False",
"https://mgm.ibos.io/asset/assetDashboard","base","input",,"combobox","","",,,"react-select-mgm-input",,"False","False","False"
"https://mgm.ibos.io/asset/assetDashboard","base","input","hidden",,"","40513",,"branchList",,,"False","False","False"
"https://mgm.ibos.io/asset/assetDepreciation","base","input","text",,"","","Go to page...",,,,"False","False","False"
"https://mgm.ibos.io/asset/assetDepreciation","base","button","button",,"","",,,,,"False","False",
"https://mgm.ibos.io/asset/assetDepreciation","base","button","button",,"","",,,,,"False","False",
"https://mgm.ibos.io/asset/assetDepreciation","base","button","button",,"","",,,,,"False","False",
"https://mgm.ibos.io/asset/assetDepreciation","base","button","button",,"","",,,,,"False","False",
"https://mgm.ibos.io/asset/assetDepreciation","base","input",,"combobox","","",,,"react-select-mgm-input",,"False","False","False"
"https://mgm.ibos.io/asset/assetDepreciation","base","input","hidden",,"","40513",,"branchList",,,"False","False","False"
"https://mgm.ibos.io/asset/assetDepreciation","base","div",,"tab","Asset Depreciation",,,,"rc-tabs-0-tab-depreciation",,"False","False",
"https://mgm.ibos.io/asset/assetDepreciation","base","button","button",,"","",,,"rc-tabs-0-more",,"False","False",
"https://mgm.ibos.io/asset/assetDepreciation","base","input","text",,"","","Search run by, total depreciation...",,,,"False","False","False"
"https://mgm.ibos.io/asset/assetDepreciation","base","button","button",,"","",,,,,"False","False",
"https://mgm.ibos.io/asset/assetDepreciation","base","button","button",,"Run Depreciation","",,,,,"True","False",
"https://mgm.ibos.io/asset/assetDepreciation","base","input",,,"","","Select date",,"MGMForm_runDate",,"False","False","False"
"https://mgm.ibos.io/asset/assetDepreciation","base","select",,,"15 25 50 100 200 500 1000","15",,,,,"False","False",
"https://mgm.ibos.io/asset/assetDepreciation","base","button","button",,"<","",,,,,"True","False",
"https://mgm.ibos.io/asset/assetDepreciation","base","button","button",,"1","",,,,,"False","False",
"https://mgm.ibos.io/asset/assetDepreciation","base","button","button",,">","",,,,,"True","False",
"https://mgm.ibos.io/asset/assetDepreciation","tab:Asset Depreciation","input","text",,"","","Go to page...",,,,"False",,
"https://mgm.ibos.io/asset/assetDepreciation","tab:Asset Depreciation","button","button",,"","",,,,,"False",,
"https://mgm.ibos.io/asset/assetDepreciation","tab:Asset Depreciation","button","button",,"","",,,,,"False",,
"https://mgm.ibos.io/asset/assetDepreciation","tab:Asset Depreciation","button","button",,"","",,,,,"False",,
"https://mgm.ibos.io/asset/assetDepreciation","tab:Asset Depreciation","button","button",,"","",,,,,"False",,
"https://mgm.ibos.io/asset/assetDepreciation","tab:Asset Depreciation","input",,,"","",,,,,"False",,
"https://mgm.ibos.io/asset/assetDepreciation","tab:Asset Depreciation","input","hidden",,"","40513",,,,,"False",,
"https://mgm.ibos.io/asset/assetDepreciation","tab:Asset Depreciation","button","button",,"","",,,,,"False",,
"https://mgm.ibos.io/asset/assetDepreciation","tab:Asset Depreciation","input","text",,"","","Search run by, total depreciation...",,,,"False",,
"https://mgm.ibos.io/asset/assetDepreciation","tab:Asset Depreciation","button","button",,"","",,,,,"False",,
"https://mgm.ibos.io/asset/assetDepreciation","tab:Asset Depreciation","button","button",,"Run Depreciation","",,,,,"True",,
"https://mgm.ibos.io/asset/assetDepreciation","tab:Asset Depreciation","input",,,"","","Select date",,,,"False",,
"https://mgm.ibos.io/asset/assetDepreciation","tab:Asset Depreciation","select",,,"15 25 50 100 200 500 1000","15",,,,,"False",,
"https://mgm.ibos.io/asset/assetDepreciation","tab:Asset Depreciation","button","button",,"<","",,,,,"True",,
"https://mgm.ibos.io/asset/assetDepreciation","tab:Asset Depreciation","button","button",,"1","",,,,,"False",,
"https://mgm.ibos.io/asset/assetDepreciation","tab:Asset Depreciation","button","button",,">","",,,,,"True",,
"https://mgm.ibos.io/asset/assetDisposal","base","input","text",,"","","Go to page...",,,,"False","False","False"
"https://mgm.ibos.io/asset/assetDisposal","base","button","button",,"","",,,,,"False","False",
"https://mgm.ibos.io/asset/assetDisposal","base","button","button",,"","",,,,,"False","False",
"https://mgm.ibos.io/asset/assetDisposal","base","button","button",,"","",,,,,"False","False",
"https://mgm.ibos.io/asset/assetDisposal","base","button","button",,"","",,,,,"False","False",
"https://mgm.ibos.io/asset/assetDisposal","base","input",,"combobox","","",,,"react-select-mgm-input",,"False","False","False"
"https://mgm.ibos.io/asset/assetDisposal","base","input","hidden",,"","40513",,"branchList",,,"False","False","False"
"https://mgm.ibos.io/asset/assetDisposal","base","div",,"tab","Sales",,,,"rc-tabs-0-tab-sales",,"False","False",
"https://mgm.ibos.io/asset/assetDisposal","base","div",,"tab","Destroy",,,,"rc-tabs-0-tab-destroy",,"False","False",
"https://mgm.ibos.io/asset/assetDisposal","base","div",,"tab","Report",,,,"rc-tabs-0-tab-report",,"False","False",
"https://mgm.ibos.io/asset/assetDisposal","base","button","button",,"","",,,"rc-tabs-0-more",,"False","False",
"https://mgm.ibos.io/asset/assetDisposal","base","input","text",,"","","Search customer, amount...",,,,"False","False","False"
"https://mgm.ibos.io/asset/assetDisposal","base","button","button",,"","",,,,,"False","False",
"https://mgm.ibos.io/asset/assetDisposal","base","button","button",,"Create Disposal","",,,,,"False","False",
"https://mgm.ibos.io/asset/assetDisposal","base","select",,,"10 25 50 100 200 500 1000","10",,,,,"False","False",
"https://mgm.ibos.io/asset/assetDisposal","base","button","button",,"<","",,,,,"True","False",
"https://mgm.ibos.io/asset/assetDisposal","base","button","button",,"1","",,,,,"False","False",
"https://mgm.ibos.io/asset/assetDisposal","base","button","button",,">","",,,,,"True","False",
"https://mgm.ibos.io/asset/assetDisposal","tab:Sales","input","text",,"","","Go to page...",,,,"False",,
"https://mgm.ibos.io/asset/assetDisposal","tab:Sales","button","button",,"","",,,,,"False",,
"https://mgm.ibos.io/asset/assetDisposal","tab:Sales","button","button",,"","",,,,,"False",,
"https://mgm.ibos.io/asset/assetDisposal","tab:Sales","button","button",,"","",,,,,"False",,
"https://mgm.ibos.io/asset/assetDisposal","tab:Sales","button","button",,"","",,,,,"False",,
"https://mgm.ibos.io/asset/assetDisposal","tab:Sales","input",,,"","",,,,,"False",,
"https://mgm.ibos.io/asset/assetDisposal","tab:Sales","input","hidden",,"","40513",,,,,"False",,
"https://mgm.ibos.io/asset/assetDisposal","tab:Sales","button","button",,"","",,,,,"False",,
"https://mgm.ibos.io/asset/assetDisposal","tab:Sales","input","text",,"","","Search customer, amount...",,,,"False",,
"https://mgm.ibos.io/asset/assetDisposal","tab:Sales","button","button",,"","",,,,,"False",,
"https://mgm.ibos.io/asset/assetDisposal","tab:Sales","button","button",,"Create Disposal","",,,,,"False",,
"https://mgm.ibos.io/asset/assetDisposal","tab:Sales","select",,,"10 25 50 100 200 500 1000","10",,,,,"False",,
"https://mgm.ibos.io/asset/assetDisposal","tab:Sales","button","button",,"<","",,,,,"True",,
"https://mgm.ibos.io/asset/assetDisposal","tab:Sales","button","button",,"1","",,,,,"False",,
"https://mgm.ibos.io/asset/assetDisposal","tab:Sales","button","button",,">","",,,,,"True",,
"https://mgm.ibos.io/asset/assetDisposal","tab:Destroy","input","text",,"","","Go to page...",,,,"False",,
"https://mgm.ibos.io/asset/assetDisposal","tab:Destroy","button","button",,"","",,,,,"False",,
"https://mgm.ibos.io/asset/assetDisposal","tab:Destroy","button","button",,"","",,,,,"False",,
"https://mgm.ibos.io/asset/assetDisposal","tab:Destroy","button","button",,"","",,,,,"False",,
"https://mgm.ibos.io/asset/assetDisposal","tab:Destroy","button","button",,"","",,,,,"False",,
"https://mgm.ibos.io/asset/assetDisposal","tab:Destroy","input",,,"","",,,,,"False",,
"https://mgm.ibos.io/asset/assetDisposal","tab:Destroy","input","hidden",,"","40513",,,,,"False",,
"https://mgm.ibos.io/asset/assetDisposal","tab:Destroy","button","button",,"","",,,,,"False",,
"https://mgm.ibos.io/asset/assetDisposal","tab:Destroy","button","button",,"EXCEL","",,,,,"True",,
"https://mgm.ibos.io/asset/assetDisposal","tab:Destroy","button","button",,"PDF","",,,,,"False",,
"https://mgm.ibos.io/asset/assetDisposal","tab:Destroy","button","button",,"Create Disposal","",,,,,"False",,
"https://mgm.ibos.io/asset/assetDisposal","tab:Destroy","input","text",,"","",,,,,"False",,
"https://mgm.ibos.io/asset/assetDisposal","tab:Destroy","input",,,"","13/09/2026","Select date",,,,"False",,
"https://mgm.ibos.io/asset/assetDisposal","tab:Destroy","button","button",,"","",,,,,"False",,
"https://mgm.ibos.io/asset/assetDisposal","tab:Destroy","input",,,"","13/09/2026","Select date",,,,"False",,
"https://mgm.ibos.io/asset/assetDisposal","tab:Destroy","button","button",,"","",,,,,"False",,
"https://mgm.ibos.io/asset/assetDisposal","tab:Destroy","button","button",,"View","",,,,,"False",,
"https://mgm.ibos.io/asset/assetDisposal","tab:Destroy","select",,,"10 25 50 100 200 500 1000","10",,,,,"False",,
"https://mgm.ibos.io/asset/assetDisposal","tab:Destroy","button","button",,"<","",,,,,"True",,
"https://mgm.ibos.io/asset/assetDisposal","tab:Destroy","button","button",,"1","",,,,,"False",,
"https://mgm.ibos.io/asset/assetDisposal","tab:Destroy","button","button",,">","",,,,,"True",,
"https://mgm.ibos.io/asset/assetDisposal","tab:Report","input","text",,"","","Go to page...",,,,"False",,
"https://mgm.ibos.io/asset/assetDisposal","tab:Report","button","button",,"","",,,,,"False",,
"https://mgm.ibos.io/asset/assetDisposal","tab:Report","button","button",,"","",,,,,"False",,
"https://mgm.ibos.io/asset/assetDisposal","tab:Report","button","button",,"","",,,,,"False",,
"https://mgm.ibos.io/asset/assetDisposal","tab:Report","button","button",,"","",,,,,"False",,
"https://mgm.ibos.io/asset/assetDisposal","tab:Report","input",,,"","",,,,,"False",,
"https://mgm.ibos.io/asset/assetDisposal","tab:Report","input","hidden",,"","40513",,,,,"False",,
"https://mgm.ibos.io/asset/assetDisposal","tab:Report","button","button",,"","",,,,,"False",,
"https://mgm.ibos.io/asset/assetDisposal","tab:Report","button","button",,"Create Disposal","",,,,,"False",,
"https://mgm.ibos.io/asset/assetDisposal","tab:Report","input","text",,"","",,,,,"False",,
"https://mgm.ibos.io/asset/assetDisposal","tab:Report","input","text",,"","",,,,,"False",,
"https://mgm.ibos.io/asset/assetDisposal","tab:Report","input",,,"","13/09/2026","Select date",,,,"False",,
"https://mgm.ibos.io/asset/assetDisposal","tab:Report","button","button",,"","",,,,,"False",,
"https://mgm.ibos.io/asset/assetDisposal","tab:Report","input",,,"","13/09/2026","Select date",,,,"False",,
"https://mgm.ibos.io/asset/assetDisposal","tab:Report","button","button",,"","",,,,,"False",,
"https://mgm.ibos.io/asset/assetDisposal","tab:Report","button","button",,"View","",,,,,"True",,
"https://mgm.ibos.io/asset/assetDisposal","tab:Report","select",,,"10 25 50 100 200 500 1000","10",,,,,"False",,
"https://mgm.ibos.io/asset/assetDisposal","tab:Report","button","button",,"<","",,,,,"True",,
"https://mgm.ibos.io/asset/assetDisposal","tab:Report","button","button",,"1","",,,,,"False",,
"https://mgm.ibos.io/asset/assetDisposal","tab:Report","button","button",,">","",,,,,"True",,
"https://mgm.ibos.io/asset/assetMaintenance","base","input","text",,"","","Go to page...",,,,"False","False","False"
"https://mgm.ibos.io/asset/assetMaintenance","base","button","button",,"","",,,,,"False","False",
"https://mgm.ibos.io/asset/assetMaintenance","base","button","button",,"","",,,,,"False","False",
"https://mgm.ibos.io/asset/assetMaintenance","base","button","button",,"","",,,,,"False","False",
"https://mgm.ibos.io/asset/assetMaintenance","base","button","button",,"","",,,,,"False","False",
"https://mgm.ibos.io/asset/assetMaintenance","base","input",,"combobox","","",,,"react-select-mgm-input",,"False","False","False"
"https://mgm.ibos.io/asset/assetMaintenance","base","input","hidden",,"","40513",,"branchList",,,"False","False","False"
"https://mgm.ibos.io/asset/assetMaintenance","base","div",,"tab","Asset Maintenance",,,,"rc-tabs-0-tab-assetMaintenance",,"False","False",
"https://mgm.ibos.io/asset/assetMaintenance","base","button","button",,"","",,,"rc-tabs-0-more",,"False","False",
"https://mgm.ibos.io/asset/assetMaintenance","base","input","text",,"","","Search asset name, code...",,,,"False","False","False"
"https://mgm.ibos.io/asset/assetMaintenance","base","button","button",,"","",,,,,"False","False",
"https://mgm.ibos.io/asset/assetMaintenance","base","button","button",,"Asset Maintenance","",,,,,"False","False",
"https://mgm.ibos.io/asset/assetMaintenance","base","select",,,"15 25 50 100 200","15",,,,,"False","False",
"https://mgm.ibos.io/asset/assetMaintenance","base","button","button",,"<","",,,,,"True","False",
"https://mgm.ibos.io/asset/assetMaintenance","base","button","button",,"1","",,,,,"False","False",
"https://mgm.ibos.io/asset/assetMaintenance","base","button","button",,">","",,,,,"True","False",
"https://mgm.ibos.io/asset/assetMaintenance","tab:Asset Maintenance","input","text",,"","","Go to page...",,,,"False",,
"https://mgm.ibos.io/asset/assetMaintenance","tab:Asset Maintenance","button","button",,"","",,,,,"False",,
"https://mgm.ibos.io/asset/assetMaintenance","tab:Asset Maintenance","button","button",,"","",,,,,"False",,
"https://mgm.ibos.io/asset/assetMaintenance","tab:Asset Maintenance","button","button",,"","",,,,,"False",,
"https://mgm.ibos.io/asset/assetMaintenance","tab:Asset Maintenance","button","button",,"","",,,,,"False",,
"https://mgm.ibos.io/asset/assetMaintenance","tab:Asset Maintenance","input",,,"","",,,,,"False",,
"https://mgm.ibos.io/asset/assetMaintenance","tab:Asset Maintenance","input","hidden",,"","40513",,,,,"False",,
"https://mgm.ibos.io/asset/assetMaintenance","tab:Asset Maintenance","button","button",,"","",,,,,"False",,
"https://mgm.ibos.io/asset/assetMaintenance","tab:Asset Maintenance","input","text",,"","","Search asset name, code...",,,,"False",,
"https://mgm.ibos.io/asset/assetMaintenance","tab:Asset Maintenance","button","button",,"","",,,,,"False",,
"https://mgm.ibos.io/asset/assetMaintenance","tab:Asset Maintenance","button","button",,"Asset Maintenance","",,,,,"False",,
"https://mgm.ibos.io/asset/assetMaintenance","tab:Asset Maintenance","select",,,"15 25 50 100 200","15",,,,,"False",,
"https://mgm.ibos.io/asset/assetMaintenance","tab:Asset Maintenance","button","button",,"<","",,,,,"True",,
"https://mgm.ibos.io/asset/assetMaintenance","tab:Asset Maintenance","button","button",,"1","",,,,,"False",,
"https://mgm.ibos.io/asset/assetMaintenance","tab:Asset Maintenance","button","button",,">","",,,,,"True",,
"https://mgm.ibos.io/asset/assetRegister","base","input","text",,"","","Go to page...",,,,"False","False","False"
"https://mgm.ibos.io/asset/assetRegister","base","button","button",,"","",,,,,"False","False",
"https://mgm.ibos.io/asset/assetRegister","base","button","button",,"","",,,,,"False","False",
"https://mgm.ibos.io/asset/assetRegister","base","button","button",,"","",,,,,"False","False",
"https://mgm.ibos.io/asset/assetRegister","base","button","button",,"","",,,,,"False","False",
"https://mgm.ibos.io/asset/assetRegister","base","input",,"combobox","","",,,"react-select-mgm-input",,"False","False","False"
"https://mgm.ibos.io/asset/assetRegister","base","input","hidden",,"","40513",,"branchList",,,"False","False","False"
"https://mgm.ibos.io/asset/assetRegister","base","div",,"tab","Pend. Registration",,,,"rc-tabs-0-tab-0",,"False","False",
"https://mgm.ibos.io/asset/assetRegister","base","div",,"tab","Conv. Asset Registration",,,,"rc-tabs-0-tab-1",,"False","False",
"https://mgm.ibos.io/asset/assetRegister","base","div",,"tab","Asset List",,,,"rc-tabs-0-tab-2",,"False","False",
"https://mgm.ibos.io/asset/assetRegister","base","button","button",,"","",,,"rc-tabs-0-more",,"False","False",
"https://mgm.ibos.io/asset/assetRegister","base","input","text",,"","","Search...",,,,"False","False","False"
"https://mgm.ibos.io/asset/assetRegister","base","button","button",,"","",,,,,"False","False",
"https://mgm.ibos.io/asset/assetRegister","base","button","button",,"PDF","",,,,,"False","False",
"https://mgm.ibos.io/asset/assetRegister","base","button","button",,"Excel","",,,,,"False","False",
"https://mgm.ibos.io/asset/assetRegister","base","input","text","combobox","","",,,"MGMForm_division",,"False","False","False"
"https://mgm.ibos.io/asset/assetRegister","base","input","text","combobox","","",,,"MGMForm_category",,"False","False","False"
"https://mgm.ibos.io/asset/assetRegister","base","input","text","combobox","","",,,"MGMForm_subCategory",,"False","False","False"
"https://mgm.ibos.io/asset/assetRegister","base","input","text","combobox","","",,,"MGMForm_minorCategory",,"False","False","False"
"https://mgm.ibos.io/asset/assetRegister","base","button","button",,"View","",,,,,"False","False",
"https://mgm.ibos.io/asset/assetRegister","base","select",,,"10 25 50 100 200 500 1000","50",,,,,"False","False",
"https://mgm.ibos.io/asset/assetRegister","base","button","button",,"<","",,,,,"True","False",
"https://mgm.ibos.io/asset/assetRegister","base","button","button",,"1","",,,,,"False","False",
"https://mgm.ibos.io/asset/assetRegister","base","button","button",,">","",,,,,"True","False",
"https://mgm.ibos.io/asset/assetRegister","tab:Pend. Registration","input","text",,"","","Go to page...",,,,"False",,
"https://mgm.ibos.io/asset/assetRegister","tab:Pend. Registration","button","button",,"","",,,,,"False",,
"https://mgm.ibos.io/asset/assetRegister","tab:Pend. Registration","button","button",,"","",,,,,"False",,
"https://mgm.ibos.io/asset/assetRegister","tab:Pend. Registration","button","button",,"","",,,,,"False",,
"https://mgm.ibos.io/asset/assetRegister","tab:Pend. Registration","button","button",,"","",,,,,"False",,
"https://mgm.ibos.io/asset/assetRegister","tab:Pend. Registration","input",,,"","",,,,,"False",,
"https://mgm.ibos.io/asset/assetRegister","tab:Pend. Registration","input","hidden",,"","40513",,,,,"False",,
"https://mgm.ibos.io/asset/assetRegister","tab:Pend. Registration","button","button",,"","",,,,,"False",,
"https://mgm.ibos.io/asset/assetRegister","tab:Pend. Registration","input","text",,"","","Search...",,,,"False",,
"https://mgm.ibos.io/asset/assetRegister","tab:Pend. Registration","button","button",,"","",,,,,"False",,
"https://mgm.ibos.io/asset/assetRegister","tab:Pend. Registration","button","button",,"PDF","",,,,,"False",,
"https://mgm.ibos.io/asset/assetRegister","tab:Pend. Registration","button","button",,"Excel","",,,,,"False",,
"https://mgm.ibos.io/asset/assetRegister","tab:Pend. Registration","input","text",,"","",,,,,"False",,
"https://mgm.ibos.io/asset/assetRegister","tab:Pend. Registration","input","text",,"","",,,,,"False",,
"https://mgm.ibos.io/asset/assetRegister","tab:Pend. Registration","input","text",,"","",,,,,"False",,
"https://mgm.ibos.io/asset/assetRegister","tab:Pend. Registration","input","text",,"","",,,,,"False",,
"https://mgm.ibos.io/asset/assetRegister","tab:Pend. Registration","button","button",,"View","",,,,,"False",,
"https://mgm.ibos.io/asset/assetRegister","tab:Conv. Asset Registration","input","text",,"","","Go to page...",,,,"False",,
"https://mgm.ibos.io/asset/assetRegister","tab:Conv. Asset Registration","button","button",,"","",,,,,"False",,
"https://mgm.ibos.io/asset/assetRegister","tab:Conv. Asset Registration","button","button",,"","",,,,,"False",,
"https://mgm.ibos.io/asset/assetRegister","tab:Conv. Asset Registration","button","button",,"","",,,,,"False",,
"https://mgm.ibos.io/asset/assetRegister","tab:Conv. Asset Registration","button","button",,"","",,,,,"False",,
"https://mgm.ibos.io/asset/assetRegister","tab:Conv. Asset Registration","input",,,"","",,,,,"False",,
"https://mgm.ibos.io/asset/assetRegister","tab:Conv. Asset Registration","input","hidden",,"","40513",,,,,"False",,
"https://mgm.ibos.io/asset/assetRegister","tab:Conv. Asset Registration","button","button",,"","",,,,,"False",,
"https://mgm.ibos.io/asset/assetRegister","tab:Conv. Asset Registration","input","text",,"","","Search...",,,,"False",,
"https://mgm.ibos.io/asset/assetRegister","tab:Conv. Asset Registration","button","button",,"","",,,,,"False",,
"https://mgm.ibos.io/asset/assetRegister","tab:Conv. Asset Registration","button","button",,"PDF","",,,,,"False",,
"https://mgm.ibos.io/asset/assetRegister","tab:Conv. Asset Registration","button","button",,"Excel","",,,,,"False",,
"https://mgm.ibos.io/asset/assetRegister","tab:Conv. Asset Registration","input","text",,"","",,,,,"False",,
"https://mgm.ibos.io/asset/assetRegister","tab:Conv. Asset Registration","input","text",,"","",,,,,"False",,
"https://mgm.ibos.io/asset/assetRegister","tab:Conv. Asset Registration","input","text",,"","",,,,,"False",,
"https://mgm.ibos.io/asset/assetRegister","tab:Conv. Asset Registration","input","text",,"","",,,,,"False",,
"https://mgm.ibos.io/asset/assetRegister","tab:Conv. Asset Registration","input",,,"","13/08/2026","Select date",,,,"False",,
"https://mgm.ibos.io/asset/assetRegister","tab:Conv. Asset Registration","button","button",,"","",,,,,"False",,
"https://mgm.ibos.io/asset/assetRegister","tab:Conv. Asset Registration","input",,,"","13/09/2026","Select date",,,,"False",,
"https://mgm.ibos.io/asset/assetRegister","tab:Conv. Asset Registration","button","button",,"","",,,,,"False",,
"https://mgm.ibos.io/asset/assetRegister","tab:Conv. Asset Registration","button","button",,"View","",,,,,"False",,
"https://mgm.ibos.io/asset/assetRegister","tab:Conv. Asset Registration","select",,,"10 25 50 100 200 500 1000","50",,,,,"False",,
"https://mgm.ibos.io/asset/assetRegister","tab:Conv. Asset Registration","button","button",,"<","",,,,,"True",,
"https://mgm.ibos.io/asset/assetRegister","tab:Conv. Asset Registration","button","button",,"1","",,,,,"False",,
"https://mgm.ibos.io/asset/assetRegister","tab:Conv. Asset Registration","button","button",,">","",,,,,"True",,
"https://mgm.ibos.io/asset/assetRegister","tab:Asset List","input","text",,"","","Go to page...",,,,"False",,
"https://mgm.ibos.io/asset/assetRegister","tab:Asset List","button","button",,"","",,,,,"False",,
"https://mgm.ibos.io/asset/assetRegister","tab:Asset List","button","button",,"","",,,,,"False",,
"https://mgm.ibos.io/asset/assetRegister","tab:Asset List","button","button",,"","",,,,,"False",,
"https://mgm.ibos.io/asset/assetRegister","tab:Asset List","button","button",,"","",,,,,"False",,
"https://mgm.ibos.io/asset/assetRegister","tab:Asset List","input",,,"","",,,,,"False",,
"https://mgm.ibos.io/asset/assetRegister","tab:Asset List","input","hidden",,"","40513",,,,,"False",,
"https://mgm.ibos.io/asset/assetRegister","tab:Asset List","button","button",,"","",,,,,"False",,
"https://mgm.ibos.io/asset/assetRegister","tab:Asset List","input","text",,"","","Search...",,,,"False",,
"https://mgm.ibos.io/asset/assetRegister","tab:Asset List","button","button",,"","",,,,,"False",,
"https://mgm.ibos.io/asset/assetRegister","tab:Asset List","button","button",,"PDF","",,,,,"False",,
"https://mgm.ibos.io/asset/assetRegister","tab:Asset List","button","button",,"Excel","",,,,,"False",,
"https://mgm.ibos.io/asset/assetRegister","tab:Asset List","input","text",,"","",,,,,"False",,
"https://mgm.ibos.io/asset/assetRegister","tab:Asset List","input","text",,"","",,,,,"False",,
"https://mgm.ibos.io/asset/assetRegister","tab:Asset List","input","text",,"","",,,,,"False",,
"https://mgm.ibos.io/asset/assetRegister","tab:Asset List","input","text",,"","",,,,,"False",,
"https://mgm.ibos.io/asset/assetRegister","tab:Asset List","button","button",,"View","",,,,,"False",,
"https://mgm.ibos.io/asset/assetRegister","tab:Asset List","select",,,"10 25 50 100 200 500 1000","50",,,,,"False",,
"https://mgm.ibos.io/asset/assetRegister","tab:Asset List","button","button",,"<","",,,,,"True",,
"https://mgm.ibos.io/asset/assetRegister","tab:Asset List","button","button",,"1","",,,,,"False",,
"https://mgm.ibos.io/asset/assetRegister","tab:Asset List","button","button",,">","",,,,,"True",,
"https://mgm.ibos.io/asset/assetReport","base","input","text",,"","","Go to page...",,,,"False","False","False"
"https://mgm.ibos.io/asset/assetReport","base","button","button",,"","",,,,,"False","False",
"https://mgm.ibos.io/asset/assetReport","base","button","button",,"","",,,,,"False","False",
"https://mgm.ibos.io/asset/assetReport","base","button","button",,"","",,,,,"False","False",
"https://mgm.ibos.io/asset/assetReport","base","button","button",,"","",,,,,"False","False",
"https://mgm.ibos.io/asset/assetReport","base","input",,"combobox","","",,,"react-select-mgm-input",,"False","False","False"
"https://mgm.ibos.io/asset/assetReport","base","input","hidden",,"","40513",,"branchList",,,"False","False","False"
"https://mgm.ibos.io/asset/assetReport","base","div",,"tab","Asset Report",,,,"rc-tabs-0-tab-assetDetailsReport",,"False","False",
"https://mgm.ibos.io/asset/assetReport","base","button","button",,"","",,,"rc-tabs-0-more",,"False","False",
"https://mgm.ibos.io/asset/assetReport","base","input","text",,"","","Search...",,,,"False","False","False"
"https://mgm.ibos.io/asset/assetReport","base","button","button",,"","",,,,,"False","False",
"https://mgm.ibos.io/asset/assetReport","base","button","button",,"Print/Pdf","",,,,,"True","False",
"https://mgm.ibos.io/asset/assetReport","base","button","button",,"Excel","",,,,,"True","False",
"https://mgm.ibos.io/asset/assetReport","base","input","text","combobox","","",,,"MGMForm_viewBy",,"False","False","False"
"https://mgm.ibos.io/asset/assetReport","base","input","text","combobox","","",,,"MGMForm_division",,"False","False","False"
"https://mgm.ibos.io/asset/assetReport","base","input","text","combobox","","",,,"MGMForm_category",,"False","False","False"
"https://mgm.ibos.io/asset/assetReport","base","input","text","combobox","","",,,"MGMForm_subCategory",,"False","False","False"
"https://mgm.ibos.io/asset/assetReport","base","button","button",,"View","",,,,,"False","False",
"https://mgm.ibos.io/asset/assetReport","base","select",,,"10 25 50 100 200 500 1000","10",,,,,"False","False",
"https://mgm.ibos.io/asset/assetReport","base","button","button",,"<","",,,,,"True","False",
"https://mgm.ibos.io/asset/assetReport","base","button","button",,"1","",,,,,"False","False",
"https://mgm.ibos.io/asset/assetReport","base","button","button",,">","",,,,,"True","False",
"https://mgm.ibos.io/asset/assetReport","tab:Asset Report","input","text",,"","","Go to page...",,,,"False",,
"https://mgm.ibos.io/asset/assetReport","tab:Asset Report","button","button",,"","",,,,,"False",,
"https://mgm.ibos.io/asset/assetReport","tab:Asset Report","button","button",,"","",,,,,"False",,
"https://mgm.ibos.io/asset/assetReport","tab:Asset Report","button","button",,"","",,,,,"False",,
"https://mgm.ibos.io/asset/assetReport","tab:Asset Report","button","button",,"","",,,,,"False",,
"https://mgm.ibos.io/asset/assetReport","tab:Asset Report","input",,,"","",,,,,"False",,
"https://mgm.ibos.io/asset/assetReport","tab:Asset Report","input","hidden",,"","40513",,,,,"False",,
"https://mgm.ibos.io/asset/assetReport","tab:Asset Report","button","button",,"","",,,,,"False",,
"https://mgm.ibos.io/asset/assetReport","tab:Asset Report","input","text",,"","","Search...",,,,"False",,
"https://mgm.ibos.io/asset/assetReport","tab:Asset Report","button","button",,"","",,,,,"False",,
"https://mgm.ibos.io/asset/assetReport","tab:Asset Report","button","button",,"Print/Pdf","",,,,,"True",,
"https://mgm.ibos.io/asset/assetReport","tab:Asset Report","button","button",,"Excel","",,,,,"True",,
"https://mgm.ibos.io/asset/assetReport","tab:Asset Report","input","text",,"","",,,,,"False",,
"https://mgm.ibos.io/asset/assetReport","tab:Asset Report","input","text",,"","",,,,,"False",,
"https://mgm.ibos.io/asset/assetReport","tab:Asset Report","input","text",,"","",,,,,"False",,
"https://mgm.ibos.io/asset/assetReport","tab:Asset Report","input","text",,"","",,,,,"False",,
"https://mgm.ibos.io/asset/assetReport","tab:Asset Report","button","button",,"View","",,,,,"False",,
"https://mgm.ibos.io/asset/assetReport","tab:Asset Report","select",,,"10 25 50 100 200 500 1000","10",,,,,"False",,
"https://mgm.ibos.io/asset/assetReport","tab:Asset Report","button","button",,"<","",,,,,"True",,
"https://mgm.ibos.io/asset/assetReport","tab:Asset Report","button","button",,"1","",,,,,"False",,
"https://mgm.ibos.io/asset/assetReport","tab:Asset Report","button","button",,">","",,,,,"True",,
"https://mgm.ibos.io/commonapproval","base","input","text",,"","","Go to page...",,,,"False","False","False"
"https://mgm.ibos.io/commonapproval","base","button","button",,"","",,,,,"False","False",
"https://mgm.ibos.io/commonapproval","base","button","button",,"","",,,,,"False","False",
"https://mgm.ibos.io/commonapproval","base","button","button",,"","",,,,,"False","False",
"https://mgm.ibos.io/commonapproval","base","button","button",,"","",,,,,"False","False",
"https://mgm.ibos.io/commonapproval","base","input",,"combobox","","",,,"react-select-mgm-input",,"False","False","False"
"https://mgm.ibos.io/commonapproval","base","input","hidden",,"","40513",,"branchList",,,"False","False","False"
"https://mgm.ibos.io/config/approvalsetup","base","input","text",,"","","Go to page...",,,,"False","False","False"
"https://mgm.ibos.io/config/approvalsetup","base","button","button",,"","",,,,,"False","False",
"https://mgm.ibos.io/config/approvalsetup","base","button","button",,"","",,,,,"False","False",
"https://mgm.ibos.io/config/approvalsetup","base","button","button",,"","",,,,,"False","False",
"https://mgm.ibos.io/config/approvalsetup","base","button","button",,"","",,,,,"False","False",
"https://mgm.ibos.io/config/approvalsetup","base","input",,"combobox","","",,,"react-select-mgm-input",,"False","False","False"
"https://mgm.ibos.io/config/approvalsetup","base","input","hidden",,"","40513",,"branchList",,,"False","False","False"
"https://mgm.ibos.io/config/approvalsetup","base","div",,"tab","Approval Setup",,,,"rc-tabs-0-tab-approvalSetup",,"False","False",
"https://mgm.ibos.io/config/approvalsetup","base","button","button",,"","",,,"rc-tabs-0-more",,"False","False",
"https://mgm.ibos.io/config/approvalsetup","base","input","text",,"","","Search pipeline...",,,,"False","False","False"
"https://mgm.ibos.io/config/approvalsetup","base","button","button",,"","",,,,,"False","False",
"https://mgm.ibos.io/config/approvalsetup","base","button","button",,"Approval Setup","",,,,,"False","False",
"https://mgm.ibos.io/config/approvalsetup","base","button","button",,"","",,,,,"False","False",
"https://mgm.ibos.io/config/approvalsetup","base","button","button",,"","",,,,,"False","False",
"https://mgm.ibos.io/config/approvalsetup","base","button","button",,"","",,,,,"False","False",
"https://mgm.ibos.io/config/approvalsetup","base","select",,,"10 25 50 100 200 500 1000","50",,,,,"False","False",
"https://mgm.ibos.io/config/approvalsetup","base","button","button",,"<","",,,,,"True","False",
"https://mgm.ibos.io/config/approvalsetup","base","button","button",,"1","",,,,,"False","False",
"https://mgm.ibos.io/config/approvalsetup","base","button","button",,">","",,,,,"True","False",
"https://mgm.ibos.io/config/approvalsetup","tab:Approval Setup","input","text",,"","","Go to page...",,,,"False",,
"https://mgm.ibos.io/config/approvalsetup","tab:Approval Setup","button","button",,"","",,,,,"False",,
"https://mgm.ibos.io/config/approvalsetup","tab:Approval Setup","button","button",,"","",,,,,"False",,
"https://mgm.ibos.io/config/approvalsetup","tab:Approval Setup","button","button",,"","",,,,,"False",,
"https://mgm.ibos.io/config/approvalsetup","tab:Approval Setup","button","button",,"","",,,,,"False",,
"https://mgm.ibos.io/config/approvalsetup","tab:Approval Setup","input",,,"","",,,,,"False",,
"https://mgm.ibos.io/config/approvalsetup","tab:Approval Setup","input","hidden",,"","40513",,,,,"False",,
"https://mgm.ibos.io/config/approvalsetup","tab:Approval Setup","button","button",,"","",,,,,"False",,
"https://mgm.ibos.io/config/approvalsetup","tab:Approval Setup","input","text",,"","","Search pipeline...",,,,"False",,
"https://mgm.ibos.io/config/approvalsetup","tab:Approval Setup","button","button",,"","",,,,,"False",,
"https://mgm.ibos.io/config/approvalsetup","tab:Approval Setup","button","button",,"Approval Setup","",,,,,"False",,
"https://mgm.ibos.io/config/approvalsetup","tab:Approval Setup","button","button",,"","",,,,,"False",,
"https://mgm.ibos.io/config/approvalsetup","tab:Approval Setup","button","button",,"","",,,,,"False",,
"https://mgm.ibos.io/config/approvalsetup","tab:Approval Setup","button","button",,"","",,,,,"False",,
"https://mgm.ibos.io/config/approvalsetup","tab:Approval Setup","select",,,"10 25 50 100 200 500 1000","50",,,,,"False",,
"https://mgm.ibos.io/config/approvalsetup","tab:Approval Setup","button","button",,"<","",,,,,"True",,
"https://mgm.ibos.io/config/approvalsetup","tab:Approval Setup","button","button",,"1","",,,,,"False",,
"https://mgm.ibos.io/config/approvalsetup","tab:Approval Setup","button","button",,">","",,,,,"True",,
"https://mgm.ibos.io/config/custoemerProfile","base","input","text",,"","","Go to page...",,,,"False","False","False"
"https://mgm.ibos.io/config/custoemerProfile","base","button","button",,"","",,,,,"False","False",
"https://mgm.ibos.io/config/custoemerProfile","base","button","button",,"","",,,,,"False","False",
"https://mgm.ibos.io/config/custoemerProfile","base","button","button",,"","",,,,,"False","False",
"https://mgm.ibos.io/config/custoemerProfile","base","button","button",,"","",,,,,"False","False",
"https://mgm.ibos.io/config/custoemerProfile","base","input",,"combobox","","",,,"react-select-mgm-input",,"False","False","False"
"https://mgm.ibos.io/config/custoemerProfile","base","input","hidden",,"","40513",,"branchList",,,"False","False","False"
"https://mgm.ibos.io/config/custoemerProfile","base","div",,"tab","Customer Details",,,,"rc-tabs-0-tab-details",,"False","False",
"https://mgm.ibos.io/config/custoemerProfile","base","div",,"tab","Sales Force Wise Customer Details",,,,"rc-tabs-0-tab-salesForce",,"False","False",
"https://mgm.ibos.io/config/custoemerProfile","base","button","button",,"","",,,"rc-tabs-0-more",,"False","False",
"https://mgm.ibos.io/config/custoemerProfile","base","input","text",,"","","Search...",,,,"False","False","False"
"https://mgm.ibos.io/config/custoemerProfile","base","button","button",,"","",,,,,"False","False",
"https://mgm.ibos.io/config/custoemerProfile","base","button","button",,"Bulk Upload","",,,,,"False","False",
"https://mgm.ibos.io/config/custoemerProfile","base","button","button",,"Customer","",,,,,"False","False",
"https://mgm.ibos.io/config/custoemerProfile","base","input","text","combobox","","",,,"MGMForm_office",,"False","False","False"
"https://mgm.ibos.io/config/custoemerProfile","base","input","text","combobox","","",,,"MGMForm_partnerGroup",,"False","False","False"
"https://mgm.ibos.io/config/custoemerProfile","base","input","text","combobox","","",,,"MGMForm_partnerSubGroup",,"False","False","False"
"https://mgm.ibos.io/config/custoemerProfile","base","input","text","combobox","","",,,"MGMForm_filterByStatus",,"False","False","False"
"https://mgm.ibos.io/config/custoemerProfile","base","input",,,"","","Select date",,"MGMForm_fromDate",,"False","False","False"
"https://mgm.ibos.io/config/custoemerProfile","base","input",,,"","","Select date",,"MGMForm_toDate",,"False","False","False"
"https://mgm.ibos.io/config/custoemerProfile","base","button","button",,"View","",,,,,"False","False",
"https://mgm.ibos.io/config/custoemerProfile","base","button","button",,"","",,,,,"False","False",
"https://mgm.ibos.io/config/custoemerProfile","base","button","button","switch","","",,,,,"False","False","true"
"https://mgm.ibos.io/config/custoemerProfile","base","button","button",,"","",,,,,"False","False",
"https://mgm.ibos.io/config/custoemerProfile","base","button","button",,"","",,,,,"False","False",
"https://mgm.ibos.io/config/custoemerProfile","base","button","button","switch","","",,,,,"False","False","true"
"https://mgm.ibos.io/config/custoemerProfile","base","button","button",,"","",,,,,"False","False",
"https://mgm.ibos.io/config/custoemerProfile","base","button","button",,"","",,,,,"False","False",
"https://mgm.ibos.io/config/custoemerProfile","base","button","button","switch","","",,,,,"False","False","true"
"https://mgm.ibos.io/config/custoemerProfile","base","button","button",,"","",,,,,"False","False",
"https://mgm.ibos.io/config/custoemerProfile","base","button","button",,"","",,,,,"False","False",
"https://mgm.ibos.io/config/custoemerProfile","base","button","button","switch","","",,,,,"False","False","true"
"https://mgm.ibos.io/config/custoemerProfile","base","button","button",,"","",,,,,"False","False",
"https://mgm.ibos.io/config/custoemerProfile","base","button","button",,"","",,,,,"False","False",
"https://mgm.ibos.io/config/custoemerProfile","base","button","button","switch","","",,,,,"False","False","true"
"https://mgm.ibos.io/config/custoemerProfile","base","button","button",,"","",,,,,"False","False",
"https://mgm.ibos.io/config/custoemerProfile","base","button","button",,"","",,,,,"False","False",
"https://mgm.ibos.io/config/custoemerProfile","base","button","button","switch","","",,,,,"False","False","true"
"https://mgm.ibos.io/config/custoemerProfile","base","button","button",,"","",,,,,"False","False",
"https://mgm.ibos.io/config/custoemerProfile","base","button","button",,"","",,,,,"False","False",
"https://mgm.ibos.io/config/custoemerProfile","base","select",,,"10 25 50 100 200 500 1000","50",,,,,"False","False",
"https://mgm.ibos.io/config/custoemerProfile","base","button","button",,"<","",,,,,"True","False",
"https://mgm.ibos.io/config/custoemerProfile","base","button","button",,"1","",,,,,"False","False",
"https://mgm.ibos.io/config/custoemerProfile","base","button","button",,">","",,,,,"True","False",
"https://mgm.ibos.io/config/custoemerProfile","tab:Customer Details","input","text",,"","","Go to page...",,,,"False",,
"https://mgm.ibos.io/config/custoemerProfile","tab:Customer Details","button","button",,"","",,,,,"False",,
"https://mgm.ibos.io/config/custoemerProfile","tab:Customer Details","button","button",,"","",,,,,"False",,
"https://mgm.ibos.io/config/custoemerProfile","tab:Customer Details","button","button",,"","",,,,,"False",,
"https://mgm.ibos.io/config/custoemerProfile","tab:Customer Details","button","button",,"","",,,,,"False",,
"https://mgm.ibos.io/config/custoemerProfile","tab:Customer Details","input",,,"","",,,,,"False",,
"https://mgm.ibos.io/config/custoemerProfile","tab:Customer Details","input","hidden",,"","40513",,,,,"False",,
"https://mgm.ibos.io/config/custoemerProfile","tab:Customer Details","button","button",,"","",,,,,"False",,
"https://mgm.ibos.io/config/custoemerProfile","tab:Customer Details","input","text",,"","","Search...",,,,"False",,
"https://mgm.ibos.io/config/custoemerProfile","tab:Customer Details","button","button",,"","",,,,,"False",,
"https://mgm.ibos.io/config/custoemerProfile","tab:Customer Details","button","button",,"Bulk Upload","",,,,,"False",,
"https://mgm.ibos.io/config/custoemerProfile","tab:Customer Details","button","button",,"Customer","",,,,,"False",,
"https://mgm.ibos.io/config/custoemerProfile","tab:Customer Details","input","text",,"","",,,,,"False",,
"https://mgm.ibos.io/config/custoemerProfile","tab:Customer Details","input","text",,"","",,,,,"False",,
"https://mgm.ibos.io/config/custoemerProfile","tab:Customer Details","input","text",,"","",,,,,"False",,
"https://mgm.ibos.io/config/custoemerProfile","tab:Customer Details","input","text",,"","",,,,,"False",,
"https://mgm.ibos.io/config/custoemerProfile","tab:Customer Details","input",,,"","","Select date",,,,"False",,
"https://mgm.ibos.io/config/custoemerProfile","tab:Customer Details","input",,,"","","Select date",,,,"False",,
"https://mgm.ibos.io/config/custoemerProfile","tab:Customer Details","button","button",,"View","",,,,,"False",,
"https://mgm.ibos.io/config/custoemerProfile","tab:Customer Details","button","button",,"","",,,,,"False",,
"https://mgm.ibos.io/config/custoemerProfile","tab:Customer Details","button","button",,"","",,,,,"False",,
"https://mgm.ibos.io/config/custoemerProfile","tab:Customer Details","button","button",,"","",,,,,"False",,
"https://mgm.ibos.io/config/custoemerProfile","tab:Customer Details","button","button",,"","",,,,,"False",,
"https://mgm.ibos.io/config/custoemerProfile","tab:Customer Details","button","button",,"","",,,,,"False",,
"https://mgm.ibos.io/config/custoemerProfile","tab:Customer Details","button","button",,"","",,,,,"False",,
"https://mgm.ibos.io/config/custoemerProfile","tab:Customer Details","button","button",,"","",,,,,"False",,
"https://mgm.ibos.io/config/custoemerProfile","tab:Customer Details","button","button",,"","",,,,,"False",,
"https://mgm.ibos.io/config/custoemerProfile","tab:Customer Details","button","button",,"","",,,,,"False",,
"https://mgm.ibos.io/config/custoemerProfile","tab:Customer Details","button","button",,"","",,,,,"False",,
"https://mgm.ibos.io/config/custoemerProfile","tab:Customer Details","button","button",,"","",,,,,"False",,
"https://mgm.ibos.io/config/custoemerProfile","tab:Customer Details","button","button",,"","",,,,,"False",,
"https://mgm.ibos.io/config/custoemerProfile","tab:Customer Details","button","button",,"","",,,,,"False",,
"https://mgm.ibos.io/config/custoemerProfile","tab:Customer Details","button","button",,"","",,,,,"False",,
"https://mgm.ibos.io/config/custoemerProfile","tab:Customer Details","button","button",,"","",,,,,"False",,
"https://mgm.ibos.io/config/custoemerProfile","tab:Customer Details","button","button",,"","",,,,,"False",,
"https://mgm.ibos.io/config/custoemerProfile","tab:Customer Details","button","button",,"","",,,,,"False",,
"https://mgm.ibos.io/config/custoemerProfile","tab:Customer Details","button","button",,"","",,,,,"False",,
"https://mgm.ibos.io/config/custoemerProfile","tab:Customer Details","button","button",,"","",,,,,"False",,
"https://mgm.ibos.io/config/custoemerProfile","tab:Customer Details","select",,,"10 25 50 100 200 500 1000","50",,,,,"False",,
"https://mgm.ibos.io/config/custoemerProfile","tab:Customer Details","button","button",,"<","",,,,,"True",,
"https://mgm.ibos.io/config/custoemerProfile","tab:Customer Details","button","button",,"1","",,,,,"False",,
"https://mgm.ibos.io/config/custoemerProfile","tab:Customer Details","button","button",,">","",,,,,"True",,
"https://mgm.ibos.io/config/custoemerProfile","tab:Sales Force Wise Customer Details","input","text",,"","","Go to page...",,,,"False",,
"https://mgm.ibos.io/config/custoemerProfile","tab:Sales Force Wise Customer Details","button","button",,"","",,,,,"False",,
"https://mgm.ibos.io/config/custoemerProfile","tab:Sales Force Wise Customer Details","button","button",,"","",,,,,"False",,
"https://mgm.ibos.io/config/custoemerProfile","tab:Sales Force Wise Customer Details","button","button",,"","",,,,,"False",,
"https://mgm.ibos.io/config/custoemerProfile","tab:Sales Force Wise Customer Details","button","button",,"","",,,,,"False",,
"https://mgm.ibos.io/config/custoemerProfile","tab:Sales Force Wise Customer Details","input",,,"","",,,,,"False",,
"https://mgm.ibos.io/config/custoemerProfile","tab:Sales Force Wise Customer Details","input","hidden",,"","40513",,,,,"False",,
"https://mgm.ibos.io/config/custoemerProfile","tab:Sales Force Wise Customer Details","button","button",,"","",,,,,"False",,
"https://mgm.ibos.io/config/custoemerProfile","tab:Sales Force Wise Customer Details","input","text",,"","","Search...",,,,"False",,
"https://mgm.ibos.io/config/custoemerProfile","tab:Sales Force Wise Customer Details","button","button",,"","",,,,,"False",,
"https://mgm.ibos.io/config/custoemerProfile","tab:Sales Force Wise Customer Details","button","button",,"Bulk Upload","",,,,,"False",,
"https://mgm.ibos.io/config/custoemerProfile","tab:Sales Force Wise Customer Details","button","button",,"Customer","",,,,,"False",,
"https://mgm.ibos.io/config/custoemerProfile","tab:Sales Force Wise Customer Details","input","text",,"","",,,,,"False",,
"https://mgm.ibos.io/config/custoemerProfile","tab:Sales Force Wise Customer Details","input","text",,"","",,,,,"False",,
"https://mgm.ibos.io/config/custoemerProfile","tab:Sales Force Wise Customer Details","input","text",,"","",,,,,"False",,
"https://mgm.ibos.io/config/custoemerProfile","tab:Sales Force Wise Customer Details","input","text",,"","",,,,,"False",,
"https://mgm.ibos.io/config/custoemerProfile","tab:Sales Force Wise Customer Details","input",,,"","","Select date",,,,"False",,
"https://mgm.ibos.io/config/custoemerProfile","tab:Sales Force Wise Customer Details","input",,,"","","Select date",,,,"False",,
"https://mgm.ibos.io/config/custoemerProfile","tab:Sales Force Wise Customer Details","button","button",,"View","",,,,,"False",,
"https://mgm.ibos.io/config/custoemerProfile","tab:Sales Force Wise Customer Details","button","button",,"","",,,,,"False",,
"https://mgm.ibos.io/config/custoemerProfile","tab:Sales Force Wise Customer Details","select",,,"10 25 50 100 200 500 1000","50",,,,,"False",,
"https://mgm.ibos.io/config/custoemerProfile","tab:Sales Force Wise Customer Details","button","button",,"<","",,,,,"True",,
"https://mgm.ibos.io/config/custoemerProfile","tab:Sales Force Wise Customer Details","button","button",,"1","",,,,,"False",,
"https://mgm.ibos.io/config/custoemerProfile","tab:Sales Force Wise Customer Details","button","button",,">","",,,,,"True",,
"https://mgm.ibos.io/config/employee","base","input","text",,"","","Go to page...",,,,"False","False","False"
"https://mgm.ibos.io/config/employee","base","button","button",,"","",,,,,"False","False",
"https://mgm.ibos.io/config/employee","base","button","button",,"","",,,,,"False","False",
"https://mgm.ibos.io/config/employee","base","button","button",,"","",,,,,"False","False",
"https://mgm.ibos.io/config/employee","base","button","button",,"","",,,,,"False","False",
"https://mgm.ibos.io/config/employee","base","input",,"combobox","","",,,"react-select-mgm-input",,"False","False","False"
"https://mgm.ibos.io/config/employee","base","input","hidden",,"","40513",,"branchList",,,"False","False","False"
"https://mgm.ibos.io/config/employee","base","div",,"tab","Employee",,,,"rc-tabs-0-tab-employee",,"False","False",
"https://mgm.ibos.io/config/employee","base","button","button",,"","",,,"rc-tabs-0-more",,"False","False",
"https://mgm.ibos.io/config/employee","base","input","text",,"","","Search employee...",,,,"False","False","False"
"https://mgm.ibos.io/config/employee","base","button","button",,"","",,,,,"False","False",
"https://mgm.ibos.io/config/employee","base","button","button",,"Excel","",,,,,"False","False",
"https://mgm.ibos.io/config/employee","base","button","button",,"Bulk Employee","",,,,,"False","False",
"https://mgm.ibos.io/config/employee","base","button","button",,"Employee Create","",,,,,"False","False",
"https://mgm.ibos.io/config/employee","base","input","text","combobox","","",,,"MGMForm_viewBy",,"False","False","False"
"https://mgm.ibos.io/config/employee","base","input","text","combobox","","",,,"MGMForm_userType",,"False","False","False"
"https://mgm.ibos.io/config/employee","base","input","text","combobox","","",,,"MGMForm_status",,"False","False","False"
"https://mgm.ibos.io/config/employee","base","button","button",,"View","",,,,,"False","False",
"https://mgm.ibos.io/config/employee","base","button","button",,"All Active","",,,,,"False","False",
"https://mgm.ibos.io/config/employee","base","button","button",,"All In-Active","",,,,,"False","False",
"https://mgm.ibos.io/config/employee","base","button","button",,"","",,,,,"False","False",
"https://mgm.ibos.io/config/employee","base","button","button",,"","",,,,,"False","False",
"https://mgm.ibos.io/config/employee","base","button","button",,"","",,,,,"False","False",
"https://mgm.ibos.io/config/employee","base","button","button",,"","",,,,,"False","False",
"https://mgm.ibos.io/config/employee","base","button","button",,"","",,,,,"False","False",
"https://mgm.ibos.io/config/employee","base","button","button",,"","",,,,,"False","False",
"https://mgm.ibos.io/config/employee","base","button","button",,"","",,,,,"False","False",
"https://mgm.ibos.io/config/employee","base","button","button",,"","",,,,,"False","False",
"https://mgm.ibos.io/config/employee","base","button","button",,"","",,,,,"False","False",
"https://mgm.ibos.io/config/employee","base","button","button",,"","",,,,,"False","False",
"https://mgm.ibos.io/config/employee","base","button","button",,"","",,,,,"False","False",
"https://mgm.ibos.io/config/employee","base","button","button",,"","",,,,,"False","False",
"https://mgm.ibos.io/config/employee","base","button","button",,"","",,,,,"False","False",
"https://mgm.ibos.io/config/employee","base","button","button",,"","",,,,,"False","False",
"https://mgm.ibos.io/config/employee","base","button","button",,"","",,,,,"False","False",
"https://mgm.ibos.io/config/employee","base","button","button",,"","",,,,,"False","False",
"https://mgm.ibos.io/config/employee","base","button","button",,"","",,,,,"False","False",
"https://mgm.ibos.io/config/employee","base","button","button",,"","",,,,,"False","False",
"https://mgm.ibos.io/config/employee","base","button","button",,"","",,,,,"False","False",
"https://mgm.ibos.io/config/employee","base","button","button",,"","",,,,,"False","False",
"https://mgm.ibos.io/config/employee","base","button","button",,"","",,,,,"False","False",
"https://mgm.ibos.io/config/employee","base","button","button",,"","",,,,,"False","False",
"https://mgm.ibos.io/config/employee","base","button","button",,"","",,,,,"False","False",
"https://mgm.ibos.io/config/employee","base","button","button",,"","",,,,,"False","False",
"https://mgm.ibos.io/config/employee","base","button","button",,"","",,,,,"False","False",
"https://mgm.ibos.io/config/employee","base","button","button",,"","",,,,,"False","False",
"https://mgm.ibos.io/config/employee","base","button","button",,"","",,,,,"False","False",
"https://mgm.ibos.io/config/employee","base","button","button",,"","",,,,,"False","False",
"https://mgm.ibos.io/config/employee","base","button","button",,"","",,,,,"False","False",
"https://mgm.ibos.io/config/employee","base","button","button",,"","",,,,,"False","False",
"https://mgm.ibos.io/config/employee","base","button","button",,"","",,,,,"False","False",
"https://mgm.ibos.io/config/employee","base","button","button",,"","",,,,,"False","False",
"https://mgm.ibos.io/config/employee","base","button","button",,"","",,,,,"False","False",
"https://mgm.ibos.io/config/employee","base","button","button",,"","",,,,,"False","False",
"https://mgm.ibos.io/config/employee","base","button","button",,"","",,,,,"False","False",
"https://mgm.ibos.io/config/employee","base","button","button",,"","",,,,,"False","False",
"https://mgm.ibos.io/config/employee","base","button","button",,"","",,,,,"False","False",
"https://mgm.ibos.io/config/employee","base","button","button",,"","",,,,,"False","False",
"https://mgm.ibos.io/config/employee","base","button","button",,"","",,,,,"False","False",
"https://mgm.ibos.io/config/employee","base","button","button",,"","",,,,,"False","False",
"https://mgm.ibos.io/config/employee","base","button","button",,"","",,,,,"False","False",
"https://mgm.ibos.io/config/employee","base","button","button",,"","",,,,,"False","False",
"https://mgm.ibos.io/config/employee","base","button","button",,"","",,,,,"False","False",
"https://mgm.ibos.io/config/employee","base","button","button",,"","",,,,,"False","False",
"https://mgm.ibos.io/config/employee","base","button","button",,"","",,,,,"False","False",
"https://mgm.ibos.io/config/employee","base","button","button",,"","",,,,,"False","False",
"https://mgm.ibos.io/config/employee","base","button","button",,"","",,,,,"False","False",
"https://mgm.ibos.io/config/employee","base","button","button",,"","",,,,,"False","False",
"https://mgm.ibos.io/config/employee","base","button","button",,"","",,,,,"False","False",
"https://mgm.ibos.io/config/employee","base","button","button",,"","",,,,,"False","False",
"https://mgm.ibos.io/config/employee","base","button","button",,"","",,,,,"False","False",
"https://mgm.ibos.io/config/employee","base","button","button",,"","",,,,,"False","False",
"https://mgm.ibos.io/config/employee","base","button","button",,"","",,,,,"False","False",
"https://mgm.ibos.io/config/employee","base","button","button",,"","",,,,,"False","False",
"https://mgm.ibos.io/config/employee","base","button","button",,"","",,,,,"False","False",
"https://mgm.ibos.io/config/employee","base","select",,,"10 25 50 100 200 500 1000","100",,,,,"False","False",
"https://mgm.ibos.io/config/employee","base","button","button",,"<","",,,,,"True","False",
"https://mgm.ibos.io/config/employee","base","button","button",,"1","",,,,,"False","False",
"https://mgm.ibos.io/config/employee","base","button","button",,">","",,,,,"True","False",
"https://mgm.ibos.io/config/employee","tab:Employee","input","text",,"","","Go to page...",,,,"False",,
"https://mgm.ibos.io/config/employee","tab:Employee","button","button",,"","",,,,,"False",,
"https://mgm.ibos.io/config/employee","tab:Employee","button","button",,"","",,,,,"False",,
"https://mgm.ibos.io/config/employee","tab:Employee","button","button",,"","",,,,,"False",,
"https://mgm.ibos.io/config/employee","tab:Employee","button","button",,"","",,,,,"False",,
"https://mgm.ibos.io/config/employee","tab:Employee","input",,,"","",,,,,"False",,
"https://mgm.ibos.io/config/employee","tab:Employee","input","hidden",,"","40513",,,,,"False",,
"https://mgm.ibos.io/config/employee","tab:Employee","button","button",,"","",,,,,"False",,
"https://mgm.ibos.io/config/employee","tab:Employee","input","text",,"","","Search employee...",,,,"False",,
"https://mgm.ibos.io/config/employee","tab:Employee","button","button",,"","",,,,,"False",,
"https://mgm.ibos.io/config/employee","tab:Employee","button","button",,"Excel","",,,,,"False",,
"https://mgm.ibos.io/config/employee","tab:Employee","button","button",,"Bulk Employee","",,,,,"False",,
"https://mgm.ibos.io/config/employee","tab:Employee","button","button",,"Employee Create","",,,,,"False",,
"https://mgm.ibos.io/config/employee","tab:Employee","input","text",,"","",,,,,"False",,
"https://mgm.ibos.io/config/employee","tab:Employee","input","text",,"","",,,,,"False",,
"https://mgm.ibos.io/config/employee","tab:Employee","input","text",,"","",,,,,"False",,
"https://mgm.ibos.io/config/employee","tab:Employee","button","button",,"View","",,,,,"False",,
"https://mgm.ibos.io/config/employee","tab:Employee","button","button",,"All Active","",,,,,"False",,
"https://mgm.ibos.io/config/employee","tab:Employee","button","button",,"All In-Active","",,,,,"False",,
"https://mgm.ibos.io/config/employee","tab:Employee","button","button",,"","",,,,,"False",,
"https://mgm.ibos.io/config/employee","tab:Employee","button","button",,"","",,,,,"False",,
"https://mgm.ibos.io/config/employee","tab:Employee","button","button",,"","",,,,,"False",,
"https://mgm.ibos.io/config/employee","tab:Employee","button","button",,"","",,,,,"False",,
"https://mgm.ibos.io/config/employee","tab:Employee","button","button",,"","",,,,,"False",,
"https://mgm.ibos.io/config/employee","tab:Employee","button","button",,"","",,,,,"False",,
"https://mgm.ibos.io/config/employee","tab:Employee","button","button",,"","",,,,,"False",,
"https://mgm.ibos.io/config/employee","tab:Employee","button","button",,"","",,,,,"False",,
"https://mgm.ibos.io/config/employee","tab:Employee","button","button",,"","",,,,,"False",,
"https://mgm.ibos.io/config/employee","tab:Employee","button","button",,"","",,,,,"False",,
"https://mgm.ibos.io/config/employee","tab:Employee","button","button",,"","",,,,,"False",,
"https://mgm.ibos.io/config/employee","tab:Employee","button","button",,"","",,,,,"False",,
"https://mgm.ibos.io/config/employee","tab:Employee","button","button",,"","",,,,,"False",,
"https://mgm.ibos.io/config/employee","tab:Employee","button","button",,"","",,,,,"False",,
"https://mgm.ibos.io/config/employee","tab:Employee","button","button",,"","",,,,,"False",,
"https://mgm.ibos.io/config/employee","tab:Employee","button","button",,"","",,,,,"False",,
"https://mgm.ibos.io/config/employee","tab:Employee","button","button",,"","",,,,,"False",,
"https://mgm.ibos.io/config/employee","tab:Employee","button","button",,"","",,,,,"False",,
"https://mgm.ibos.io/config/employee","tab:Employee","button","button",,"","",,,,,"False",,
"https://mgm.ibos.io/config/employee","tab:Employee","button","button",,"","",,,,,"False",,
"https://mgm.ibos.io/config/employee","tab:Employee","button","button",,"","",,,,,"False",,
"https://mgm.ibos.io/config/employee","tab:Employee","button","button",,"","",,,,,"False",,
"https://mgm.ibos.io/config/employee","tab:Employee","button","button",,"","",,,,,"False",,
"https://mgm.ibos.io/config/employee","tab:Employee","button","button",,"","",,,,,"False",,
"https://mgm.ibos.io/config/employee","tab:Employee","button","button",,"","",,,,,"False",,
"https://mgm.ibos.io/config/employee","tab:Employee","button","button",,"","",,,,,"False",,
"https://mgm.ibos.io/config/employee","tab:Employee","button","button",,"","",,,,,"False",,
"https://mgm.ibos.io/config/employee","tab:Employee","button","button",,"","",,,,,"False",,
"https://mgm.ibos.io/config/employee","tab:Employee","button","button",,"","",,,,,"False",,
"https://mgm.ibos.io/config/employee","tab:Employee","button","button",,"","",,,,,"False",,
"https://mgm.ibos.io/config/employee","tab:Employee","button","button",,"","",,,,,"False",,
"https://mgm.ibos.io/config/employee","tab:Employee","button","button",,"","",,,,,"False",,
"https://mgm.ibos.io/config/employee","tab:Employee","button","button",,"","",,,,,"False",,
"https://mgm.ibos.io/config/employee","tab:Employee","button","button",,"","",,,,,"False",,
"https://mgm.ibos.io/config/employee","tab:Employee","button","button",,"","",,,,,"False",,
"https://mgm.ibos.io/config/employee","tab:Employee","button","button",,"","",,,,,"False",,
"https://mgm.ibos.io/config/employee","tab:Employee","button","button",,"","",,,,,"False",,
"https://mgm.ibos.io/config/employee","tab:Employee","button","button",,"","",,,,,"False",,
"https://mgm.ibos.io/config/employee","tab:Employee","button","button",,"","",,,,,"False",,
"https://mgm.ibos.io/config/employee","tab:Employee","button","button",,"","",,,,,"False",,
"https://mgm.ibos.io/config/employee","tab:Employee","button","button",,"","",,,,,"False",,
"https://mgm.ibos.io/config/employee","tab:Employee","button","button",,"","",,,,,"False",,
"https://mgm.ibos.io/config/employee","tab:Employee","button","button",,"","",,,,,"False",,
"https://mgm.ibos.io/config/employee","tab:Employee","button","button",,"","",,,,,"False",,
"https://mgm.ibos.io/config/employee","tab:Employee","button","button",,"","",,,,,"False",,
"https://mgm.ibos.io/config/employee","tab:Employee","button","button",,"","",,,,,"False",,
"https://mgm.ibos.io/config/employee","tab:Employee","button","button",,"","",,,,,"False",,
"https://mgm.ibos.io/config/employee","tab:Employee","button","button",,"","",,,,,"False",,
"https://mgm.ibos.io/config/employee","tab:Employee","button","button",,"","",,,,,"False",,
"https://mgm.ibos.io/config/employee","tab:Employee","button","button",,"","",,,,,"False",,
"https://mgm.ibos.io/config/employee","tab:Employee","button","button",,"","",,,,,"False",,
"https://mgm.ibos.io/config/employee","tab:Employee","button","button",,"","",,,,,"False",,
"https://mgm.ibos.io/config/employee","tab:Employee","button","button",,"","",,,,,"False",,
"https://mgm.ibos.io/config/employee","tab:Employee","button","button",,"","",,,,,"False",,
"https://mgm.ibos.io/config/employee","tab:Employee","button","button",,"","",,,,,"False",,
"https://mgm.ibos.io/config/employee","tab:Employee","select",,,"10 25 50 100 200 500 1000","100",,,,,"False",,
"https://mgm.ibos.io/config/employee","tab:Employee","button","button",,"<","",,,,,"True",,
"https://mgm.ibos.io/config/employee","tab:Employee","button","button",,"1","",,,,,"False",,
"https://mgm.ibos.io/config/employee","tab:Employee","button","button",,">","",,,,,"True",,
"https://mgm.ibos.io/config/item","base","input","text",,"","","Go to page...",,,,"False","False","False"
"https://mgm.ibos.io/config/item","base","button","button",,"","",,,,,"False","False",
"https://mgm.ibos.io/config/item","base","button","button",,"","",,,,,"False","False",
"https://mgm.ibos.io/config/item","base","button","button",,"","",,,,,"False","False",
"https://mgm.ibos.io/config/item","base","button","button",,"","",,,,,"False","False",
"https://mgm.ibos.io/config/item","base","input",,"combobox","","",,,"react-select-mgm-input",,"False","False","False"
"https://mgm.ibos.io/config/item","base","input","hidden",,"","40513",,"branchList",,,"False","False","False"
"https://mgm.ibos.io/config/item","base","div",,"tab","Item Profile",,,,"rc-tabs-0-tab-profile",,"False","False",
"https://mgm.ibos.io/config/item","base","div",,"tab","Category",,,,"rc-tabs-0-tab-category",,"False","False",
"https://mgm.ibos.io/config/item","base","button","button",,"","",,,"rc-tabs-0-more",,"False","False",
"https://mgm.ibos.io/config/item","base","input","text",,"","","Search",,,,"False","False","False"
"https://mgm.ibos.io/config/item","base","button","button",,"","",,,,,"False","False",
"https://mgm.ibos.io/config/item","base","button","button",,"Excel","",,,,,"False","False",
"https://mgm.ibos.io/config/item","base","button","button",,"Opening Stock","",,,,,"False","False",
"https://mgm.ibos.io/config/item","base","button","button",,"Bulk Upload","",,,,,"False","False",
"https://mgm.ibos.io/config/item","base","button","button",,"Add Item","",,,,,"False","False",
"https://mgm.ibos.io/config/item","base","input","text","combobox","","",,,"MGMForm_supplier",,"False","False","False"
"https://mgm.ibos.io/config/item","base","input","text","combobox","","",,,"MGMForm_customer",,"False","False","False"
"https://mgm.ibos.io/config/item","base","input","text","combobox","","",,,"MGMForm_itemType",,"False","False","False"
"https://mgm.ibos.io/config/item","base","input","text","combobox","","",,,"MGMForm_itemDivision",,"False","False","False"
"https://mgm.ibos.io/config/item","base","input","text","combobox","","",,,"MGMForm_itemCategory",,"False","False","False"
"https://mgm.ibos.io/config/item","base","button","button",,"View","",,,,,"False","False",
"https://mgm.ibos.io/config/item","base","button","button",,"","",,,,,"False","False",
"https://mgm.ibos.io/config/item","base","button","button",,"","",,,,,"False","False",
"https://mgm.ibos.io/config/item","base","button","button",,"","",,,,,"False","False",
"https://mgm.ibos.io/config/item","base","button","button",,"","",,,,,"True","False",
"https://mgm.ibos.io/config/item","base","button","button","switch","","",,,,,"False","False","true"
"https://mgm.ibos.io/config/item","base","button","button",,"","",,,,,"False","False",
"https://mgm.ibos.io/config/item","base","button","button",,"","",,,,,"False","False",
"https://mgm.ibos.io/config/item","base","button","button",,"","",,,,,"True","False",
"https://mgm.ibos.io/config/item","base","button","button","switch","","",,,,,"False","False","true"
"https://mgm.ibos.io/config/item","base","button","button",,"","",,,,,"False","False",
"https://mgm.ibos.io/config/item","base","button","button",,"","",,,,,"False","False",
"https://mgm.ibos.io/config/item","base","button","button",,"","",,,,,"True","False",
"https://mgm.ibos.io/config/item","base","button","button","switch","","",,,,,"False","False","true"
"https://mgm.ibos.io/config/item","base","button","button",,"","",,,,,"False","False",
"https://mgm.ibos.io/config/item","base","button","button",,"","",,,,,"False","False",
"https://mgm.ibos.io/config/item","base","button","button",,"","",,,,,"True","False",
"https://mgm.ibos.io/config/item","base","button","button","switch","","",,,,,"False","False","true"
"https://mgm.ibos.io/config/item","base","button","button",,"","",,,,,"False","False",
"https://mgm.ibos.io/config/item","base","button","button",,"","",,,,,"False","False",
"https://mgm.ibos.io/config/item","base","button","button",,"","",,,,,"True","False",
"https://mgm.ibos.io/config/item","base","button","button","switch","","",,,,,"False","False","true"
"https://mgm.ibos.io/config/item","base","button","button",,"","",,,,,"False","False",
"https://mgm.ibos.io/config/item","base","button","button",,"","",,,,,"False","False",
"https://mgm.ibos.io/config/item","base","button","button",,"","",,,,,"True","False",
"https://mgm.ibos.io/config/item","base","button","button","switch","","",,,,,"False","False","true"
"https://mgm.ibos.io/config/item","base","button","button",,"","",,,,,"False","False",
"https://mgm.ibos.io/config/item","base","button","button",,"","",,,,,"False","False",
"https://mgm.ibos.io/config/item","base","button","button",,"","",,,,,"True","False",
"https://mgm.ibos.io/config/item","base","button","button","switch","","",,,,,"False","False","true"
"https://mgm.ibos.io/config/item","base","button","button",,"","",,,,,"False","False",
"https://mgm.ibos.io/config/item","base","button","button",,"","",,,,,"False","False",
"https://mgm.ibos.io/config/item","base","button","button",,"","",,,,,"True","False",
"https://mgm.ibos.io/config/item","base","button","button","switch","","",,,,,"False","False","true"
"https://mgm.ibos.io/config/item","base","button","button",,"","",,,,,"False","False",
"https://mgm.ibos.io/config/item","base","button","button",,"","",,,,,"False","False",
"https://mgm.ibos.io/config/item","base","button","button",,"","",,,,,"True","False",
"https://mgm.ibos.io/config/item","base","button","button","switch","","",,,,,"False","False","true"
"https://mgm.ibos.io/config/item","base","button","button",,"","",,,,,"False","False",
"https://mgm.ibos.io/config/item","base","button","button",,"","",,,,,"False","False",
"https://mgm.ibos.io/config/item","base","button","button",,"","",,,,,"True","False",
"https://mgm.ibos.io/config/item","base","button","button","switch","","",,,,,"False","False","true"
"https://mgm.ibos.io/config/item","base","button","button",,"","",,,,,"False","False",
"https://mgm.ibos.io/config/item","base","button","button",,"","",,,,,"False","False",
"https://mgm.ibos.io/config/item","base","button","button",,"","",,,,,"True","False",
"https://mgm.ibos.io/config/item","base","button","button","switch","","",,,,,"False","False","true"
"https://mgm.ibos.io/config/item","base","button","button",,"","",,,,,"False","False",
"https://mgm.ibos.io/config/item","base","button","button",,"","",,,,,"False","False",
"https://mgm.ibos.io/config/item","base","button","button",,"","",,,,,"True","False",
"https://mgm.ibos.io/config/item","base","button","button","switch","","",,,,,"False","False","true"
"https://mgm.ibos.io/config/item","base","button","button",,"","",,,,,"False","False",
"https://mgm.ibos.io/config/item","base","button","button",,"","",,,,,"False","False",
"https://mgm.ibos.io/config/item","base","button","button",,"","",,,,,"True","False",
"https://mgm.ibos.io/config/item","base","button","button","switch","","",,,,,"False","False","true"
"https://mgm.ibos.io/config/item","base","button","button",,"","",,,,,"False","False",
"https://mgm.ibos.io/config/item","base","button","button",,"","",,,,,"False","False",
"https://mgm.ibos.io/config/item","base","button","button",,"","",,,,,"True","False",
"https://mgm.ibos.io/config/item","base","button","button","switch","","",,,,,"False","False","true"
"https://mgm.ibos.io/config/item","base","button","button",,"","",,,,,"False","False",
"https://mgm.ibos.io/config/item","base","button","button",,"","",,,,,"False","False",
"https://mgm.ibos.io/config/item","base","button","button",,"","",,,,,"True","False",
"https://mgm.ibos.io/config/item","base","button","button","switch","","",,,,,"False","False","true"
"https://mgm.ibos.io/config/item","base","button","button",,"","",,,,,"False","False",
"https://mgm.ibos.io/config/item","base","button","button",,"","",,,,,"False","False",
"https://mgm.ibos.io/config/item","base","button","button",,"","",,,,,"True","False",
"https://mgm.ibos.io/config/item","base","button","button","switch","","",,,,,"False","False","true"
"https://mgm.ibos.io/config/item","base","button","button",,"","",,,,,"False","False",
"https://mgm.ibos.io/config/item","base","button","button",,"","",,,,,"False","False",
"https://mgm.ibos.io/config/item","base","button","button",,"","",,,,,"True","False",
"https://mgm.ibos.io/config/item","base","button","button","switch","","",,,,,"False","False","true"
"https://mgm.ibos.io/config/item","base","button","button",,"","",,,,,"False","False",
"https://mgm.ibos.io/config/item","base","button","button",,"","",,,,,"False","False",
"https://mgm.ibos.io/config/item","base","button","button",,"","",,,,,"True","False",
"https://mgm.ibos.io/config/item","base","button","button","switch","","",,,,,"False","False","true"
"https://mgm.ibos.io/config/item","base","button","button",,"","",,,,,"False","False",
"https://mgm.ibos.io/config/item","base","button","button",,"","",,,,,"False","False",
"https://mgm.ibos.io/config/item","base","button","button",,"","",,,,,"True","False",
"https://mgm.ibos.io/config/item","base","button","button","switch","","",,,,,"False","False","true"
"https://mgm.ibos.io/config/item","base","button","button",,"","",,,,,"False","False",
"https://mgm.ibos.io/config/item","base","button","button",,"","",,,,,"False","False",
"https://mgm.ibos.io/config/item","base","button","button",,"","",,,,,"True","False",
"https://mgm.ibos.io/config/item","base","button","button","switch","","",,,,,"False","False","true"
"https://mgm.ibos.io/config/item","base","button","button",,"","",,,,,"False","False",
"https://mgm.ibos.io/config/item","base","button","button",,"","",,,,,"False","False",
"https://mgm.ibos.io/config/item","base","button","button",,"","",,,,,"True","False",
"https://mgm.ibos.io/config/item","base","button","button","switch","","",,,,,"False","False","true"
"https://mgm.ibos.io/config/item","base","button","button",,"","",,,,,"False","False",
"https://mgm.ibos.io/config/item","base","button","button",,"","",,,,,"False","False",
"https://mgm.ibos.io/config/item","base","button","button",,"","",,,,,"True","False",
"https://mgm.ibos.io/config/item","base","button","button","switch","","",,,,,"False","False","true"
"https://mgm.ibos.io/config/item","base","button","button",,"","",,,,,"False","False",
"https://mgm.ibos.io/config/item","base","button","button",,"","",,,,,"False","False",
"https://mgm.ibos.io/config/item","base","button","button",,"","",,,,,"True","False",
"https://mgm.ibos.io/config/item","base","button","button","switch","","",,,,,"False","False","true"
"https://mgm.ibos.io/config/item","base","button","button",,"","",,,,,"False","False",
"https://mgm.ibos.io/config/item","base","button","button",,"","",,,,,"False","False",
"https://mgm.ibos.io/config/item","base","button","button",,"","",,,,,"True","False",
"https://mgm.ibos.io/config/item","base","button","button","switch","","",,,,,"False","False","true"
"https://mgm.ibos.io/config/item","base","button","button",,"","",,,,,"False","False",
"https://mgm.ibos.io/config/item","base","button","button",,"","",,,,,"False","False",
"https://mgm.ibos.io/config/item","base","button","button",,"","",,,,,"True","False",
"https://mgm.ibos.io/config/item","base","button","button","switch","","",,,,,"False","False","true"
"https://mgm.ibos.io/config/item","base","button","button",,"","",,,,,"False","False",
"https://mgm.ibos.io/config/item","base","button","button",,"","",,,,,"False","False",
"https://mgm.ibos.io/config/item","base","button","button",,"","",,,,,"True","False",
"https://mgm.ibos.io/config/item","base","button","button","switch","","",,,,,"False","False","true"
"https://mgm.ibos.io/config/item","base","button","button",,"","",,,,,"False","False",
"https://mgm.ibos.io/config/item","base","button","button",,"","",,,,,"False","False",
"https://mgm.ibos.io/config/item","base","button","button",,"","",,,,,"True","False",
"https://mgm.ibos.io/config/item","base","button","button","switch","","",,,,,"False","False","true"
"https://mgm.ibos.io/config/item","base","button","button",,"","",,,,,"False","False",
"https://mgm.ibos.io/config/item","base","button","button",,"","",,,,,"False","False",
"https://mgm.ibos.io/config/item","base","button","button",,"","",,,,,"True","False",
"https://mgm.ibos.io/config/item","base","button","button","switch","","",,,,,"False","False","true"
"https://mgm.ibos.io/config/item","base","button","button",,"","",,,,,"False","False",
"https://mgm.ibos.io/config/item","base","button","button",,"","",,,,,"False","False",
"https://mgm.ibos.io/config/item","base","button","button",,"","",,,,,"True","False",
"https://mgm.ibos.io/config/item","base","button","button","switch","","",,,,,"False","False","true"
"https://mgm.ibos.io/config/item","base","button","button",,"","",,,,,"False","False",
"https://mgm.ibos.io/config/item","base","button","button",,"","",,,,,"False","False",
"https://mgm.ibos.io/config/item","base","button","button",,"","",,,,,"True","False",
"https://mgm.ibos.io/config/item","base","button","button","switch","","",,,,,"False","False","true"
"https://mgm.ibos.io/config/item","base","button","button",,"","",,,,,"False","False",
"https://mgm.ibos.io/config/item","base","button","button",,"","",,,,,"False","False",
"https://mgm.ibos.io/config/item","base","button","button",,"","",,,,,"True","False",
"https://mgm.ibos.io/config/item","base","button","button","switch","","",,,,,"False","False","true"
"https://mgm.ibos.io/config/item","base","button","button",,"","",,,,,"False","False",
"https://mgm.ibos.io/config/item","base","button","button",,"","",,,,,"False","False",
"https://mgm.ibos.io/config/item","base","button","button",,"","",,,,,"True","False",
"https://mgm.ibos.io/config/item","base","button","button","switch","","",,,,,"False","False","true"
"https://mgm.ibos.io/config/item","base","button","button",,"","",,,,,"False","False",
"https://mgm.ibos.io/config/item","base","button","button",,"","",,,,,"False","False",
"https://mgm.ibos.io/config/item","base","button","button",,"","",,,,,"True","False",
"https://mgm.ibos.io/config/item","base","button","button","switch","","",,,,,"False","False","true"
"https://mgm.ibos.io/config/item","base","button","button",,"","",,,,,"False","False",
"https://mgm.ibos.io/config/item","base","button","button",,"","",,,,,"False","False",
"https://mgm.ibos.io/config/item","base","button","button",,"","",,,,,"True","False",
"https://mgm.ibos.io/config/item","base","button","button","switch","","",,,,,"False","False","true"
"https://mgm.ibos.io/config/item","base","button","button",,"","",,,,,"False","False",
"https://mgm.ibos.io/config/item","base","button","button",,"","",,,,,"False","False",
"https://mgm.ibos.io/config/item","base","button","button",,"","",,,,,"True","False",
"https://mgm.ibos.io/config/item","base","button","button","switch","","",,,,,"False","False","true"
"https://mgm.ibos.io/config/item","base","button","button",,"","",,,,,"False","False",
"https://mgm.ibos.io/config/item","base","button","button",,"","",,,,,"False","False",
"https://mgm.ibos.io/config/item","base","button","button",,"","",,,,,"True","False",
"https://mgm.ibos.io/config/item","base","button","button","switch","","",,,,,"False","False","true"
"https://mgm.ibos.io/config/item","base","button","button",,"","",,,,,"False","False",
"https://mgm.ibos.io/config/item","base","button","button",,"","",,,,,"False","False",
"https://mgm.ibos.io/config/item","base","button","button",,"","",,,,,"True","False",
"https://mgm.ibos.io/config/item","base","button","button","switch","","",,,,,"False","False","true"
"https://mgm.ibos.io/config/item","base","button","button",,"","",,,,,"False","False",
"https://mgm.ibos.io/config/item","base","button","button",,"","",,,,,"False","False",
"https://mgm.ibos.io/config/item","base","button","button",,"","",,,,,"True","False",
"https://mgm.ibos.io/config/item","base","button","button","switch","","",,,,,"False","False","true"
"https://mgm.ibos.io/config/item","base","button","button",,"","",,,,,"False","False",
"https://mgm.ibos.io/config/item","base","button","button",,"","",,,,,"False","False",
"https://mgm.ibos.io/config/item","base","button","button",,"","",,,,,"True","False",
"https://mgm.ibos.io/config/item","base","button","button","switch","","",,,,,"False","False","true"
"https://mgm.ibos.io/config/item","base","button","button",,"","",,,,,"False","False",
"https://mgm.ibos.io/config/item","base","button","button",,"","",,,,,"False","False",
"https://mgm.ibos.io/config/item","base","button","button",,"","",,,,,"True","False",
"https://mgm.ibos.io/config/item","base","button","button","switch","","",,,,,"False","False","true"
"https://mgm.ibos.io/config/item","base","button","button",,"","",,,,,"False","False",
"https://mgm.ibos.io/config/item","base","button","button",,"","",,,,,"False","False",
"https://mgm.ibos.io/config/item","base","button","button",,"","",,,,,"True","False",
"https://mgm.ibos.io/config/item","base","button","button","switch","","",,,,,"False","False","true"
"https://mgm.ibos.io/config/item","base","button","button",,"","",,,,,"False","False",
"https://mgm.ibos.io/config/item","base","button","button",,"","",,,,,"False","False",
"https://mgm.ibos.io/config/item","base","button","button",,"","",,,,,"True","False",
"https://mgm.ibos.io/config/item","base","button","button","switch","","",,,,,"False","False","true"
"https://mgm.ibos.io/config/item","base","button","button",,"","",,,,,"False","False",
"https://mgm.ibos.io/config/item","base","button","button",,"","",,,,,"False","False",
"https://mgm.ibos.io/config/item","base","button","button",,"","",,,,,"True","False",
"https://mgm.ibos.io/config/item","base","button","button","switch","","",,,,,"False","False","true"
"https://mgm.ibos.io/config/item","base","button","button",,"","",,,,,"False","False",
"https://mgm.ibos.io/config/item","base","button","button",,"","",,,,,"False","False",
"https://mgm.ibos.io/config/item","base","button","button",,"","",,,,,"True","False",
"https://mgm.ibos.io/config/item","base","button","button","switch","","",,,,,"False","False","true"
"https://mgm.ibos.io/config/item","base","button","button",,"","",,,,,"False","False",
"https://mgm.ibos.io/config/item","base","button","button",,"","",,,,,"False","False",
"https://mgm.ibos.io/config/item","base","button","button",,"","",,,,,"True","False",
"https://mgm.ibos.io/config/item","base","button","button","switch","","",,,,,"False","False","true"
"https://mgm.ibos.io/config/item","base","button","button",,"","",,,,,"False","False",
"https://mgm.ibos.io/config/item","base","button","button",,"","",,,,,"False","False",
"https://mgm.ibos.io/config/item","base","button","button",,"","",,,,,"True","False",
"https://mgm.ibos.io/config/item","base","button","button","switch","","",,,,,"False","False","true"
"https://mgm.ibos.io/config/item","base","button","button",,"","",,,,,"False","False",
"https://mgm.ibos.io/config/item","base","button","button",,"","",,,,,"False","False",
"https://mgm.ibos.io/config/item","base","button","button",,"","",,,,,"True","False",
"https://mgm.ibos.io/config/item","base","button","button","switch","","",,,,,"False","False","true"
"https://mgm.ibos.io/config/item","base","button","button",,"","",,,,,"False","False",
"https://mgm.ibos.io/config/item","base","button","button",,"","",,,,,"False","False",
"https://mgm.ibos.io/config/item","base","button","button",,"","",,,,,"True","False",
"https://mgm.ibos.io/config/item","base","button","button","switch","","",,,,,"False","False","true"
"https://mgm.ibos.io/config/item","base","button","button",,"","",,,,,"False","False",
"https://mgm.ibos.io/config/item","base","button","button",,"","",,,,,"False","False",
"https://mgm.ibos.io/config/item","base","button","button",,"","",,,,,"True","False",
"https://mgm.ibos.io/config/item","base","button","button","switch","","",,,,,"False","False","true"
"https://mgm.ibos.io/config/item","base","button","button",,"","",,,,,"False","False",
"https://mgm.ibos.io/config/item","base","button","button",,"","",,,,,"False","False",
"https://mgm.ibos.io/config/item","base","button","button",,"","",,,,,"True","False",
"https://mgm.ibos.io/config/item","base","button","button","switch","","",,,,,"False","False","true"
"https://mgm.ibos.io/config/item","base","button","button",,"","",,,,,"False","False",
"https://mgm.ibos.io/config/item","base","button","button",,"","",,,,,"False","False",
"https://mgm.ibos.io/config/item","base","button","button",,"","",,,,,"True","False",
"https://mgm.ibos.io/config/item","base","button","button","switch","","",,,,,"False","False","true"
"https://mgm.ibos.io/config/item","base","button","button",,"","",,,,,"False","False",
"https://mgm.ibos.io/config/item","base","button","button",,"","",,,,,"False","False",
"https://mgm.ibos.io/config/item","base","button","button",,"","",,,,,"True","False",
"https://mgm.ibos.io/config/item","base","button","button","switch","","",,,,,"False","False","true"
"https://mgm.ibos.io/config/item","base","button","button",,"","",,,,,"False","False",
"https://mgm.ibos.io/config/item","base","button","button",,"","",,,,,"False","False",
"https://mgm.ibos.io/config/item","base","button","button",,"","",,,,,"True","False",
"https://mgm.ibos.io/config/item","base","button","button","switch","","",,,,,"False","False","true"
"https://mgm.ibos.io/config/item","base","button","button",,"","",,,,,"False","False",
"https://mgm.ibos.io/config/item","base","button","button",,"","",,,,,"False","False",
"https://mgm.ibos.io/config/item","base","button","button",,"","",,,,,"True","False",
"https://mgm.ibos.io/config/item","base","button","button","switch","","",,,,,"False","False","true"
"https://mgm.ibos.io/config/item","base","button","button",,"","",,,,,"False","False",
"https://mgm.ibos.io/config/item","base","button","button",,"","",,,,,"False","False",
"https://mgm.ibos.io/config/item","base","button","button",,"","",,,,,"True","False",
"https://mgm.ibos.io/config/item","base","button","button","switch","","",,,,,"False","False","true"
"https://mgm.ibos.io/config/item","base","button","button",,"","",,,,,"False","False",
"https://mgm.ibos.io/config/item","base","button","button",,"","",,,,,"False","False",
"https://mgm.ibos.io/config/item","base","button","button",,"","",,,,,"True","False",
"https://mgm.ibos.io/config/item","base","button","button","switch","","",,,,,"False","False","true"
"https://mgm.ibos.io/config/item","base","button","button",,"","",,,,,"False","False",
"https://mgm.ibos.io/config/item","base","button","button",,"","",,,,,"False","False",
"https://mgm.ibos.io/config/item","base","button","button",,"","",,,,,"True","False",
"https://mgm.ibos.io/config/item","base","button","button","switch","","",,,,,"False","False","true"
"https://mgm.ibos.io/config/item","base","button","button",,"","",,,,,"False","False",
"https://mgm.ibos.io/config/item","base","button","button",,"","",,,,,"False","False",
"https://mgm.ibos.io/config/item","base","button","button",,"","",,,,,"True","False",
"https://mgm.ibos.io/config/item","base","button","button","switch","","",,,,,"False","False","true"
"https://mgm.ibos.io/config/item","base","button","button",,"","",,,,,"False","False",
"https://mgm.ibos.io/config/item","base","button","button",,"","",,,,,"False","False",
"https://mgm.ibos.io/config/item","base","button","button",,"","",,,,,"True","False",
"https://mgm.ibos.io/config/item","base","button","button","switch","","",,,,,"False","False","true"
"https://mgm.ibos.io/config/item","base","button","button",,"","",,,,,"False","False",
"https://mgm.ibos.io/config/item","base","button","button",,"","",,,,,"False","False",
"https://mgm.ibos.io/config/item","base","button","button",,"","",,,,,"True","False",
"https://mgm.ibos.io/config/item","base","button","button","switch","","",,,,,"False","False","true"
"https://mgm.ibos.io/config/item","base","button","button",,"","",,,,,"False","False",
"https://mgm.ibos.io/config/item","base","button","button",,"","",,,,,"False","False",
"https://mgm.ibos.io/config/item","base","button","button",,"","",,,,,"True","False",
"https://mgm.ibos.io/config/item","base","button","button","switch","","",,,,,"False","False","true"
"https://mgm.ibos.io/config/item","base","select",,,"10 25 50 100 200 500 1000","100",,,,,"False","False",
"https://mgm.ibos.io/config/item","base","button","button",,"<","",,,,,"True","False",
"https://mgm.ibos.io/config/item","base","button","button",,"1","",,,,,"False","False",
"https://mgm.ibos.io/config/item","base","button","button",,">","",,,,,"True","False",
"https://mgm.ibos.io/config/item","tab:Item Profile","input","text",,"","","Go to page...",,,,"False",,
"https://mgm.ibos.io/config/item","tab:Item Profile","button","button",,"","",,,,,"False",,
"https://mgm.ibos.io/config/item","tab:Item Profile","button","button",,"","",,,,,"False",,
"https://mgm.ibos.io/config/item","tab:Item Profile","button","button",,"","",,,,,"False",,
"https://mgm.ibos.io/config/item","tab:Item Profile","button","button",,"","",,,,,"False",,
"https://mgm.ibos.io/config/item","tab:Item Profile","input",,,"","",,,,,"False",,
"https://mgm.ibos.io/config/item","tab:Item Profile","input","hidden",,"","40513",,,,,"False",,
"https://mgm.ibos.io/config/item","tab:Item Profile","button","button",,"","",,,,,"False",,
"https://mgm.ibos.io/config/item","tab:Item Profile","input","text",,"","","Search",,,,"False",,
"https://mgm.ibos.io/config/item","tab:Item Profile","button","button",,"","",,,,,"False",,
"https://mgm.ibos.io/config/item","tab:Item Profile","button","button",,"Excel","",,,,,"False",,
"https://mgm.ibos.io/config/item","tab:Item Profile","button","button",,"Opening Stock","",,,,,"False",,
"https://mgm.ibos.io/config/item","tab:Item Profile","button","button",,"Bulk Upload","",,,,,"False",,
"https://mgm.ibos.io/config/item","tab:Item Profile","button","button",,"Add Item","",,,,,"False",,
"https://mgm.ibos.io/config/item","tab:Item Profile","input","text",,"","",,,,,"False",,
"https://mgm.ibos.io/config/item","tab:Item Profile","input","text",,"","",,,,,"False",,
"https://mgm.ibos.io/config/item","tab:Item Profile","input","text",,"","",,,,,"False",,
"https://mgm.ibos.io/config/item","tab:Item Profile","input","text",,"","",,,,,"False",,
"https://mgm.ibos.io/config/item","tab:Item Profile","input","text",,"","",,,,,"False",,
"https://mgm.ibos.io/config/item","tab:Item Profile","button","button",,"View","",,,,,"False",,
"https://mgm.ibos.io/config/item","tab:Item Profile","button","button",,"","",,,,,"False",,
"https://mgm.ibos.io/config/item","tab:Item Profile","button","button",,"","",,,,,"False",,
"https://mgm.ibos.io/config/item","tab:Item Profile","button","button",,"","",,,,,"False",,
"https://mgm.ibos.io/config/item","tab:Item Profile","button","button",,"","",,,,,"True",,
"https://mgm.ibos.io/config/item","tab:Item Profile","button","button",,"","",,,,,"False",,
"https://mgm.ibos.io/config/item","tab:Item Profile","button","button",,"","",,,,,"False",,
"https://mgm.ibos.io/config/item","tab:Item Profile","button","button",,"","",,,,,"False",,
"https://mgm.ibos.io/config/item","tab:Item Profile","button","button",,"","",,,,,"True",,
"https://mgm.ibos.io/config/item","tab:Item Profile","button","button",,"","",,,,,"False",,
"https://mgm.ibos.io/config/item","tab:Item Profile","button","button",,"","",,,,,"False",,
"https://mgm.ibos.io/config/item","tab:Item Profile","button","button",,"","",,,,,"False",,
"https://mgm.ibos.io/config/item","tab:Item Profile","button","button",,"","",,,,,"True",,
"https://mgm.ibos.io/config/item","tab:Item Profile","button","button",,"","",,,,,"False",,
"https://mgm.ibos.io/config/item","tab:Item Profile","button","button",,"","",,,,,"False",,
"https://mgm.ibos.io/config/item","tab:Item Profile","button","button",,"","",,,,,"False",,
"https://mgm.ibos.io/config/item","tab:Item Profile","button","button",,"","",,,,,"True",,
"https://mgm.ibos.io/config/item","tab:Item Profile","button","button",,"","",,,,,"False",,
"https://mgm.ibos.io/config/item","tab:Item Profile","button","button",,"","",,,,,"False",,
"https://mgm.ibos.io/config/item","tab:Item Profile","button","button",,"","",,,,,"False",,
"https://mgm.ibos.io/config/item","tab:Item Profile","button","button",,"","",,,,,"True",,
"https://mgm.ibos.io/config/item","tab:Item Profile","button","button",,"","",,,,,"False",,
"https://mgm.ibos.io/config/item","tab:Item Profile","button","button",,"","",,,,,"False",,
"https://mgm.ibos.io/config/item","tab:Item Profile","button","button",,"","",,,,,"False",,
"https://mgm.ibos.io/config/item","tab:Item Profile","button","button",,"","",,,,,"True",,
"https://mgm.ibos.io/config/item","tab:Item Profile","button","button",,"","",,,,,"False",,
"https://mgm.ibos.io/config/item","tab:Item Profile","button","button",,"","",,,,,"False",,
"https://mgm.ibos.io/config/item","tab:Item Profile","button","button",,"","",,,,,"False",,
"https://mgm.ibos.io/config/item","tab:Item Profile","button","button",,"","",,,,,"True",,
"https://mgm.ibos.io/config/item","tab:Item Profile","button","button",,"","",,,,,"False",,
"https://mgm.ibos.io/config/item","tab:Item Profile","button","button",,"","",,,,,"False",,
"https://mgm.ibos.io/config/item","tab:Item Profile","button","button",,"","",,,,,"False",,
"https://mgm.ibos.io/config/item","tab:Item Profile","button","button",,"","",,,,,"True",,
"https://mgm.ibos.io/config/item","tab:Item Profile","button","button",,"","",,,,,"False",,
"https://mgm.ibos.io/config/item","tab:Item Profile","button","button",,"","",,,,,"False",,
"https://mgm.ibos.io/config/item","tab:Item Profile","button","button",,"","",,,,,"False",,
"https://mgm.ibos.io/config/item","tab:Item Profile","button","button",,"","",,,,,"True",,
"https://mgm.ibos.io/config/item","tab:Item Profile","button","button",,"","",,,,,"False",,
"https://mgm.ibos.io/config/item","tab:Item Profile","button","button",,"","",,,,,"False",,
"https://mgm.ibos.io/config/item","tab:Item Profile","button","button",,"","",,,,,"False",,
"https://mgm.ibos.io/config/item","tab:Item Profile","button","button",,"","",,,,,"True",,
"https://mgm.ibos.io/config/item","tab:Item Profile","button","button",,"","",,,,,"False",,
"https://mgm.ibos.io/config/item","tab:Item Profile","button","button",,"","",,,,,"False",,
"https://mgm.ibos.io/config/item","tab:Item Profile","button","button",,"","",,,,,"False",,
"https://mgm.ibos.io/config/item","tab:Item Profile","button","button",,"","",,,,,"True",,
"https://mgm.ibos.io/config/item","tab:Item Profile","button","button",,"","",,,,,"False",,
"https://mgm.ibos.io/config/item","tab:Item Profile","button","button",,"","",,,,,"False",,
"https://mgm.ibos.io/config/item","tab:Item Profile","button","button",,"","",,,,,"False",,
"https://mgm.ibos.io/config/item","tab:Item Profile","button","button",,"","",,,,,"True",,
"https://mgm.ibos.io/config/item","tab:Item Profile","button","button",,"","",,,,,"False",,
"https://mgm.ibos.io/config/item","tab:Item Profile","button","button",,"","",,,,,"False",,
"https://mgm.ibos.io/config/item","tab:Item Profile","button","button",,"","",,,,,"False",,
"https://mgm.ibos.io/config/item","tab:Item Profile","button","button",,"","",,,,,"True",,
"https://mgm.ibos.io/config/item","tab:Item Profile","button","button",,"","",,,,,"False",,
"https://mgm.ibos.io/config/item","tab:Item Profile","button","button",,"","",,,,,"False",,
"https://mgm.ibos.io/config/item","tab:Item Profile","button","button",,"","",,,,,"False",,
"https://mgm.ibos.io/config/item","tab:Item Profile","button","button",,"","",,,,,"True",,
"https://mgm.ibos.io/config/item","tab:Item Profile","button","button",,"","",,,,,"False",,
"https://mgm.ibos.io/config/item","tab:Item Profile","button","button",,"","",,,,,"False",,
"https://mgm.ibos.io/config/item","tab:Item Profile","button","button",,"","",,,,,"False",,
"https://mgm.ibos.io/config/item","tab:Item Profile","button","button",,"","",,,,,"True",,
"https://mgm.ibos.io/config/item","tab:Item Profile","button","button",,"","",,,,,"False",,
"https://mgm.ibos.io/config/item","tab:Item Profile","button","button",,"","",,,,,"False",,
"https://mgm.ibos.io/config/item","tab:Item Profile","button","button",,"","",,,,,"False",,
"https://mgm.ibos.io/config/item","tab:Item Profile","button","button",,"","",,,,,"True",,
"https://mgm.ibos.io/config/item","tab:Item Profile","button","button",,"","",,,,,"False",,
"https://mgm.ibos.io/config/item","tab:Item Profile","button","button",,"","",,,,,"False",,
"https://mgm.ibos.io/config/item","tab:Item Profile","button","button",,"","",,,,,"False",,
"https://mgm.ibos.io/config/item","tab:Item Profile","button","button",,"","",,,,,"True",,
"https://mgm.ibos.io/config/item","tab:Item Profile","button","button",,"","",,,,,"False",,
"https://mgm.ibos.io/config/item","tab:Item Profile","button","button",,"","",,,,,"False",,
"https://mgm.ibos.io/config/item","tab:Item Profile","button","button",,"","",,,,,"False",,
"https://mgm.ibos.io/config/item","tab:Item Profile","button","button",,"","",,,,,"True",,
"https://mgm.ibos.io/config/item","tab:Item Profile","button","button",,"","",,,,,"False",,
"https://mgm.ibos.io/config/item","tab:Item Profile","button","button",,"","",,,,,"False",,
"https://mgm.ibos.io/config/item","tab:Item Profile","button","button",,"","",,,,,"False",,
"https://mgm.ibos.io/config/item","tab:Item Profile","button","button",,"","",,,,,"True",,
"https://mgm.ibos.io/config/item","tab:Item Profile","button","button",,"","",,,,,"False",,
"https://mgm.ibos.io/config/item","tab:Item Profile","button","button",,"","",,,,,"False",,
"https://mgm.ibos.io/config/item","tab:Item Profile","button","button",,"","",,,,,"False",,
"https://mgm.ibos.io/config/item","tab:Item Profile","button","button",,"","",,,,,"True",,
"https://mgm.ibos.io/config/item","tab:Item Profile","button","button",,"","",,,,,"False",,
"https://mgm.ibos.io/config/item","tab:Item Profile","button","button",,"","",,,,,"False",,
"https://mgm.ibos.io/config/item","tab:Item Profile","button","button",,"","",,,,,"False",,
"https://mgm.ibos.io/config/item","tab:Item Profile","button","button",,"","",,,,,"True",,
"https://mgm.ibos.io/config/item","tab:Item Profile","button","button",,"","",,,,,"False",,
"https://mgm.ibos.io/config/item","tab:Item Profile","button","button",,"","",,,,,"False",,
"https://mgm.ibos.io/config/item","tab:Item Profile","button","button",,"","",,,,,"False",,
"https://mgm.ibos.io/config/item","tab:Item Profile","button","button",,"","",,,,,"True",,
"https://mgm.ibos.io/config/item","tab:Item Profile","button","button",,"","",,,,,"False",,
"https://mgm.ibos.io/config/item","tab:Item Profile","button","button",,"","",,,,,"False",,
"https://mgm.ibos.io/config/item","tab:Item Profile","button","button",,"","",,,,,"False",,
"https://mgm.ibos.io/config/item","tab:Item Profile","button","button",,"","",,,,,"True",,
"https://mgm.ibos.io/config/item","tab:Item Profile","button","button",,"","",,,,,"False",,
"https://mgm.ibos.io/config/item","tab:Item Profile","button","button",,"","",,,,,"False",,
"https://mgm.ibos.io/config/item","tab:Item Profile","button","button",,"","",,,,,"False",,
"https://mgm.ibos.io/config/item","tab:Item Profile","button","button",,"","",,,,,"True",,
"https://mgm.ibos.io/config/item","tab:Item Profile","button","button",,"","",,,,,"False",,
"https://mgm.ibos.io/config/item","tab:Item Profile","button","button",,"","",,,,,"False",,
"https://mgm.ibos.io/config/item","tab:Item Profile","button","button",,"","",,,,,"False",,
"https://mgm.ibos.io/config/item","tab:Item Profile","button","button",,"","",,,,,"True",,
"https://mgm.ibos.io/config/item","tab:Item Profile","button","button",,"","",,,,,"False",,
"https://mgm.ibos.io/config/item","tab:Item Profile","button","button",,"","",,,,,"False",,
"https://mgm.ibos.io/config/item","tab:Item Profile","button","button",,"","",,,,,"False",,
"https://mgm.ibos.io/config/item","tab:Item Profile","button","button",,"","",,,,,"True",,
"https://mgm.ibos.io/config/item","tab:Item Profile","button","button",,"","",,,,,"False",,
"https://mgm.ibos.io/config/item","tab:Item Profile","button","button",,"","",,,,,"False",,
"https://mgm.ibos.io/config/item","tab:Item Profile","button","button",,"","",,,,,"False",,
"https://mgm.ibos.io/config/item","tab:Item Profile","button","button",,"","",,,,,"True",,
"https://mgm.ibos.io/config/item","tab:Item Profile","button","button",,"","",,,,,"False",,
"https://mgm.ibos.io/config/item","tab:Item Profile","button","button",,"","",,,,,"False",,
"https://mgm.ibos.io/config/item","tab:Item Profile","button","button",,"","",,,,,"False",,
"https://mgm.ibos.io/config/item","tab:Item Profile","button","button",,"","",,,,,"True",,
"https://mgm.ibos.io/config/item","tab:Item Profile","button","button",,"","",,,,,"False",,
"https://mgm.ibos.io/config/item","tab:Item Profile","button","button",,"","",,,,,"False",,
"https://mgm.ibos.io/config/item","tab:Item Profile","button","button",,"","",,,,,"False",,
"https://mgm.ibos.io/config/item","tab:Item Profile","button","button",,"","",,,,,"True",,
"https://mgm.ibos.io/config/item","tab:Item Profile","button","button",,"","",,,,,"False",,
"https://mgm.ibos.io/config/item","tab:Item Profile","button","button",,"","",,,,,"False",,
"https://mgm.ibos.io/config/item","tab:Item Profile","button","button",,"","",,,,,"False",,
"https://mgm.ibos.io/config/item","tab:Item Profile","button","button",,"","",,,,,"True",,
"https://mgm.ibos.io/config/item","tab:Item Profile","button","button",,"","",,,,,"False",,
"https://mgm.ibos.io/config/item","tab:Item Profile","button","button",,"","",,,,,"False",,
"https://mgm.ibos.io/config/item","tab:Item Profile","button","button",,"","",,,,,"False",,
"https://mgm.ibos.io/config/item","tab:Item Profile","button","button",,"","",,,,,"True",,
"https://mgm.ibos.io/config/item","tab:Item Profile","button","button",,"","",,,,,"False",,
"https://mgm.ibos.io/config/item","tab:Item Profile","button","button",,"","",,,,,"False",,
"https://mgm.ibos.io/config/item","tab:Item Profile","button","button",,"","",,,,,"False",,
"https://mgm.ibos.io/config/item","tab:Item Profile","button","button",,"","",,,,,"True",,
"https://mgm.ibos.io/config/item","tab:Item Profile","button","button",,"","",,,,,"False",,
"https://mgm.ibos.io/config/item","tab:Item Profile","button","button",,"","",,,,,"False",,
"https://mgm.ibos.io/config/item","tab:Item Profile","button","button",,"","",,,,,"False",,
"https://mgm.ibos.io/config/item","tab:Item Profile","button","button",,"","",,,,,"True",,
"https://mgm.ibos.io/config/item","tab:Item Profile","button","button",,"","",,,,,"False",,
"https://mgm.ibos.io/config/item","tab:Item Profile","button","button",,"","",,,,,"False",,
"https://mgm.ibos.io/config/item","tab:Item Profile","button","button",,"","",,,,,"False",,
"https://mgm.ibos.io/config/item","tab:Item Profile","button","button",,"","",,,,,"True",,
"https://mgm.ibos.io/config/item","tab:Item Profile","button","button",,"","",,,,,"False",,
"https://mgm.ibos.io/config/item","tab:Item Profile","button","button",,"","",,,,,"False",,
"https://mgm.ibos.io/config/item","tab:Item Profile","button","button",,"","",,,,,"False",,
"https://mgm.ibos.io/config/item","tab:Item Profile","button","button",,"","",,,,,"True",,
"https://mgm.ibos.io/config/item","tab:Item Profile","button","button",,"","",,,,,"False",,
"https://mgm.ibos.io/config/item","tab:Item Profile","button","button",,"","",,,,,"False",,
"https://mgm.ibos.io/config/item","tab:Item Profile","button","button",,"","",,,,,"False",,
"https://mgm.ibos.io/config/item","tab:Item Profile","button","button",,"","",,,,,"True",,
"https://mgm.ibos.io/config/item","tab:Item Profile","button","button",,"","",,,,,"False",,
"https://mgm.ibos.io/config/item","tab:Item Profile","button","button",,"","",,,,,"False",,
"https://mgm.ibos.io/config/item","tab:Item Profile","button","button",,"","",,,,,"False",,
"https://mgm.ibos.io/config/item","tab:Item Profile","button","button",,"","",,,,,"True",,
"https://mgm.ibos.io/config/item","tab:Item Profile","button","button",,"","",,,,,"False",,
"https://mgm.ibos.io/config/item","tab:Item Profile","button","button",,"","",,,,,"False",,
"https://mgm.ibos.io/config/item","tab:Item Profile","button","button",,"","",,,,,"False",,
"https://mgm.ibos.io/config/item","tab:Item Profile","button","button",,"","",,,,,"True",,
"https://mgm.ibos.io/config/item","tab:Item Profile","button","button",,"","",,,,,"False",,
"https://mgm.ibos.io/config/item","tab:Item Profile","button","button",,"","",,,,,"False",,
"https://mgm.ibos.io/config/item","tab:Item Profile","button","button",,"","",,,,,"False",,
"https://mgm.ibos.io/config/item","tab:Item Profile","button","button",,"","",,,,,"True",,
"https://mgm.ibos.io/config/item","tab:Item Profile","button","button",,"","",,,,,"False",,
"https://mgm.ibos.io/config/item","tab:Item Profile","button","button",,"","",,,,,"False",,
"https://mgm.ibos.io/config/item","tab:Item Profile","button","button",,"","",,,,,"False",,
"https://mgm.ibos.io/config/item","tab:Item Profile","button","button",,"","",,,,,"True",,
"https://mgm.ibos.io/config/item","tab:Item Profile","button","button",,"","",,,,,"False",,
"https://mgm.ibos.io/config/item","tab:Item Profile","button","button",,"","",,,,,"False",,
"https://mgm.ibos.io/config/item","tab:Item Profile","button","button",,"","",,,,,"False",,
"https://mgm.ibos.io/config/item","tab:Item Profile","button","button",,"","",,,,,"True",,
"https://mgm.ibos.io/config/item","tab:Item Profile","button","button",,"","",,,,,"False",,
"https://mgm.ibos.io/config/item","tab:Item Profile","button","button",,"","",,,,,"False",,
"https://mgm.ibos.io/config/item","tab:Item Profile","button","button",,"","",,,,,"False",,
"https://mgm.ibos.io/config/item","tab:Item Profile","button","button",,"","",,,,,"True",,
"https://mgm.ibos.io/config/item","tab:Item Profile","button","button",,"","",,,,,"False",,
"https://mgm.ibos.io/config/item","tab:Item Profile","button","button",,"","",,,,,"False",,
"https://mgm.ibos.io/config/item","tab:Item Profile","button","button",,"","",,,,,"False",,
"https://mgm.ibos.io/config/item","tab:Item Profile","button","button",,"","",,,,,"True",,
"https://mgm.ibos.io/config/item","tab:Item Profile","button","button",,"","",,,,,"False",,
"https://mgm.ibos.io/config/item","tab:Item Profile","button","button",,"","",,,,,"False",,
"https://mgm.ibos.io/config/item","tab:Item Profile","button","button",,"","",,,,,"False",,
"https://mgm.ibos.io/config/item","tab:Item Profile","button","button",,"","",,,,,"True",,
"https://mgm.ibos.io/config/item","tab:Item Profile","button","button",,"","",,,,,"False",,
"https://mgm.ibos.io/config/item","tab:Item Profile","button","button",,"","",,,,,"False",,
"https://mgm.ibos.io/config/item","tab:Item Profile","button","button",,"","",,,,,"False",,
"https://mgm.ibos.io/config/item","tab:Item Profile","button","button",,"","",,,,,"True",,
"https://mgm.ibos.io/config/item","tab:Item Profile","button","button",,"","",,,,,"False",,
"https://mgm.ibos.io/config/item","tab:Item Profile","button","button",,"","",,,,,"False",,
"https://mgm.ibos.io/config/item","tab:Item Profile","button","button",,"","",,,,,"False",,
"https://mgm.ibos.io/config/item","tab:Item Profile","button","button",,"","",,,,,"True",,
"https://mgm.ibos.io/config/item","tab:Item Profile","button","button",,"","",,,,,"False",,
"https://mgm.ibos.io/config/item","tab:Item Profile","button","button",,"","",,,,,"False",,
"https://mgm.ibos.io/config/item","tab:Item Profile","button","button",,"","",,,,,"False",,
"https://mgm.ibos.io/config/item","tab:Item Profile","button","button",,"","",,,,,"True",,
"https://mgm.ibos.io/config/item","tab:Item Profile","button","button",,"","",,,,,"False",,
"https://mgm.ibos.io/config/item","tab:Item Profile","button","button",,"","",,,,,"False",,
"https://mgm.ibos.io/config/item","tab:Item Profile","button","button",,"","",,,,,"False",,
"https://mgm.ibos.io/config/item","tab:Item Profile","button","button",,"","",,,,,"True",,
"https://mgm.ibos.io/config/item","tab:Item Profile","button","button",,"","",,,,,"False",,
"https://mgm.ibos.io/config/item","tab:Item Profile","button","button",,"","",,,,,"False",,
"https://mgm.ibos.io/config/item","tab:Item Profile","button","button",,"","",,,,,"False",,
"https://mgm.ibos.io/config/item","tab:Item Profile","button","button",,"","",,,,,"True",,
"https://mgm.ibos.io/config/item","tab:Item Profile","button","button",,"","",,,,,"False",,
"https://mgm.ibos.io/config/item","tab:Item Profile","button","button",,"","",,,,,"False",,
"https://mgm.ibos.io/config/item","tab:Item Profile","button","button",,"","",,,,,"False",,
"https://mgm.ibos.io/config/item","tab:Item Profile","button","button",,"","",,,,,"True",,
"https://mgm.ibos.io/config/item","tab:Item Profile","button","button",,"","",,,,,"False",,
"https://mgm.ibos.io/config/item","tab:Item Profile","button","button",,"","",,,,,"False",,
"https://mgm.ibos.io/config/item","tab:Item Profile","button","button",,"","",,,,,"False",,
"https://mgm.ibos.io/config/item","tab:Item Profile","button","button",,"","",,,,,"True",,
"https://mgm.ibos.io/config/item","tab:Item Profile","button","button",,"","",,,,,"False",,
"https://mgm.ibos.io/config/item","tab:Item Profile","button","button",,"","",,,,,"False",,
"https://mgm.ibos.io/config/item","tab:Item Profile","button","button",,"","",,,,,"False",,
"https://mgm.ibos.io/config/item","tab:Item Profile","button","button",,"","",,,,,"True",,
"https://mgm.ibos.io/config/item","tab:Item Profile","button","button",,"","",,,,,"False",,
"https://mgm.ibos.io/config/item","tab:Item Profile","button","button",,"","",,,,,"False",,
"https://mgm.ibos.io/config/item","tab:Item Profile","button","button",,"","",,,,,"False",,
"https://mgm.ibos.io/config/item","tab:Item Profile","button","button",,"","",,,,,"True",,
"https://mgm.ibos.io/config/item","tab:Item Profile","button","button",,"","",,,,,"False",,
"https://mgm.ibos.io/config/item","tab:Item Profile","button","button",,"","",,,,,"False",,
"https://mgm.ibos.io/config/item","tab:Item Profile","button","button",,"","",,,,,"False",,
"https://mgm.ibos.io/config/item","tab:Item Profile","button","button",,"","",,,,,"True",,
"https://mgm.ibos.io/config/item","tab:Item Profile","button","button",,"","",,,,,"False",,
"https://mgm.ibos.io/config/item","tab:Item Profile","button","button",,"","",,,,,"False",,
"https://mgm.ibos.io/config/item","tab:Item Profile","button","button",,"","",,,,,"False",,
"https://mgm.ibos.io/config/item","tab:Item Profile","button","button",,"","",,,,,"True",,
"https://mgm.ibos.io/config/item","tab:Item Profile","button","button",,"","",,,,,"False",,
"https://mgm.ibos.io/config/item","tab:Item Profile","button","button",,"","",,,,,"False",,
"https://mgm.ibos.io/config/item","tab:Item Profile","button","button",,"","",,,,,"False",,
"https://mgm.ibos.io/config/item","tab:Item Profile","button","button",,"","",,,,,"True",,
"https://mgm.ibos.io/config/item","tab:Item Profile","button","button",,"","",,,,,"False",,
"https://mgm.ibos.io/config/item","tab:Item Profile","button","button",,"","",,,,,"False",,
"https://mgm.ibos.io/config/item","tab:Item Profile","button","button",,"","",,,,,"False",,
"https://mgm.ibos.io/config/item","tab:Item Profile","button","button",,"","",,,,,"True",,
"https://mgm.ibos.io/config/item","tab:Item Profile","button","button",,"","",,,,,"False",,
"https://mgm.ibos.io/config/item","tab:Item Profile","button","button",,"","",,,,,"False",,
"https://mgm.ibos.io/config/item","tab:Item Profile","button","button",,"","",,,,,"False",,
"https://mgm.ibos.io/config/item","tab:Item Profile","button","button",,"","",,,,,"True",,
"https://mgm.ibos.io/config/item","tab:Item Profile","button","button",,"","",,,,,"False",,
"https://mgm.ibos.io/config/item","tab:Item Profile","button","button",,"","",,,,,"False",,
"https://mgm.ibos.io/config/item","tab:Item Profile","button","button",,"","",,,,,"False",,
"https://mgm.ibos.io/config/item","tab:Item Profile","button","button",,"","",,,,,"True",,
"https://mgm.ibos.io/config/item","tab:Item Profile","button","button",,"","",,,,,"False",,
"https://mgm.ibos.io/config/item","tab:Item Profile","button","button",,"","",,,,,"False",,
"https://mgm.ibos.io/config/item","tab:Item Profile","button","button",,"","",,,,,"False",,
"https://mgm.ibos.io/config/item","tab:Item Profile","button","button",,"","",,,,,"True",,
"https://mgm.ibos.io/config/item","tab:Item Profile","button","button",,"","",,,,,"False",,
"https://mgm.ibos.io/config/item","tab:Item Profile","button","button",,"","",,,,,"False",,
"https://mgm.ibos.io/config/item","tab:Item Profile","button","button",,"","",,,,,"False",,
"https://mgm.ibos.io/config/item","tab:Item Profile","button","button",,"","",,,,,"True",,
"https://mgm.ibos.io/config/item","tab:Item Profile","button","button",,"","",,,,,"False",,
"https://mgm.ibos.io/config/item","tab:Item Profile","select",,,"10 25 50 100 200 500 1000","100",,,,,"False",,
"https://mgm.ibos.io/config/item","tab:Item Profile","button","button",,"<","",,,,,"True",,
"https://mgm.ibos.io/config/item","tab:Item Profile","button","button",,"1","",,,,,"False",,
"https://mgm.ibos.io/config/item","tab:Item Profile","button","button",,">","",,,,,"True",,
"https://mgm.ibos.io/config/item","tab:Category","input","text",,"","","Go to page...",,,,"False",,
"https://mgm.ibos.io/config/item","tab:Category","button","button",,"","",,,,,"False",,
"https://mgm.ibos.io/config/item","tab:Category","button","button",,"","",,,,,"False",,
"https://mgm.ibos.io/config/item","tab:Category","button","button",,"","",,,,,"False",,
"https://mgm.ibos.io/config/item","tab:Category","button","button",,"","",,,,,"False",,
"https://mgm.ibos.io/config/item","tab:Category","input",,,"","",,,,,"False",,
"https://mgm.ibos.io/config/item","tab:Category","input","hidden",,"","40513",,,,,"False",,
"https://mgm.ibos.io/config/item","tab:Category","button","button",,"","",,,,,"False",,
"https://mgm.ibos.io/config/item","tab:Category","button","button",,"Bulk Upload","",,,,,"False",,
"https://mgm.ibos.io/config/item","tab:Category","button","button",,"","",,,,,"False",,
"https://mgm.ibos.io/config/item","tab:Category","button","button",,"","",,,,,"False",,
"https://mgm.ibos.io/config/otherPartnerProfile","base","input","text",,"","","Go to page...",,,,"False","False","False"
"https://mgm.ibos.io/config/otherPartnerProfile","base","button","button",,"","",,,,,"False","False",
"https://mgm.ibos.io/config/otherPartnerProfile","base","button","button",,"","",,,,,"False","False",
"https://mgm.ibos.io/config/otherPartnerProfile","base","button","button",,"","",,,,,"False","False",
"https://mgm.ibos.io/config/otherPartnerProfile","base","button","button",,"","",,,,,"False","False",
"https://mgm.ibos.io/config/otherPartnerProfile","base","input",,"combobox","","",,,"react-select-mgm-input",,"False","False","False"
"https://mgm.ibos.io/config/otherPartnerProfile","base","input","hidden",,"","40513",,"branchList",,,"False","False","False"
"https://mgm.ibos.io/config/otherPartnerProfile","base","input","text",,"","","Search....",,,"search","False","False","False"
"https://mgm.ibos.io/config/otherPartnerProfile","base","button","button",,"","",,,,"menu","False","False",
"https://mgm.ibos.io/config/otherPartnerProfile","base","button","button",,"EXCEL","",,,,,"True","False",
"https://mgm.ibos.io/config/otherPartnerProfile","base","button","button",,"Inter Company Receivable/Payable","",,,,,"False","False",
"https://mgm.ibos.io/config/otherPartnerProfile","base","button","button","tab","SUPPLIER & CUSTOMER [BOTH]","",,,"simple-tab-0",,"False","False",
"https://mgm.ibos.io/config/otherPartnerProfile","base","button","button","tab","LOAN EMPLOYEE","",,,"simple-tab-1",,"False","False",
"https://mgm.ibos.io/config/otherPartnerProfile","base","button","button","tab","INTER COMPANY RECEIVABLE/PAYABLE","",,,"simple-tab-2",,"False","False",
"https://mgm.ibos.io/config/otherPartnerProfile","base","button","button","tab","PROMOTER","",,,"simple-tab-3",,"False","False",
"https://mgm.ibos.io/config/otherPartnerProfile","base","input","text","combobox","","",,,"react-select-mgm-input",,"False","False","False"
"https://mgm.ibos.io/config/otherPartnerProfile","base","input","hidden",,"","",,"office",,,"False","False","False"
"https://mgm.ibos.io/config/otherPartnerProfile","base","input","text","combobox","","",,,"react-select-mgm-input",,"False","False","False"
"https://mgm.ibos.io/config/otherPartnerProfile","base","input","hidden",,"","",,"partnerGroup",,,"False","False","False"
"https://mgm.ibos.io/config/otherPartnerProfile","base","input","text","combobox","","",,,"react-select-mgm-input",,"False","False","False"
"https://mgm.ibos.io/config/otherPartnerProfile","base","input","hidden",,"","",,"filterByStatus",,,"False","False","False"
"https://mgm.ibos.io/config/otherPartnerProfile","tab:SUPPLIER & CUSTOMER [BOTH]","input","text",,"","","Go to page...",,,,"False",,
"https://mgm.ibos.io/config/otherPartnerProfile","tab:SUPPLIER & CUSTOMER [BOTH]","button","button",,"","",,,,,"False",,
"https://mgm.ibos.io/config/otherPartnerProfile","tab:SUPPLIER & CUSTOMER [BOTH]","button","button",,"","",,,,,"False",,
"https://mgm.ibos.io/config/otherPartnerProfile","tab:SUPPLIER & CUSTOMER [BOTH]","button","button",,"","",,,,,"False",,
"https://mgm.ibos.io/config/otherPartnerProfile","tab:SUPPLIER & CUSTOMER [BOTH]","button","button",,"","",,,,,"False",,
"https://mgm.ibos.io/config/otherPartnerProfile","tab:SUPPLIER & CUSTOMER [BOTH]","input",,,"","",,,,,"False",,
"https://mgm.ibos.io/config/otherPartnerProfile","tab:SUPPLIER & CUSTOMER [BOTH]","input","hidden",,"","40513",,,,,"False",,
"https://mgm.ibos.io/config/otherPartnerProfile","tab:SUPPLIER & CUSTOMER [BOTH]","input","text",,"","","Search....",,,,"False",,
"https://mgm.ibos.io/config/otherPartnerProfile","tab:SUPPLIER & CUSTOMER [BOTH]","button","button",,"","",,,,,"False",,
"https://mgm.ibos.io/config/otherPartnerProfile","tab:SUPPLIER & CUSTOMER [BOTH]","button","button",,"EXCEL","",,,,,"False",,
"https://mgm.ibos.io/config/otherPartnerProfile","tab:SUPPLIER & CUSTOMER [BOTH]","button","button",,"Supplier & Customer","",,,,,"False",,
"https://mgm.ibos.io/config/otherPartnerProfile","tab:SUPPLIER & CUSTOMER [BOTH]","button","button",,"SUPPLIER & CUSTOMER [BOTH]","",,,,,"False",,
"https://mgm.ibos.io/config/otherPartnerProfile","tab:SUPPLIER & CUSTOMER [BOTH]","button","button",,"LOAN EMPLOYEE","",,,,,"False",,
"https://mgm.ibos.io/config/otherPartnerProfile","tab:SUPPLIER & CUSTOMER [BOTH]","button","button",,"INTER COMPANY RECEIVABLE/PAYABLE","",,,,,"False",,
"https://mgm.ibos.io/config/otherPartnerProfile","tab:SUPPLIER & CUSTOMER [BOTH]","button","button",,"PROMOTER","",,,,,"False",,
"https://mgm.ibos.io/config/otherPartnerProfile","tab:SUPPLIER & CUSTOMER [BOTH]","input","text",,"","",,,,,"False",,
"https://mgm.ibos.io/config/otherPartnerProfile","tab:SUPPLIER & CUSTOMER [BOTH]","input","hidden",,"","",,,,,"False",,
"https://mgm.ibos.io/config/otherPartnerProfile","tab:SUPPLIER & CUSTOMER [BOTH]","input","text",,"","",,,,,"False",,
"https://mgm.ibos.io/config/otherPartnerProfile","tab:SUPPLIER & CUSTOMER [BOTH]","input","hidden",,"","",,,,,"False",,
"https://mgm.ibos.io/config/otherPartnerProfile","tab:SUPPLIER & CUSTOMER [BOTH]","input","text",,"","",,,,,"False",,
"https://mgm.ibos.io/config/otherPartnerProfile","tab:SUPPLIER & CUSTOMER [BOTH]","input","hidden",,"","",,,,,"False",,
"https://mgm.ibos.io/config/otherPartnerProfile","tab:SUPPLIER & CUSTOMER [BOTH]","input","checkbox",,"","on",,,,,"False",,
"https://mgm.ibos.io/config/otherPartnerProfile","tab:SUPPLIER & CUSTOMER [BOTH]","button","button",,"","",,,,,"False",,
"https://mgm.ibos.io/config/otherPartnerProfile","tab:SUPPLIER & CUSTOMER [BOTH]","button","button",,"","",,,,,"False",,
"https://mgm.ibos.io/config/otherPartnerProfile","tab:SUPPLIER & CUSTOMER [BOTH]","div",,,"100",,,,,,"False",,
"https://mgm.ibos.io/config/otherPartnerProfile","tab:SUPPLIER & CUSTOMER [BOTH]","input",,,"","100",,,,,"False",,
"https://mgm.ibos.io/config/otherPartnerProfile","tab:SUPPLIER & CUSTOMER [BOTH]","button","button",,"","",,,,,"True",,
"https://mgm.ibos.io/config/otherPartnerProfile","tab:SUPPLIER & CUSTOMER [BOTH]","button","button",,"","",,,,,"True",,
"https://mgm.ibos.io/config/otherPartnerProfile","tab:LOAN EMPLOYEE","input","text",,"","","Go to page...",,,,"False",,
"https://mgm.ibos.io/config/otherPartnerProfile","tab:LOAN EMPLOYEE","button","button",,"","",,,,,"False",,
"https://mgm.ibos.io/config/otherPartnerProfile","tab:LOAN EMPLOYEE","button","button",,"","",,,,,"False",,
"https://mgm.ibos.io/config/otherPartnerProfile","tab:LOAN EMPLOYEE","button","button",,"","",,,,,"False",,
"https://mgm.ibos.io/config/otherPartnerProfile","tab:LOAN EMPLOYEE","button","button",,"","",,,,,"False",,
"https://mgm.ibos.io/config/otherPartnerProfile","tab:LOAN EMPLOYEE","input",,,"","",,,,,"False",,
"https://mgm.ibos.io/config/otherPartnerProfile","tab:LOAN EMPLOYEE","input","hidden",,"","40513",,,,,"False",,
"https://mgm.ibos.io/config/otherPartnerProfile","tab:LOAN EMPLOYEE","input","text",,"","","Search....",,,,"False",,
"https://mgm.ibos.io/config/otherPartnerProfile","tab:LOAN EMPLOYEE","button","button",,"","",,,,,"False",,
"https://mgm.ibos.io/config/otherPartnerProfile","tab:LOAN EMPLOYEE","button","button",,"EXCEL","",,,,,"True",,
"https://mgm.ibos.io/config/otherPartnerProfile","tab:LOAN EMPLOYEE","button","button",,"SUPPLIER & CUSTOMER [BOTH]","",,,,,"False",,
"https://mgm.ibos.io/config/otherPartnerProfile","tab:LOAN EMPLOYEE","button","button",,"LOAN EMPLOYEE","",,,,,"False",,
"https://mgm.ibos.io/config/otherPartnerProfile","tab:LOAN EMPLOYEE","button","button",,"INTER COMPANY RECEIVABLE/PAYABLE","",,,,,"False",,
"https://mgm.ibos.io/config/otherPartnerProfile","tab:LOAN EMPLOYEE","button","button",,"PROMOTER","",,,,,"False",,
"https://mgm.ibos.io/config/otherPartnerProfile","tab:LOAN EMPLOYEE","input","text",,"","",,,,,"False",,
"https://mgm.ibos.io/config/otherPartnerProfile","tab:LOAN EMPLOYEE","input","hidden",,"","",,,,,"False",,
"https://mgm.ibos.io/config/otherPartnerProfile","tab:LOAN EMPLOYEE","input","text",,"","",,,,,"False",,
"https://mgm.ibos.io/config/otherPartnerProfile","tab:LOAN EMPLOYEE","input","hidden",,"","",,,,,"False",,
"https://mgm.ibos.io/config/otherPartnerProfile","tab:LOAN EMPLOYEE","input","text",,"","",,,,,"False",,
"https://mgm.ibos.io/config/otherPartnerProfile","tab:LOAN EMPLOYEE","input","hidden",,"","",,,,,"False",,
"https://mgm.ibos.io/config/otherPartnerProfile","tab:INTER COMPANY RECEIVABLE/PAYABLE","input","text",,"","","Go to page...",,,,"False",,
"https://mgm.ibos.io/config/otherPartnerProfile","tab:INTER COMPANY RECEIVABLE/PAYABLE","button","button",,"","",,,,,"False",,
"https://mgm.ibos.io/config/otherPartnerProfile","tab:INTER COMPANY RECEIVABLE/PAYABLE","button","button",,"","",,,,,"False",,
"https://mgm.ibos.io/config/otherPartnerProfile","tab:INTER COMPANY RECEIVABLE/PAYABLE","button","button",,"","",,,,,"False",,
"https://mgm.ibos.io/config/otherPartnerProfile","tab:INTER COMPANY RECEIVABLE/PAYABLE","button","button",,"","",,,,,"False",,
"https://mgm.ibos.io/config/otherPartnerProfile","tab:INTER COMPANY RECEIVABLE/PAYABLE","input",,,"","",,,,,"False",,
"https://mgm.ibos.io/config/otherPartnerProfile","tab:INTER COMPANY RECEIVABLE/PAYABLE","input","hidden",,"","40513",,,,,"False",,
"https://mgm.ibos.io/config/otherPartnerProfile","tab:INTER COMPANY RECEIVABLE/PAYABLE","input","text",,"","","Search....",,,,"False",,
"https://mgm.ibos.io/config/otherPartnerProfile","tab:INTER COMPANY RECEIVABLE/PAYABLE","button","button",,"","",,,,,"False",,
"https://mgm.ibos.io/config/otherPartnerProfile","tab:INTER COMPANY RECEIVABLE/PAYABLE","button","button",,"EXCEL","",,,,,"False",,
"https://mgm.ibos.io/config/otherPartnerProfile","tab:INTER COMPANY RECEIVABLE/PAYABLE","button","button",,"Inter Company Receivable/Payable","",,,,,"False",,
"https://mgm.ibos.io/config/otherPartnerProfile","tab:INTER COMPANY RECEIVABLE/PAYABLE","button","button",,"SUPPLIER & CUSTOMER [BOTH]","",,,,,"False",,
"https://mgm.ibos.io/config/otherPartnerProfile","tab:INTER COMPANY RECEIVABLE/PAYABLE","button","button",,"LOAN EMPLOYEE","",,,,,"False",,
"https://mgm.ibos.io/config/otherPartnerProfile","tab:INTER COMPANY RECEIVABLE/PAYABLE","button","button",,"INTER COMPANY RECEIVABLE/PAYABLE","",,,,,"False",,
"https://mgm.ibos.io/config/otherPartnerProfile","tab:INTER COMPANY RECEIVABLE/PAYABLE","button","button",,"PROMOTER","",,,,,"False",,
"https://mgm.ibos.io/config/otherPartnerProfile","tab:INTER COMPANY RECEIVABLE/PAYABLE","input","text",,"","",,,,,"False",,
"https://mgm.ibos.io/config/otherPartnerProfile","tab:INTER COMPANY RECEIVABLE/PAYABLE","input","hidden",,"","",,,,,"False",,
"https://mgm.ibos.io/config/otherPartnerProfile","tab:INTER COMPANY RECEIVABLE/PAYABLE","input","text",,"","",,,,,"False",,
"https://mgm.ibos.io/config/otherPartnerProfile","tab:INTER COMPANY RECEIVABLE/PAYABLE","input","hidden",,"","",,,,,"False",,
"https://mgm.ibos.io/config/otherPartnerProfile","tab:INTER COMPANY RECEIVABLE/PAYABLE","input","text",,"","",,,,,"False",,
"https://mgm.ibos.io/config/otherPartnerProfile","tab:INTER COMPANY RECEIVABLE/PAYABLE","input","hidden",,"","",,,,,"False",,
"https://mgm.ibos.io/config/otherPartnerProfile","tab:INTER COMPANY RECEIVABLE/PAYABLE","input","checkbox",,"","on",,,,,"False",,
"https://mgm.ibos.io/config/otherPartnerProfile","tab:INTER COMPANY RECEIVABLE/PAYABLE","button","button",,"","",,,,,"False",,
"https://mgm.ibos.io/config/otherPartnerProfile","tab:INTER COMPANY RECEIVABLE/PAYABLE","button","button",,"","",,,,,"False",,
"https://mgm.ibos.io/config/otherPartnerProfile","tab:INTER COMPANY RECEIVABLE/PAYABLE","input","checkbox",,"","on",,,,,"False",,
"https://mgm.ibos.io/config/otherPartnerProfile","tab:INTER COMPANY RECEIVABLE/PAYABLE","button","button",,"","",,,,,"False",,
"https://mgm.ibos.io/config/otherPartnerProfile","tab:INTER COMPANY RECEIVABLE/PAYABLE","button","button",,"","",,,,,"False",,
"https://mgm.ibos.io/config/otherPartnerProfile","tab:INTER COMPANY RECEIVABLE/PAYABLE","input","checkbox",,"","on",,,,,"False",,
"https://mgm.ibos.io/config/otherPartnerProfile","tab:INTER COMPANY RECEIVABLE/PAYABLE","button","button",,"","",,,,,"False",,
"https://mgm.ibos.io/config/otherPartnerProfile","tab:INTER COMPANY RECEIVABLE/PAYABLE","button","button",,"","",,,,,"False",,
"https://mgm.ibos.io/config/otherPartnerProfile","tab:INTER COMPANY RECEIVABLE/PAYABLE","input","checkbox",,"","on",,,,,"False",,
"https://mgm.ibos.io/config/otherPartnerProfile","tab:INTER COMPANY RECEIVABLE/PAYABLE","button","button",,"","",,,,,"False",,
"https://mgm.ibos.io/config/otherPartnerProfile","tab:INTER COMPANY RECEIVABLE/PAYABLE","button","button",,"","",,,,,"False",,
"https://mgm.ibos.io/config/otherPartnerProfile","tab:INTER COMPANY RECEIVABLE/PAYABLE","input","checkbox",,"","on",,,,,"False",,
"https://mgm.ibos.io/config/otherPartnerProfile","tab:INTER COMPANY RECEIVABLE/PAYABLE","button","button",,"","",,,,,"False",,
"https://mgm.ibos.io/config/otherPartnerProfile","tab:INTER COMPANY RECEIVABLE/PAYABLE","button","button",,"","",,,,,"False",,
"https://mgm.ibos.io/config/otherPartnerProfile","tab:INTER COMPANY RECEIVABLE/PAYABLE","input","checkbox",,"","on",,,,,"False",,
"https://mgm.ibos.io/config/otherPartnerProfile","tab:INTER COMPANY RECEIVABLE/PAYABLE","button","button",,"","",,,,,"False",,
"https://mgm.ibos.io/config/otherPartnerProfile","tab:INTER COMPANY RECEIVABLE/PAYABLE","button","button",,"","",,,,,"False",,
"https://mgm.ibos.io/config/otherPartnerProfile","tab:INTER COMPANY RECEIVABLE/PAYABLE","input","checkbox",,"","on",,,,,"False",,
"https://mgm.ibos.io/config/otherPartnerProfile","tab:INTER COMPANY RECEIVABLE/PAYABLE","button","button",,"","",,,,,"False",,
"https://mgm.ibos.io/config/otherPartnerProfile","tab:INTER COMPANY RECEIVABLE/PAYABLE","button","button",,"","",,,,,"False",,
"https://mgm.ibos.io/config/otherPartnerProfile","tab:INTER COMPANY RECEIVABLE/PAYABLE","input","checkbox",,"","on",,,,,"False",,
"https://mgm.ibos.io/config/otherPartnerProfile","tab:INTER COMPANY RECEIVABLE/PAYABLE","button","button",,"","",,,,,"False",,
"https://mgm.ibos.io/config/otherPartnerProfile","tab:INTER COMPANY RECEIVABLE/PAYABLE","button","button",,"","",,,,,"False",,
"https://mgm.ibos.io/config/otherPartnerProfile","tab:INTER COMPANY RECEIVABLE/PAYABLE","input","checkbox",,"","on",,,,,"False",,
"https://mgm.ibos.io/config/otherPartnerProfile","tab:INTER COMPANY RECEIVABLE/PAYABLE","button","button",,"","",,,,,"False",,
"https://mgm.ibos.io/config/otherPartnerProfile","tab:INTER COMPANY RECEIVABLE/PAYABLE","button","button",,"","",,,,,"False",,
"https://mgm.ibos.io/config/otherPartnerProfile","tab:INTER COMPANY RECEIVABLE/PAYABLE","input","checkbox",,"","on",,,,,"False",,
"https://mgm.ibos.io/config/otherPartnerProfile","tab:INTER COMPANY RECEIVABLE/PAYABLE","button","button",,"","",,,,,"False",,
"https://mgm.ibos.io/config/otherPartnerProfile","tab:INTER COMPANY RECEIVABLE/PAYABLE","button","button",,"","",,,,,"False",,
"https://mgm.ibos.io/config/otherPartnerProfile","tab:INTER COMPANY RECEIVABLE/PAYABLE","input","checkbox",,"","on",,,,,"False",,
"https://mgm.ibos.io/config/otherPartnerProfile","tab:INTER COMPANY RECEIVABLE/PAYABLE","button","button",,"","",,,,,"False",,
"https://mgm.ibos.io/config/otherPartnerProfile","tab:INTER COMPANY RECEIVABLE/PAYABLE","button","button",,"","",,,,,"False",,
"https://mgm.ibos.io/config/otherPartnerProfile","tab:INTER COMPANY RECEIVABLE/PAYABLE","div",,,"100",,,,,,"False",,
"https://mgm.ibos.io/config/otherPartnerProfile","tab:INTER COMPANY RECEIVABLE/PAYABLE","input",,,"","100",,,,,"False",,
"https://mgm.ibos.io/config/otherPartnerProfile","tab:INTER COMPANY RECEIVABLE/PAYABLE","button","button",,"","",,,,,"True",,
"https://mgm.ibos.io/config/otherPartnerProfile","tab:INTER COMPANY RECEIVABLE/PAYABLE","button","button",,"","",,,,,"True",,
"https://mgm.ibos.io/config/otherPartnerProfile","tab:PROMOTER","input","text",,"","","Go to page...",,,,"False",,
"https://mgm.ibos.io/config/otherPartnerProfile","tab:PROMOTER","button","button",,"","",,,,,"False",,
"https://mgm.ibos.io/config/otherPartnerProfile","tab:PROMOTER","button","button",,"","",,,,,"False",,
"https://mgm.ibos.io/config/otherPartnerProfile","tab:PROMOTER","button","button",,"","",,,,,"False",,
"https://mgm.ibos.io/config/otherPartnerProfile","tab:PROMOTER","button","button",,"","",,,,,"False",,
"https://mgm.ibos.io/config/otherPartnerProfile","tab:PROMOTER","input",,,"","",,,,,"False",,
"https://mgm.ibos.io/config/otherPartnerProfile","tab:PROMOTER","input","hidden",,"","40513",,,,,"False",,
"https://mgm.ibos.io/config/otherPartnerProfile","tab:PROMOTER","input","text",,"","","Search....",,,,"False",,
"https://mgm.ibos.io/config/otherPartnerProfile","tab:PROMOTER","button","button",,"","",,,,,"False",,
"https://mgm.ibos.io/config/otherPartnerProfile","tab:PROMOTER","button","button",,"EXCEL","",,,,,"True",,
"https://mgm.ibos.io/config/otherPartnerProfile","tab:PROMOTER","button","button",,"Promoter","",,,,,"False",,
"https://mgm.ibos.io/config/otherPartnerProfile","tab:PROMOTER","button","button",,"SUPPLIER & CUSTOMER [BOTH]","",,,,,"False",,
"https://mgm.ibos.io/config/otherPartnerProfile","tab:PROMOTER","button","button",,"LOAN EMPLOYEE","",,,,,"False",,
"https://mgm.ibos.io/config/otherPartnerProfile","tab:PROMOTER","button","button",,"INTER COMPANY RECEIVABLE/PAYABLE","",,,,,"False",,
"https://mgm.ibos.io/config/otherPartnerProfile","tab:PROMOTER","button","button",,"PROMOTER","",,,,,"False",,
"https://mgm.ibos.io/config/otherPartnerProfile","tab:PROMOTER","input","text",,"","",,,,,"False",,
"https://mgm.ibos.io/config/otherPartnerProfile","tab:PROMOTER","input","hidden",,"","",,,,,"False",,
"https://mgm.ibos.io/config/otherPartnerProfile","tab:PROMOTER","input","text",,"","",,,,,"False",,
"https://mgm.ibos.io/config/otherPartnerProfile","tab:PROMOTER","input","hidden",,"","",,,,,"False",,
"https://mgm.ibos.io/config/otherPartnerProfile","tab:PROMOTER","input","text",,"","",,,,,"False",,
"https://mgm.ibos.io/config/otherPartnerProfile","tab:PROMOTER","input","hidden",,"","",,,,,"False",,
"https://mgm.ibos.io/config/profile","base","input","text",,"","","Go to page...",,,,"False","False","False"
"https://mgm.ibos.io/config/profile","base","button","button",,"","",,,,,"False","False",
"https://mgm.ibos.io/config/profile","base","button","button",,"","",,,,,"False","False",
"https://mgm.ibos.io/config/profile","base","button","button",,"","",,,,,"False","False",
"https://mgm.ibos.io/config/profile","base","button","button",,"","",,,,,"False","False",
"https://mgm.ibos.io/config/profile","base","input",,"combobox","","",,,"react-select-mgm-input",,"False","False","False"
"https://mgm.ibos.io/config/profile","base","input","hidden",,"","40513",,"branchList",,,"False","False","False"
"https://mgm.ibos.io/config/profile","base","button","button",,"Update Profile","",,,,,"False","False",
"https://mgm.ibos.io/config/profile","base","button","button",,"Change Password","",,,,,"False","False",
"https://mgm.ibos.io/config/profile","base","input","text",,"","Kazi Nazrul Islam Road","",,"companyAddress",,"False","False","False"
"https://mgm.ibos.io/config/profile","base","input","text",,"","01679172828","",,"companyContact",,"False","False","False"
"https://mgm.ibos.io/config/profile","base","input","text",,"","","",,"companyMail",,"False","False","False"
"https://mgm.ibos.io/config/profile","base","input","text",,"","House: 21, Level-11/A, Banani","",,"businessUnitAddress",,"False","False","False"
"https://mgm.ibos.io/config/profile","base","input","text",,"","1734780010","",,"businessUnitContact",,"False","False","False"
"https://mgm.ibos.io/config/profile","base","input","text",,"","info.osmocorp@gmail.com","",,"businessUnitMail",,"False","False","False"
"https://mgm.ibos.io/config/profile","base","div",,"button","OSMO DEMO",,,,,,"False","False",
"https://mgm.ibos.io/config/profile","base","button","button",,"","",,,,,"False","False",
"https://mgm.ibos.io/config/profile","base","span",,"button","Drag & Drop your files or Browse",,,,,,"False","False",
"https://mgm.ibos.io/config/profile","base","input","file",,"","",,"file",,,"False","False","False"
"https://mgm.ibos.io/config/profile","base","button","button",,"","",,,,,"False","False",
"https://mgm.ibos.io/config/profile","base","span",,"button","Drag & Drop your files or Browse",,,,,,"False","False",
"https://mgm.ibos.io/config/profile","base","input","file",,"","",,"file",,,"False","False","False"
"https://mgm.ibos.io/config/profile","base","button","button",,"","",,,,,"False","False",
"https://mgm.ibos.io/config/profile","base","span",,"button","Drag & Drop your files or Browse",,,,,,"False","False",
"https://mgm.ibos.io/config/profile","base","input","file",,"","",,"file",,,"False","False","False"
"https://mgm.ibos.io/config/profile","base","input","text",,"","","Terms and Conditions",,"salesTerms_0_terms",,"False","False","False"
"https://mgm.ibos.io/config/profile","base","input","checkbox",,"","on",,,"salesTerms_0_isDefault",,"False","False","False"
"https://mgm.ibos.io/config/profile","base","input","checkbox",,"","on",,,"salesTerms_0_isSalesQuotation",,"False","False","True"
"https://mgm.ibos.io/config/profile","base","input","checkbox",,"","on",,,"salesTerms_0_isSalesOrder",,"False","False","True"
"https://mgm.ibos.io/config/profile","base","input","checkbox",,"","on",,,"salesTerms_0_isSalesDeliveryInvoice",,"False","False","True"
"https://mgm.ibos.io/config/profile","base","input","checkbox",,"","on",,,"salesTerms_0_isProformaInvoice",,"False","False","False"
"https://mgm.ibos.io/config/profile","base","input","text",,"","","Terms and Conditions",,"purchaseTerms_0_terms",,"False","False","False"
"https://mgm.ibos.io/config/profile","base","input","checkbox",,"","on",,,"purchaseTerms_0_isDefault",,"False","False","False"
"https://mgm.ibos.io/config/profile","base","input","checkbox",,"","on",,,"purchaseTerms_0_isRfq",,"False","False","True"
"https://mgm.ibos.io/config/profile","base","input","checkbox",,"","on",,,"purchaseTerms_0_isPurchaseOrder",,"False","False","True"
"https://mgm.ibos.io/config/profile","base","input","checkbox",,"","on",,,"purchaseTerms_0_isPurchaseReceive",,"False","False","True"
"https://mgm.ibos.io/config/responsibilityTransfer","base","input","text",,"","","Go to page...",,,,"False","False","False"
"https://mgm.ibos.io/config/responsibilityTransfer","base","button","button",,"","",,,,,"False","False",
"https://mgm.ibos.io/config/responsibilityTransfer","base","button","button",,"","",,,,,"False","False",
"https://mgm.ibos.io/config/responsibilityTransfer","base","button","button",,"","",,,,,"False","False",
"https://mgm.ibos.io/config/responsibilityTransfer","base","button","button",,"","",,,,,"False","False",
"https://mgm.ibos.io/config/responsibilityTransfer","base","input",,"combobox","","",,,"react-select-mgm-input",,"False","False","False"
"https://mgm.ibos.io/config/responsibilityTransfer","base","input","hidden",,"","40513",,"branchList",,,"False","False","False"
"https://mgm.ibos.io/config/responsibilityTransfer","base","div",,"tab","Responsibility Transfer",,,,"rc-tabs-0-tab-responsibilityTransfer",,"False","False",
"https://mgm.ibos.io/config/responsibilityTransfer","base","button","button",,"","",,,"rc-tabs-0-more",,"False","False",
"https://mgm.ibos.io/config/responsibilityTransfer","base","button","button",,"Create Transfer","",,,,,"False","False",
"https://mgm.ibos.io/config/responsibilityTransfer","base","input","text","combobox","","",,,"MGMForm_fromUser",,"False","False","False"
"https://mgm.ibos.io/config/responsibilityTransfer","base","input","text","combobox","","",,,"MGMForm_toUser",,"False","False","False"
"https://mgm.ibos.io/config/responsibilityTransfer","base","input",,,"","13/08/2026","Select date",,"MGMForm_fromDate",,"False","False","False"
"https://mgm.ibos.io/config/responsibilityTransfer","base","button","button",,"","",,,,"Clear","False","False",
"https://mgm.ibos.io/config/responsibilityTransfer","base","input",,,"","13/09/2026","Select date",,"MGMForm_toDate",,"False","False","False"
"https://mgm.ibos.io/config/responsibilityTransfer","base","button","button",,"","",,,,"Clear","False","False",
"https://mgm.ibos.io/config/responsibilityTransfer","base","button","button",,"View","",,,,,"False","False",
"https://mgm.ibos.io/config/responsibilityTransfer","base","select",,,"10 25 50 100 200 500 1000","50",,,,,"False","False",
"https://mgm.ibos.io/config/responsibilityTransfer","base","button","button",,"<","",,,,,"True","False",
"https://mgm.ibos.io/config/responsibilityTransfer","base","button","button",,"1","",,,,,"False","False",
"https://mgm.ibos.io/config/responsibilityTransfer","base","button","button",,">","",,,,,"True","False",
"https://mgm.ibos.io/config/responsibilityTransfer","tab:Responsibility Transfer","input","text",,"","","Go to page...",,,,"False",,
"https://mgm.ibos.io/config/responsibilityTransfer","tab:Responsibility Transfer","button","button",,"","",,,,,"False",,
"https://mgm.ibos.io/config/responsibilityTransfer","tab:Responsibility Transfer","button","button",,"","",,,,,"False",,
"https://mgm.ibos.io/config/responsibilityTransfer","tab:Responsibility Transfer","button","button",,"","",,,,,"False",,
"https://mgm.ibos.io/config/responsibilityTransfer","tab:Responsibility Transfer","button","button",,"","",,,,,"False",,
"https://mgm.ibos.io/config/responsibilityTransfer","tab:Responsibility Transfer","input",,,"","",,,,,"False",,
"https://mgm.ibos.io/config/responsibilityTransfer","tab:Responsibility Transfer","input","hidden",,"","40513",,,,,"False",,
"https://mgm.ibos.io/config/responsibilityTransfer","tab:Responsibility Transfer","button","button",,"","",,,,,"False",,
"https://mgm.ibos.io/config/responsibilityTransfer","tab:Responsibility Transfer","button","button",,"Create Transfer","",,,,,"False",,
"https://mgm.ibos.io/config/responsibilityTransfer","tab:Responsibility Transfer","input","text",,"","",,,,,"False",,
"https://mgm.ibos.io/config/responsibilityTransfer","tab:Responsibility Transfer","input","text",,"","",,,,,"False",,
"https://mgm.ibos.io/config/responsibilityTransfer","tab:Responsibility Transfer","input",,,"","13/08/2026","Select date",,,,"False",,
"https://mgm.ibos.io/config/responsibilityTransfer","tab:Responsibility Transfer","button","button",,"","",,,,,"False",,
"https://mgm.ibos.io/config/responsibilityTransfer","tab:Responsibility Transfer","input",,,"","13/09/2026","Select date",,,,"False",,
"https://mgm.ibos.io/config/responsibilityTransfer","tab:Responsibility Transfer","button","button",,"","",,,,,"False",,
"https://mgm.ibos.io/config/responsibilityTransfer","tab:Responsibility Transfer","button","button",,"View","",,,,,"False",,
"https://mgm.ibos.io/config/responsibilityTransfer","tab:Responsibility Transfer","select",,,"10 25 50 100 200 500 1000","50",,,,,"False",,
"https://mgm.ibos.io/config/responsibilityTransfer","tab:Responsibility Transfer","button","button",,"<","",,,,,"True",,
"https://mgm.ibos.io/config/responsibilityTransfer","tab:Responsibility Transfer","button","button",,"1","",,,,,"False",,
"https://mgm.ibos.io/config/responsibilityTransfer","tab:Responsibility Transfer","button","button",,">","",,,,,"True",,
"https://mgm.ibos.io/config/supplierProfile","base","input","text",,"","","Go to page...",,,,"False","False","False"
"https://mgm.ibos.io/config/supplierProfile","base","button","button",,"","",,,,,"False","False",
"https://mgm.ibos.io/config/supplierProfile","base","button","button",,"","",,,,,"False","False",
"https://mgm.ibos.io/config/supplierProfile","base","button","button",,"","",,,,,"False","False",
"https://mgm.ibos.io/config/supplierProfile","base","button","button",,"","",,,,,"False","False",
"https://mgm.ibos.io/config/supplierProfile","base","input",,"combobox","","",,,"react-select-mgm-input",,"False","False","False"
"https://mgm.ibos.io/config/supplierProfile","base","input","hidden",,"","40513",,"branchList",,,"False","False","False"
"https://mgm.ibos.io/config/supplierProfile","base","input","text",,"","","Search....",,,"search","False","False","False"
"https://mgm.ibos.io/config/supplierProfile","base","button","button",,"","",,,,"menu","False","False",
"https://mgm.ibos.io/config/supplierProfile","base","button","button",,"EXCEL","",,,,,"True","False",
"https://mgm.ibos.io/config/supplierProfile","base","button","button",,"Bulk Upload","",,,,,"False","False",
"https://mgm.ibos.io/config/supplierProfile","base","button","button",,"Supplier","",,,,,"False","False",
"https://mgm.ibos.io/config/supplierProfile","base","input","text","combobox","","",,,"react-select-mgm-input",,"False","False","False"
"https://mgm.ibos.io/config/supplierProfile","base","input","hidden",,"","",,"office",,,"False","False","False"
"https://mgm.ibos.io/config/supplierProfile","base","input","text","combobox","","",,,"react-select-mgm-input",,"False","False","False"
"https://mgm.ibos.io/config/supplierProfile","base","input","hidden",,"","",,"partnerGroup",,,"False","False","False"
"https://mgm.ibos.io/config/supplierProfile","base","input","text","combobox","","",,,"react-select-mgm-input",,"False","False","False"
"https://mgm.ibos.io/config/supplierProfile","base","input","hidden",,"","",,"filterByStatus",,,"False","False","False"
"https://mgm.ibos.io/config/supplierProfile","base","input","text","combobox","","",,,"react-select-mgm-input",,"False","False","False"
"https://mgm.ibos.io/config/supplierProfile","base","input","hidden",,"","",,"localOrForeign",,,"False","False","False"
"https://mgm.ibos.io/config/supplierProfile","base","button","button",,"View","",,,,,"False","False",
"https://mgm.ibos.io/config/userGroup","base","input","text",,"","","Go to page...",,,,"False","False","False"
"https://mgm.ibos.io/config/userGroup","base","button","button",,"","",,,,,"False","False",
"https://mgm.ibos.io/config/userGroup","base","button","button",,"","",,,,,"False","False",
"https://mgm.ibos.io/config/userGroup","base","button","button",,"","",,,,,"False","False",
"https://mgm.ibos.io/config/userGroup","base","button","button",,"","",,,,,"False","False",
"https://mgm.ibos.io/config/userGroup","base","input",,"combobox","","",,,"react-select-mgm-input",,"False","False","False"
"https://mgm.ibos.io/config/userGroup","base","input","hidden",,"","40513",,"branchList",,,"False","False","False"
"https://mgm.ibos.io/config/userGroup","base","div",,"tab","User Group",,,,"rc-tabs-0-tab-userGroup",,"False","False",
"https://mgm.ibos.io/config/userGroup","base","button","button",,"","",,,"rc-tabs-0-more",,"False","False",
"https://mgm.ibos.io/config/userGroup","base","button","button",,"User Group","",,,,,"False","False",
"https://mgm.ibos.io/config/userGroup","base","button","button",,"","",,,,,"False","False",
"https://mgm.ibos.io/config/userGroup","base","button","button",,"","",,,,,"False","False",
"https://mgm.ibos.io/config/userGroup","base","select",,,"10 25 50 100 200 500 1000","50",,,,,"False","False",
"https://mgm.ibos.io/config/userGroup","base","button","button",,"<","",,,,,"True","False",
"https://mgm.ibos.io/config/userGroup","base","button","button",,"1","",,,,,"False","False",
"https://mgm.ibos.io/config/userGroup","base","button","button",,">","",,,,,"True","False",
"https://mgm.ibos.io/config/userGroup","tab:User Group","input","text",,"","","Go to page...",,,,"False",,
"https://mgm.ibos.io/config/userGroup","tab:User Group","button","button",,"","",,,,,"False",,
"https://mgm.ibos.io/config/userGroup","tab:User Group","button","button",,"","",,,,,"False",,
"https://mgm.ibos.io/config/userGroup","tab:User Group","button","button",,"","",,,,,"False",,
"https://mgm.ibos.io/config/userGroup","tab:User Group","button","button",,"","",,,,,"False",,
"https://mgm.ibos.io/config/userGroup","tab:User Group","input",,,"","",,,,,"False",,
"https://mgm.ibos.io/config/userGroup","tab:User Group","input","hidden",,"","40513",,,,,"False",,
"https://mgm.ibos.io/config/userGroup","tab:User Group","button","button",,"","",,,,,"False",,
"https://mgm.ibos.io/config/userGroup","tab:User Group","button","button",,"User Group","",,,,,"False",,
"https://mgm.ibos.io/config/userGroup","tab:User Group","button","button",,"","",,,,,"False",,
"https://mgm.ibos.io/config/userGroup","tab:User Group","button","button",,"","",,,,,"False",,
"https://mgm.ibos.io/config/userGroup","tab:User Group","select",,,"10 25 50 100 200 500 1000","50",,,,,"False",,
"https://mgm.ibos.io/config/userGroup","tab:User Group","button","button",,"<","",,,,,"True",,
"https://mgm.ibos.io/config/userGroup","tab:User Group","button","button",,"1","",,,,,"False",,
"https://mgm.ibos.io/config/userGroup","tab:User Group","button","button",,">","",,,,,"True",,
"https://mgm.ibos.io/config/warehouse","base","input","text",,"","","Go to page...",,,,"False","False","False"
"https://mgm.ibos.io/config/warehouse","base","button","button",,"","",,,,,"False","False",
"https://mgm.ibos.io/config/warehouse","base","button","button",,"","",,,,,"False","False",
"https://mgm.ibos.io/config/warehouse","base","button","button",,"","",,,,,"False","False",
"https://mgm.ibos.io/config/warehouse","base","button","button",,"","",,,,,"False","False",
"https://mgm.ibos.io/config/warehouse","base","input",,"combobox","","",,,"react-select-mgm-input",,"False","False","False"
"https://mgm.ibos.io/config/warehouse","base","input","hidden",,"","40513",,"branchList",,,"False","False","False"
"https://mgm.ibos.io/config/warehouse","base","div",,"tab","Warehouse",,,,"rc-tabs-0-tab-warehouse",,"False","False",
"https://mgm.ibos.io/config/warehouse","base","button","button",,"","",,,"rc-tabs-0-more",,"False","False",
"https://mgm.ibos.io/config/warehouse","base","input","text",,"","","Search code, warehouse, branch...",,,,"False","False","False"
"https://mgm.ibos.io/config/warehouse","base","button","button",,"","",,,,,"False","False",
"https://mgm.ibos.io/config/warehouse","base","button","button",,"Create Warehouse","",,,,,"False","False",
"https://mgm.ibos.io/config/warehouse","base","button","button",,"","",,,,,"False","False",
"https://mgm.ibos.io/config/warehouse","base","button","button",,"","",,,,,"False","False",
"https://mgm.ibos.io/config/warehouse","base","button","button",,"","",,,,,"False","False",
"https://mgm.ibos.io/config/warehouse","base","button","button",,"","",,,,,"False","False",
"https://mgm.ibos.io/config/warehouse","base","button","button",,"","",,,,,"False","False",
"https://mgm.ibos.io/config/warehouse","base","button","button",,"","",,,,,"False","False",
"https://mgm.ibos.io/config/warehouse","base","button","button",,"","",,,,,"False","False",
"https://mgm.ibos.io/config/warehouse","base","button","button",,"","",,,,,"False","False",
"https://mgm.ibos.io/config/warehouse","base","button","button",,"","",,,,,"False","False",
"https://mgm.ibos.io/config/warehouse","base","button","button",,"","",,,,,"False","False",
"https://mgm.ibos.io/config/warehouse","base","button","button",,"","",,,,,"False","False",
"https://mgm.ibos.io/config/warehouse","base","button","button",,"","",,,,,"False","False",
"https://mgm.ibos.io/config/warehouse","base","button","button",,"","",,,,,"False","False",
"https://mgm.ibos.io/config/warehouse","base","button","button",,"","",,,,,"False","False",
"https://mgm.ibos.io/config/warehouse","base","button","button",,"","",,,,,"False","False",
"https://mgm.ibos.io/config/warehouse","base","button","button",,"","",,,,,"False","False",
"https://mgm.ibos.io/config/warehouse","base","button","button",,"","",,,,,"False","False",
"https://mgm.ibos.io/config/warehouse","base","button","button",,"","",,,,,"False","False",
"https://mgm.ibos.io/config/warehouse","base","button","button",,"","",,,,,"False","False",
"https://mgm.ibos.io/config/warehouse","base","button","button",,"","",,,,,"False","False",
"https://mgm.ibos.io/config/warehouse","base","button","button",,"","",,,,,"False","False",
"https://mgm.ibos.io/config/warehouse","base","button","button",,"","",,,,,"False","False",
"https://mgm.ibos.io/config/warehouse","base","button","button",,"","",,,,,"False","False",
"https://mgm.ibos.io/config/warehouse","base","button","button",,"","",,,,,"False","False",
"https://mgm.ibos.io/config/warehouse","base","button","button",,"","",,,,,"False","False",
"https://mgm.ibos.io/config/warehouse","base","button","button",,"","",,,,,"False","False",
"https://mgm.ibos.io/config/warehouse","base","button","button",,"","",,,,,"False","False",
"https://mgm.ibos.io/config/warehouse","base","button","button",,"","",,,,,"False","False",
"https://mgm.ibos.io/config/warehouse","base","button","button",,"","",,,,,"False","False",
"https://mgm.ibos.io/config/warehouse","base","button","button",,"","",,,,,"False","False",
"https://mgm.ibos.io/config/warehouse","base","button","button",,"","",,,,,"False","False",
"https://mgm.ibos.io/config/warehouse","base","button","button",,"","",,,,,"False","False",
"https://mgm.ibos.io/config/warehouse","base","button","button",,"","",,,,,"False","False",
"https://mgm.ibos.io/config/warehouse","base","button","button",,"","",,,,,"False","False",
"https://mgm.ibos.io/config/warehouse","base","button","button",,"","",,,,,"False","False",
"https://mgm.ibos.io/config/warehouse","base","button","button",,"","",,,,,"False","False",
"https://mgm.ibos.io/config/warehouse","base","button","button",,"","",,,,,"False","False",
"https://mgm.ibos.io/config/warehouse","base","button","button",,"","",,,,,"False","False",
"https://mgm.ibos.io/config/warehouse","base","button","button",,"","",,,,,"False","False",
"https://mgm.ibos.io/config/warehouse","base","button","button",,"","",,,,,"False","False",
"https://mgm.ibos.io/config/warehouse","base","button","button",,"","",,,,,"False","False",
"https://mgm.ibos.io/config/warehouse","base","button","button",,"","",,,,,"False","False",
"https://mgm.ibos.io/config/warehouse","base","button","button",,"","",,,,,"False","False",
"https://mgm.ibos.io/config/warehouse","base","button","button",,"","",,,,,"False","False",
"https://mgm.ibos.io/config/warehouse","base","button","button",,"","",,,,,"False","False",
"https://mgm.ibos.io/config/warehouse","base","button","button",,"","",,,,,"False","False",
"https://mgm.ibos.io/config/warehouse","base","button","button",,"","",,,,,"False","False",
"https://mgm.ibos.io/config/warehouse","base","button","button",,"","",,,,,"False","False",
"https://mgm.ibos.io/config/warehouse","base","button","button",,"","",,,,,"False","False",
"https://mgm.ibos.io/config/warehouse","base","button","button",,"","",,,,,"False","False",
"https://mgm.ibos.io/config/warehouse","base","select",,,"10 25 50 100 200 500 1000","50",,,,,"False","False",
"https://mgm.ibos.io/config/warehouse","base","button","button",,"<","",,,,,"True","False",
"https://mgm.ibos.io/config/warehouse","base","button","button",,"1","",,,,,"False","False",
"https://mgm.ibos.io/config/warehouse","base","button","button",,"2","",,,,,"False","False",
"https://mgm.ibos.io/config/warehouse","base","button","button",,">","",,,,,"False","False",
"https://mgm.ibos.io/config/warehouse","tab:Warehouse","input","text",,"","","Go to page...",,,,"False",,
"https://mgm.ibos.io/config/warehouse","tab:Warehouse","button","button",,"","",,,,,"False",,
"https://mgm.ibos.io/config/warehouse","tab:Warehouse","button","button",,"","",,,,,"False",,
"https://mgm.ibos.io/config/warehouse","tab:Warehouse","button","button",,"","",,,,,"False",,
"https://mgm.ibos.io/config/warehouse","tab:Warehouse","button","button",,"","",,,,,"False",,
"https://mgm.ibos.io/config/warehouse","tab:Warehouse","input",,,"","",,,,,"False",,
"https://mgm.ibos.io/config/warehouse","tab:Warehouse","input","hidden",,"","40513",,,,,"False",,
"https://mgm.ibos.io/config/warehouse","tab:Warehouse","button","button",,"","",,,,,"False",,
"https://mgm.ibos.io/config/warehouse","tab:Warehouse","input","text",,"","","Search code, warehouse, branch...",,,,"False",,
"https://mgm.ibos.io/config/warehouse","tab:Warehouse","button","button",,"","",,,,,"False",,
"https://mgm.ibos.io/config/warehouse","tab:Warehouse","button","button",,"Create Warehouse","",,,,,"False",,
"https://mgm.ibos.io/config/warehouse","tab:Warehouse","button","button",,"","",,,,,"False",,
"https://mgm.ibos.io/config/warehouse","tab:Warehouse","button","button",,"","",,,,,"False",,
"https://mgm.ibos.io/config/warehouse","tab:Warehouse","button","button",,"","",,,,,"False",,
"https://mgm.ibos.io/config/warehouse","tab:Warehouse","button","button",,"","",,,,,"False",,
"https://mgm.ibos.io/config/warehouse","tab:Warehouse","button","button",,"","",,,,,"False",,
"https://mgm.ibos.io/config/warehouse","tab:Warehouse","button","button",,"","",,,,,"False",,
"https://mgm.ibos.io/config/warehouse","tab:Warehouse","button","button",,"","",,,,,"False",,
"https://mgm.ibos.io/config/warehouse","tab:Warehouse","button","button",,"","",,,,,"False",,
"https://mgm.ibos.io/config/warehouse","tab:Warehouse","button","button",,"","",,,,,"False",,
"https://mgm.ibos.io/config/warehouse","tab:Warehouse","button","button",,"","",,,,,"False",,
"https://mgm.ibos.io/config/warehouse","tab:Warehouse","button","button",,"","",,,,,"False",,
"https://mgm.ibos.io/config/warehouse","tab:Warehouse","button","button",,"","",,,,,"False",,
"https://mgm.ibos.io/config/warehouse","tab:Warehouse","button","button",,"","",,,,,"False",,
"https://mgm.ibos.io/config/warehouse","tab:Warehouse","button","button",,"","",,,,,"False",,
"https://mgm.ibos.io/config/warehouse","tab:Warehouse","button","button",,"","",,,,,"False",,
"https://mgm.ibos.io/config/warehouse","tab:Warehouse","button","button",,"","",,,,,"False",,
"https://mgm.ibos.io/config/warehouse","tab:Warehouse","button","button",,"","",,,,,"False",,
"https://mgm.ibos.io/config/warehouse","tab:Warehouse","button","button",,"","",,,,,"False",,
"https://mgm.ibos.io/config/warehouse","tab:Warehouse","button","button",,"","",,,,,"False",,
"https://mgm.ibos.io/config/warehouse","tab:Warehouse","button","button",,"","",,,,,"False",,
"https://mgm.ibos.io/config/warehouse","tab:Warehouse","button","button",,"","",,,,,"False",,
"https://mgm.ibos.io/config/warehouse","tab:Warehouse","button","button",,"","",,,,,"False",,
"https://mgm.ibos.io/config/warehouse","tab:Warehouse","button","button",,"","",,,,,"False",,
"https://mgm.ibos.io/config/warehouse","tab:Warehouse","button","button",,"","",,,,,"False",,
"https://mgm.ibos.io/config/warehouse","tab:Warehouse","button","button",,"","",,,,,"False",,
"https://mgm.ibos.io/config/warehouse","tab:Warehouse","button","button",,"","",,,,,"False",,
"https://mgm.ibos.io/config/warehouse","tab:Warehouse","button","button",,"","",,,,,"False",,
"https://mgm.ibos.io/config/warehouse","tab:Warehouse","button","button",,"","",,,,,"False",,
"https://mgm.ibos.io/config/warehouse","tab:Warehouse","button","button",,"","",,,,,"False",,
"https://mgm.ibos.io/config/warehouse","tab:Warehouse","button","button",,"","",,,,,"False",,
"https://mgm.ibos.io/config/warehouse","tab:Warehouse","button","button",,"","",,,,,"False",,
"https://mgm.ibos.io/config/warehouse","tab:Warehouse","button","button",,"","",,,,,"False",,
"https://mgm.ibos.io/config/warehouse","tab:Warehouse","button","button",,"","",,,,,"False",,
"https://mgm.ibos.io/config/warehouse","tab:Warehouse","button","button",,"","",,,,,"False",,
"https://mgm.ibos.io/config/warehouse","tab:Warehouse","button","button",,"","",,,,,"False",,
"https://mgm.ibos.io/config/warehouse","tab:Warehouse","button","button",,"","",,,,,"False",,
"https://mgm.ibos.io/config/warehouse","tab:Warehouse","button","button",,"","",,,,,"False",,
"https://mgm.ibos.io/config/warehouse","tab:Warehouse","button","button",,"","",,,,,"False",,
"https://mgm.ibos.io/config/warehouse","tab:Warehouse","button","button",,"","",,,,,"False",,
"https://mgm.ibos.io/config/warehouse","tab:Warehouse","button","button",,"","",,,,,"False",,
"https://mgm.ibos.io/config/warehouse","tab:Warehouse","button","button",,"","",,,,,"False",,
"https://mgm.ibos.io/config/warehouse","tab:Warehouse","button","button",,"","",,,,,"False",,
"https://mgm.ibos.io/config/warehouse","tab:Warehouse","button","button",,"","",,,,,"False",,
"https://mgm.ibos.io/config/warehouse","tab:Warehouse","button","button",,"","",,,,,"False",,
"https://mgm.ibos.io/config/warehouse","tab:Warehouse","button","button",,"","",,,,,"False",,
"https://mgm.ibos.io/config/warehouse","tab:Warehouse","button","button",,"","",,,,,"False",,
"https://mgm.ibos.io/config/warehouse","tab:Warehouse","button","button",,"","",,,,,"False",,
"https://mgm.ibos.io/config/warehouse","tab:Warehouse","button","button",,"","",,,,,"False",,
"https://mgm.ibos.io/config/warehouse","tab:Warehouse","button","button",,"","",,,,,"False",,
"https://mgm.ibos.io/config/warehouse","tab:Warehouse","button","button",,"","",,,,,"False",,
"https://mgm.ibos.io/config/warehouse","tab:Warehouse","select",,,"10 25 50 100 200 500 1000","50",,,,,"False",,
"https://mgm.ibos.io/config/warehouse","tab:Warehouse","button","button",,"<","",,,,,"True",,
"https://mgm.ibos.io/config/warehouse","tab:Warehouse","button","button",,"1","",,,,,"False",,
"https://mgm.ibos.io/config/warehouse","tab:Warehouse","button","button",,"2","",,,,,"False",,
"https://mgm.ibos.io/config/warehouse","tab:Warehouse","button","button",,">","",,,,,"False",,
"https://mgm.ibos.io/hrAdmin/acknowledgementLetter","base","input","text",,"","","Go to page...",,,,"False","False","False"
"https://mgm.ibos.io/hrAdmin/acknowledgementLetter","base","button","button",,"","",,,,,"False","False",
"https://mgm.ibos.io/hrAdmin/acknowledgementLetter","base","button","button",,"","",,,,,"False","False",
"https://mgm.ibos.io/hrAdmin/acknowledgementLetter","base","button","button",,"","",,,,,"False","False",
"https://mgm.ibos.io/hrAdmin/acknowledgementLetter","base","button","button",,"","",,,,,"False","False",
"https://mgm.ibos.io/hrAdmin/acknowledgementLetter","base","input",,"combobox","","",,,"react-select-mgm-input",,"False","False","False"
"https://mgm.ibos.io/hrAdmin/acknowledgementLetter","base","input","hidden",,"","40513",,"branchList",,,"False","False","False"
"https://mgm.ibos.io/hrAdmin/acknowledgementLetter","base","div",,"tab","Acknowledgement & Issue",,,,"rc-tabs-0-tab-acknowledgementLetter",,"False","False",
"https://mgm.ibos.io/hrAdmin/acknowledgementLetter","base","button","button",,"","",,,"rc-tabs-0-more",,"False","False",
"https://mgm.ibos.io/hrAdmin/acknowledgementLetter","base","input","text",,"","","Search...",,,,"False","False","False"
"https://mgm.ibos.io/hrAdmin/acknowledgementLetter","base","button","button",,"","",,,,,"False","False",
"https://mgm.ibos.io/hrAdmin/acknowledgementLetter","base","button","button",,"Service","",,,,,"False","False",
"https://mgm.ibos.io/hrAdmin/acknowledgementLetter","base","input","text","combobox","","",,,"MGMForm_documentType",,"False","False","False"
"https://mgm.ibos.io/hrAdmin/acknowledgementLetter","base","input","text","combobox","","",,,"MGMForm_office",,"False","True","False"
"https://mgm.ibos.io/hrAdmin/acknowledgementLetter","base","input","text","combobox","","",,,"MGMForm_employee",,"False","True","False"
"https://mgm.ibos.io/hrAdmin/acknowledgementLetter","base","input",,,"","01/09/2026","Select date",,"MGMForm_fromDate",,"False","False","False"
"https://mgm.ibos.io/hrAdmin/acknowledgementLetter","base","button","button",,"","",,,,"Clear","False","False",
"https://mgm.ibos.io/hrAdmin/acknowledgementLetter","base","input",,,"","30/09/2026","Select date",,"MGMForm_toDate",,"False","False","False"
"https://mgm.ibos.io/hrAdmin/acknowledgementLetter","base","button","button",,"","",,,,"Clear","False","False",
"https://mgm.ibos.io/hrAdmin/acknowledgementLetter","base","button","button",,"View","",,,,,"False","False",
"https://mgm.ibos.io/hrAdmin/acknowledgementLetter","base","button","button",,"","",,,,,"False","False",
"https://mgm.ibos.io/hrAdmin/acknowledgementLetter","base","button","button",,"","",,,,,"False","False",
"https://mgm.ibos.io/hrAdmin/acknowledgementLetter","base","button","button",,"","",,,,,"False","False",
"https://mgm.ibos.io/hrAdmin/acknowledgementLetter","base","button","button",,"","",,,,,"False","False",
"https://mgm.ibos.io/hrAdmin/acknowledgementLetter","base","button","button",,"","",,,,,"False","False",
"https://mgm.ibos.io/hrAdmin/acknowledgementLetter","base","button","button",,"","",,,,,"False","False",
"https://mgm.ibos.io/hrAdmin/acknowledgementLetter","base","select",,,"10 25 50 100 200 500 1000","50",,,,,"False","False",
"https://mgm.ibos.io/hrAdmin/acknowledgementLetter","base","button","button",,"<","",,,,,"True","False",
"https://mgm.ibos.io/hrAdmin/acknowledgementLetter","base","button","button",,"1","",,,,,"False","False",
"https://mgm.ibos.io/hrAdmin/acknowledgementLetter","base","button","button",,">","",,,,,"True","False",
"https://mgm.ibos.io/hrAdmin/acknowledgementLetter","tab:Acknowledgement & Issue","input","text",,"","","Go to page...",,,,"False",,
"https://mgm.ibos.io/hrAdmin/acknowledgementLetter","tab:Acknowledgement & Issue","button","button",,"","",,,,,"False",,
"https://mgm.ibos.io/hrAdmin/acknowledgementLetter","tab:Acknowledgement & Issue","button","button",,"","",,,,,"False",,
"https://mgm.ibos.io/hrAdmin/acknowledgementLetter","tab:Acknowledgement & Issue","button","button",,"","",,,,,"False",,
"https://mgm.ibos.io/hrAdmin/acknowledgementLetter","tab:Acknowledgement & Issue","button","button",,"","",,,,,"False",,
"https://mgm.ibos.io/hrAdmin/acknowledgementLetter","tab:Acknowledgement & Issue","input",,,"","",,,,,"False",,
"https://mgm.ibos.io/hrAdmin/acknowledgementLetter","tab:Acknowledgement & Issue","input","hidden",,"","40513",,,,,"False",,
"https://mgm.ibos.io/hrAdmin/acknowledgementLetter","tab:Acknowledgement & Issue","button","button",,"","",,,,,"False",,
"https://mgm.ibos.io/hrAdmin/acknowledgementLetter","tab:Acknowledgement & Issue","input","text",,"","","Search...",,,,"False",,
"https://mgm.ibos.io/hrAdmin/acknowledgementLetter","tab:Acknowledgement & Issue","button","button",,"","",,,,,"False",,
"https://mgm.ibos.io/hrAdmin/acknowledgementLetter","tab:Acknowledgement & Issue","button","button",,"Service","",,,,,"False",,
"https://mgm.ibos.io/hrAdmin/acknowledgementLetter","tab:Acknowledgement & Issue","input","text",,"","",,,,,"False",,
"https://mgm.ibos.io/hrAdmin/acknowledgementLetter","tab:Acknowledgement & Issue","input","text",,"","",,,,,"False",,
"https://mgm.ibos.io/hrAdmin/acknowledgementLetter","tab:Acknowledgement & Issue","input","text",,"","",,,,,"False",,
"https://mgm.ibos.io/hrAdmin/acknowledgementLetter","tab:Acknowledgement & Issue","input",,,"","01/09/2026","Select date",,,,"False",,
"https://mgm.ibos.io/hrAdmin/acknowledgementLetter","tab:Acknowledgement & Issue","button","button",,"","",,,,,"False",,
"https://mgm.ibos.io/hrAdmin/acknowledgementLetter","tab:Acknowledgement & Issue","input",,,"","30/09/2026","Select date",,,,"False",,
"https://mgm.ibos.io/hrAdmin/acknowledgementLetter","tab:Acknowledgement & Issue","button","button",,"","",,,,,"False",,
"https://mgm.ibos.io/hrAdmin/acknowledgementLetter","tab:Acknowledgement & Issue","button","button",,"View","",,,,,"False",,
"https://mgm.ibos.io/hrAdmin/acknowledgementLetter","tab:Acknowledgement & Issue","button","button",,"","",,,,,"False",,
"https://mgm.ibos.io/hrAdmin/acknowledgementLetter","tab:Acknowledgement & Issue","button","button",,"","",,,,,"False",,
"https://mgm.ibos.io/hrAdmin/acknowledgementLetter","tab:Acknowledgement & Issue","button","button",,"","",,,,,"False",,
"https://mgm.ibos.io/hrAdmin/acknowledgementLetter","tab:Acknowledgement & Issue","button","button",,"","",,,,,"False",,
"https://mgm.ibos.io/hrAdmin/acknowledgementLetter","tab:Acknowledgement & Issue","button","button",,"","",,,,,"False",,
"https://mgm.ibos.io/hrAdmin/acknowledgementLetter","tab:Acknowledgement & Issue","button","button",,"","",,,,,"False",,
"https://mgm.ibos.io/hrAdmin/acknowledgementLetter","tab:Acknowledgement & Issue","select",,,"10 25 50 100 200 500 1000","50",,,,,"False",,
"https://mgm.ibos.io/hrAdmin/acknowledgementLetter","tab:Acknowledgement & Issue","button","button",,"<","",,,,,"True",,
"https://mgm.ibos.io/hrAdmin/acknowledgementLetter","tab:Acknowledgement & Issue","button","button",,"1","",,,,,"False",,
"https://mgm.ibos.io/hrAdmin/acknowledgementLetter","tab:Acknowledgement & Issue","button","button",,">","",,,,,"True",,
"https://mgm.ibos.io/hrAdmin/attendance","base","input","text",,"","","Go to page...",,,,"False","False","False"
"https://mgm.ibos.io/hrAdmin/attendance","base","button","button",,"","",,,,,"False","False",
"https://mgm.ibos.io/hrAdmin/attendance","base","button","button",,"","",,,,,"False","False",
"https://mgm.ibos.io/hrAdmin/attendance","base","button","button",,"","",,,,,"False","False",
"https://mgm.ibos.io/hrAdmin/attendance","base","button","button",,"","",,,,,"False","False",
"https://mgm.ibos.io/hrAdmin/attendance","base","input",,"combobox","","",,,"react-select-mgm-input",,"False","False","False"
"https://mgm.ibos.io/hrAdmin/attendance","base","input","hidden",,"","40513",,"branchList",,,"False","False","False"
"https://mgm.ibos.io/hrAdmin/attendance","base","div",,"tab","Daily Attendance",,,,"rc-tabs-0-tab-dailyAttendance",,"False","False",
"https://mgm.ibos.io/hrAdmin/attendance","base","button","button",,"","",,,"rc-tabs-0-more",,"False","False",
"https://mgm.ibos.io/hrAdmin/attendance","base","button","button",,"PDF","",,,,,"False","False",
"https://mgm.ibos.io/hrAdmin/attendance","base","input",,,"","13/08/2026","Select date",,"MGMForm_fromDate",,"False","False","False"
"https://mgm.ibos.io/hrAdmin/attendance","base","button","button",,"","",,,,"Clear","False","False",
"https://mgm.ibos.io/hrAdmin/attendance","base","input",,,"","13/09/2026","Select date",,"MGMForm_toDate",,"False","False","False"
"https://mgm.ibos.io/hrAdmin/attendance","base","button","button",,"","",,,,"Clear","False","False",
"https://mgm.ibos.io/hrAdmin/attendance","base","input","text","combobox","","",,,"MGMForm_viewBy",,"False","False","False"
"https://mgm.ibos.io/hrAdmin/attendance","base","input","text","combobox","","",,,"MGMForm_employee",,"False","False","False"
"https://mgm.ibos.io/hrAdmin/attendance","base","input","text","combobox","","",,,"MGMForm_status",,"False","False","False"
"https://mgm.ibos.io/hrAdmin/attendance","base","button","button",,"View","",,,,,"False","False",
"https://mgm.ibos.io/hrAdmin/attendance","base","button","button",,"","",,,,,"False","False",
"https://mgm.ibos.io/hrAdmin/attendance","base","input","checkbox",,"","on",,,,"Select all","True","False","False"
"https://mgm.ibos.io/hrAdmin/attendance","base","input","checkbox",,"","on",,,,"Select all","True","False","False"
"https://mgm.ibos.io/hrAdmin/attendance","tab:Daily Attendance","input","text",,"","","Go to page...",,,,"False",,
"https://mgm.ibos.io/hrAdmin/attendance","tab:Daily Attendance","button","button",,"","",,,,,"False",,
"https://mgm.ibos.io/hrAdmin/attendance","tab:Daily Attendance","button","button",,"","",,,,,"False",,
"https://mgm.ibos.io/hrAdmin/attendance","tab:Daily Attendance","button","button",,"","",,,,,"False",,
"https://mgm.ibos.io/hrAdmin/attendance","tab:Daily Attendance","button","button",,"","",,,,,"False",,
"https://mgm.ibos.io/hrAdmin/attendance","tab:Daily Attendance","input",,,"","",,,,,"False",,
"https://mgm.ibos.io/hrAdmin/attendance","tab:Daily Attendance","input","hidden",,"","40513",,,,,"False",,
"https://mgm.ibos.io/hrAdmin/attendance","tab:Daily Attendance","button","button",,"","",,,,,"False",,
"https://mgm.ibos.io/hrAdmin/attendance","tab:Daily Attendance","button","button",,"PDF","",,,,,"False",,
"https://mgm.ibos.io/hrAdmin/attendance","tab:Daily Attendance","input",,,"","13/08/2026","Select date",,,,"False",,
"https://mgm.ibos.io/hrAdmin/attendance","tab:Daily Attendance","button","button",,"","",,,,,"False",,
"https://mgm.ibos.io/hrAdmin/attendance","tab:Daily Attendance","input",,,"","13/09/2026","Select date",,,,"False",,
"https://mgm.ibos.io/hrAdmin/attendance","tab:Daily Attendance","button","button",,"","",,,,,"False",,
"https://mgm.ibos.io/hrAdmin/attendance","tab:Daily Attendance","input","text",,"","",,,,,"False",,
"https://mgm.ibos.io/hrAdmin/attendance","tab:Daily Attendance","input","text",,"","",,,,,"False",,
"https://mgm.ibos.io/hrAdmin/attendance","tab:Daily Attendance","input","text",,"","",,,,,"False",,
"https://mgm.ibos.io/hrAdmin/attendance","tab:Daily Attendance","button","button",,"View","",,,,,"False",,
"https://mgm.ibos.io/hrAdmin/attendance","tab:Daily Attendance","button","button",,"","",,,,,"False",,
"https://mgm.ibos.io/hrAdmin/attendance","tab:Daily Attendance","input","checkbox",,"","on",,,,,"True",,
"https://mgm.ibos.io/hrAdmin/attendance","tab:Daily Attendance","input","checkbox",,"","on",,,,,"True",,
"https://mgm.ibos.io/hrAdmin/bonus","base","input","text",,"","","Go to page...",,,,"False","False","False"
"https://mgm.ibos.io/hrAdmin/bonus","base","button","button",,"","",,,,,"False","False",
"https://mgm.ibos.io/hrAdmin/bonus","base","button","button",,"","",,,,,"False","False",
"https://mgm.ibos.io/hrAdmin/bonus","base","button","button",,"","",,,,,"False","False",
"https://mgm.ibos.io/hrAdmin/bonus","base","button","button",,"","",,,,,"False","False",
"https://mgm.ibos.io/hrAdmin/bonus","base","input",,"combobox","","",,,"react-select-mgm-input",,"False","False","False"
"https://mgm.ibos.io/hrAdmin/bonus","base","input","hidden",,"","40513",,"branchList",,,"False","False","False"
"https://mgm.ibos.io/hrAdmin/bonus","base","div",,"tab","Bonus Advice",,,,"rc-tabs-0-tab-bonusAdvice",,"False","False",
"https://mgm.ibos.io/hrAdmin/bonus","base","div",,"tab","Bonus Generate",,,,"rc-tabs-0-tab-bonusGenerate",,"False","False",
"https://mgm.ibos.io/hrAdmin/bonus","base","button","button",,"","",,,"rc-tabs-0-more",,"False","False",
"https://mgm.ibos.io/hrAdmin/bonus","base","button","button",,"Create","",,,,,"False","False",
"https://mgm.ibos.io/hrAdmin/bonus","base","input","text","combobox","","",,,"MGMForm_status",,"False","False","False"
"https://mgm.ibos.io/hrAdmin/bonus","base","button","button",,"View","",,,,,"False","False",
"https://mgm.ibos.io/hrAdmin/bonus","tab:Bonus Advice","input","text",,"","","Go to page...",,,,"False",,
"https://mgm.ibos.io/hrAdmin/bonus","tab:Bonus Advice","button","button",,"","",,,,,"False",,
"https://mgm.ibos.io/hrAdmin/bonus","tab:Bonus Advice","button","button",,"","",,,,,"False",,
"https://mgm.ibos.io/hrAdmin/bonus","tab:Bonus Advice","button","button",,"","",,,,,"False",,
"https://mgm.ibos.io/hrAdmin/bonus","tab:Bonus Advice","button","button",,"","",,,,,"False",,
"https://mgm.ibos.io/hrAdmin/bonus","tab:Bonus Advice","input",,,"","",,,,,"False",,
"https://mgm.ibos.io/hrAdmin/bonus","tab:Bonus Advice","input","hidden",,"","40513",,,,,"False",,
"https://mgm.ibos.io/hrAdmin/bonus","tab:Bonus Advice","button","button",,"","",,,,,"False",,
"https://mgm.ibos.io/hrAdmin/bonus","tab:Bonus Advice","button","button",,"Create","",,,,,"False",,
"https://mgm.ibos.io/hrAdmin/bonus","tab:Bonus Advice","input","text",,"","",,,,,"False",,
"https://mgm.ibos.io/hrAdmin/bonus","tab:Bonus Advice","button","button",,"View","",,,,,"False",,
"https://mgm.ibos.io/hrAdmin/bonus","tab:Bonus Generate","input","text",,"","","Go to page...",,,,"False",,
"https://mgm.ibos.io/hrAdmin/bonus","tab:Bonus Generate","button","button",,"","",,,,,"False",,
"https://mgm.ibos.io/hrAdmin/bonus","tab:Bonus Generate","button","button",,"","",,,,,"False",,
"https://mgm.ibos.io/hrAdmin/bonus","tab:Bonus Generate","button","button",,"","",,,,,"False",,
"https://mgm.ibos.io/hrAdmin/bonus","tab:Bonus Generate","button","button",,"","",,,,,"False",,
"https://mgm.ibos.io/hrAdmin/bonus","tab:Bonus Generate","input",,,"","",,,,,"False",,
"https://mgm.ibos.io/hrAdmin/bonus","tab:Bonus Generate","input","hidden",,"","40513",,,,,"False",,
"https://mgm.ibos.io/hrAdmin/bonus","tab:Bonus Generate","button","button",,"","",,,,,"False",,
"https://mgm.ibos.io/hrAdmin/calendarAssign","base","input","text",,"","","Go to page...",,,,"False","False","False"
"https://mgm.ibos.io/hrAdmin/calendarAssign","base","button","button",,"","",,,,,"False","False",
"https://mgm.ibos.io/hrAdmin/calendarAssign","base","button","button",,"","",,,,,"False","False",
"https://mgm.ibos.io/hrAdmin/calendarAssign","base","button","button",,"","",,,,,"False","False",
"https://mgm.ibos.io/hrAdmin/calendarAssign","base","button","button",,"","",,,,,"False","False",
"https://mgm.ibos.io/hrAdmin/calendarAssign","base","input",,"combobox","","",,,"react-select-mgm-input",,"False","False","False"
"https://mgm.ibos.io/hrAdmin/calendarAssign","base","input","hidden",,"","40513",,"branchList",,,"False","False","False"
"https://mgm.ibos.io/hrAdmin/calendarAssign","base","button","submit",,"Save","",,,,,"False","False",
"https://mgm.ibos.io/hrAdmin/calendarAssign","base","div",,"tab","Filter",,,,"rc-tabs-0-tab-filter",,"False","False",
"https://mgm.ibos.io/hrAdmin/calendarAssign","base","button","button",,"","",,,"rc-tabs-0-more",,"False","False",
"https://mgm.ibos.io/hrAdmin/calendarAssign","base","button","button",,"","",,,,,"False","False",
"https://mgm.ibos.io/hrAdmin/calendarAssign","base","input","text","combobox","","",,,"MGMForm_office",,"False","False","False"
"https://mgm.ibos.io/hrAdmin/calendarAssign","base","input","text","combobox","","",,,"MGMForm_department",,"False","False","False"
"https://mgm.ibos.io/hrAdmin/calendarAssign","base","input","text","combobox","","",,,"MGMForm_departmentSection",,"False","False","False"
"https://mgm.ibos.io/hrAdmin/calendarAssign","base","input","text","combobox","","",,,"MGMForm_designation",,"False","False","False"
"https://mgm.ibos.io/hrAdmin/calendarAssign","base","input","text","combobox","","",,,"MGMForm_employee",,"False","False","False"
"https://mgm.ibos.io/hrAdmin/calendarAssign","base","input",,,"","01/09/2026","Select date",,"MGMForm_fromDate",,"False","True","False"
"https://mgm.ibos.io/hrAdmin/calendarAssign","base","button","button",,"","",,,,"Clear","False","False",
"https://mgm.ibos.io/hrAdmin/calendarAssign","base","input",,,"","30/09/2026","Select date",,"MGMForm_toDate",,"False","True","False"
"https://mgm.ibos.io/hrAdmin/calendarAssign","base","button","button",,"","",,,,"Clear","False","False",
"https://mgm.ibos.io/hrAdmin/calendarAssign","base","input","checkbox",,"","on",,,"MGMForm_isAssignAll",,"False","False","False"
"https://mgm.ibos.io/hrAdmin/calendarAssign","base","button","button",,"View","",,,,,"False","False",
"https://mgm.ibos.io/hrAdmin/calendarAssign","base","button","button",,"Calendar Info","",,,,,"False","False",
"https://mgm.ibos.io/hrAdmin/calendarAssign","tab:Filter","input","text",,"","","Go to page...",,,,"False",,
"https://mgm.ibos.io/hrAdmin/calendarAssign","tab:Filter","button","button",,"","",,,,,"False",,
"https://mgm.ibos.io/hrAdmin/calendarAssign","tab:Filter","button","button",,"","",,,,,"False",,
"https://mgm.ibos.io/hrAdmin/calendarAssign","tab:Filter","button","button",,"","",,,,,"False",,
"https://mgm.ibos.io/hrAdmin/calendarAssign","tab:Filter","button","button",,"","",,,,,"False",,
"https://mgm.ibos.io/hrAdmin/calendarAssign","tab:Filter","input",,,"","",,,,,"False",,
"https://mgm.ibos.io/hrAdmin/calendarAssign","tab:Filter","input","hidden",,"","40513",,,,,"False",,
"https://mgm.ibos.io/hrAdmin/calendarAssign","tab:Filter","button","submit",,"Save","",,,,,"False",,
"https://mgm.ibos.io/hrAdmin/calendarAssign","tab:Filter","button","button",,"","",,,,,"False",,
"https://mgm.ibos.io/hrAdmin/calendarAssign","tab:Filter","button","button",,"","",,,,,"False",,
"https://mgm.ibos.io/hrAdmin/calendarAssign","tab:Filter","input","text",,"","",,,,,"False",,
"https://mgm.ibos.io/hrAdmin/calendarAssign","tab:Filter","input","text",,"","",,,,,"False",,
"https://mgm.ibos.io/hrAdmin/calendarAssign","tab:Filter","input","text",,"","",,,,,"False",,
"https://mgm.ibos.io/hrAdmin/calendarAssign","tab:Filter","input","text",,"","",,,,,"False",,
"https://mgm.ibos.io/hrAdmin/calendarAssign","tab:Filter","input","text",,"","",,,,,"False",,
"https://mgm.ibos.io/hrAdmin/calendarAssign","tab:Filter","input",,,"","01/09/2026","Select date",,,,"False",,
"https://mgm.ibos.io/hrAdmin/calendarAssign","tab:Filter","button","button",,"","",,,,,"False",,
"https://mgm.ibos.io/hrAdmin/calendarAssign","tab:Filter","input",,,"","30/09/2026","Select date",,,,"False",,
"https://mgm.ibos.io/hrAdmin/calendarAssign","tab:Filter","button","button",,"","",,,,,"False",,
"https://mgm.ibos.io/hrAdmin/calendarAssign","tab:Filter","input","checkbox",,"","on",,,,,"False",,
"https://mgm.ibos.io/hrAdmin/calendarAssign","tab:Filter","button","button",,"View","",,,,,"False",,
"https://mgm.ibos.io/hrAdmin/calendarAssign","tab:Filter","button","button",,"Calendar Info","",,,,,"False",,
"https://mgm.ibos.io/hrAdmin/config","base","input","text",,"","","Go to page...",,,,"False","False","False"
"https://mgm.ibos.io/hrAdmin/config","base","button","button",,"","",,,,,"False","False",
"https://mgm.ibos.io/hrAdmin/config","base","button","button",,"","",,,,,"False","False",
"https://mgm.ibos.io/hrAdmin/config","base","button","button",,"","",,,,,"False","False",
"https://mgm.ibos.io/hrAdmin/config","base","button","button",,"","",,,,,"False","False",
"https://mgm.ibos.io/hrAdmin/config","base","input",,"combobox","","",,,"react-select-mgm-input",,"False","False","False"
"https://mgm.ibos.io/hrAdmin/config","base","input","hidden",,"","40513",,"branchList",,,"False","False","False"
"https://mgm.ibos.io/hrAdmin/config","base","div",,"tab","Atten Process",,,,"rc-tabs-0-tab-0",,"False","False",
"https://mgm.ibos.io/hrAdmin/config","base","div",,"tab","Holiday",,,,"rc-tabs-0-tab-15",,"False","False",
"https://mgm.ibos.io/hrAdmin/config","base","div",,"tab","Calendar Setup",,,,"rc-tabs-0-tab-1",,"False","False",
"https://mgm.ibos.io/hrAdmin/config","base","div",,"tab","Off Day",,,,"rc-tabs-0-tab-2",,"False","False",
"https://mgm.ibos.io/hrAdmin/config","base","div",,"tab","Leave",,,,"rc-tabs-0-tab-3",,"False","False",
"https://mgm.ibos.io/hrAdmin/config","base","div",,"tab","Sandwich Leave",,,,"rc-tabs-0-tab-18",,"False","False",
"https://mgm.ibos.io/hrAdmin/config","base","div",,"tab","Roster",,,,"rc-tabs-0-tab-4",,"False","False",
"https://mgm.ibos.io/hrAdmin/config","base","div",,"tab","Salary",,,,"rc-tabs-0-tab-5",,"False","False",
"https://mgm.ibos.io/hrAdmin/config","base","div",,"tab","Notice Board",,,,"rc-tabs-0-tab-7",,"False","False",
"https://mgm.ibos.io/hrAdmin/config","base","div",,"tab","Bonus",,,,"rc-tabs-0-tab-8",,"False","False",
"https://mgm.ibos.io/hrAdmin/config","base","div",,"tab","Overtime Setup",,,,"rc-tabs-0-tab-9",,"False","False",
"https://mgm.ibos.io/hrAdmin/config","base","div",,"tab","Separation Setup",,,,"rc-tabs-0-tab-10",,"False","False",
"https://mgm.ibos.io/hrAdmin/config","base","div",,"tab","Allowance",,,,"rc-tabs-0-tab-11",,"False","False",
"https://mgm.ibos.io/hrAdmin/config","base","div",,"tab","Allowance Setup",,,,"rc-tabs-0-tab-12",,"False","False",
"https://mgm.ibos.io/hrAdmin/config","base","div",,"tab","Policy",,,,"rc-tabs-0-tab-13",,"False","False",
"https://mgm.ibos.io/hrAdmin/config","base","div",,"tab","Employee Assign",,,,"rc-tabs-0-tab-14",,"False","False",
"https://mgm.ibos.io/hrAdmin/config","base","div",,"tab","PF Setup",,,,"rc-tabs-0-tab-16",,"False","False",
"https://mgm.ibos.io/hrAdmin/config","base","div",,"tab","Others",,,,"rc-tabs-0-tab-17",,"False","False",
"https://mgm.ibos.io/hrAdmin/config","base","button","button",,"","",,,"rc-tabs-0-more",,"False","False",
"https://mgm.ibos.io/hrAdmin/config","base","button","button",,"New","",,,,,"False","False",
"https://mgm.ibos.io/hrAdmin/config","base","button","button","tab","LEAVE","",,,,,"False","False",
"https://mgm.ibos.io/hrAdmin/config","base","button","button","tab","LEAVE TYPE","",,,,,"False","False",
"https://mgm.ibos.io/hrAdmin/config","base","input","radio",,"","regularBased",,"row-radio-buttons-group",,,"False","False","True"
"https://mgm.ibos.io/hrAdmin/config","base","input","radio",,"","policyBased",,"row-radio-buttons-group",,,"False","False","False"
"https://mgm.ibos.io/hrAdmin/config","base","button","button",,"","",,,,,"False","False",
"https://mgm.ibos.io/hrAdmin/config","tab:Atten Process","input","text",,"","","Go to page...",,,,"False",,
"https://mgm.ibos.io/hrAdmin/config","tab:Atten Process","button","button",,"","",,,,,"False",,
"https://mgm.ibos.io/hrAdmin/config","tab:Atten Process","button","button",,"","",,,,,"False",,
"https://mgm.ibos.io/hrAdmin/config","tab:Atten Process","button","button",,"","",,,,,"False",,
"https://mgm.ibos.io/hrAdmin/config","tab:Atten Process","button","button",,"","",,,,,"False",,
"https://mgm.ibos.io/hrAdmin/config","tab:Atten Process","input",,,"","",,,,,"False",,
"https://mgm.ibos.io/hrAdmin/config","tab:Atten Process","input","hidden",,"","40513",,,,,"False",,
"https://mgm.ibos.io/hrAdmin/config","tab:Atten Process","button","button",,"","",,,,,"False",,
"https://mgm.ibos.io/hrAdmin/config","tab:Atten Process","input","text",,"","",,,,,"False",,
"https://mgm.ibos.io/hrAdmin/config","tab:Atten Process","input",,,"","01/09/2026","Select date",,,,"False",,
"https://mgm.ibos.io/hrAdmin/config","tab:Atten Process","button","button",,"","",,,,,"False",,
"https://mgm.ibos.io/hrAdmin/config","tab:Atten Process","input",,,"","30/09/2026","Select date",,,,"False",,
"https://mgm.ibos.io/hrAdmin/config","tab:Atten Process","button","button",,"","",,,,,"False",,
"https://mgm.ibos.io/hrAdmin/config","tab:Atten Process","input","text",,"","",,,,,"False",,
"https://mgm.ibos.io/hrAdmin/config","tab:Atten Process","button","button",,"Apply","",,,,,"False",,
"https://mgm.ibos.io/hrAdmin/config","tab:Holiday","input","text",,"","","Go to page...",,,,"False",,
"https://mgm.ibos.io/hrAdmin/config","tab:Holiday","button","button",,"","",,,,,"False",,
"https://mgm.ibos.io/hrAdmin/config","tab:Holiday","button","button",,"","",,,,,"False",,
"https://mgm.ibos.io/hrAdmin/config","tab:Holiday","button","button",,"","",,,,,"False",,
"https://mgm.ibos.io/hrAdmin/config","tab:Holiday","button","button",,"","",,,,,"False",,
"https://mgm.ibos.io/hrAdmin/config","tab:Holiday","input",,,"","",,,,,"False",,
"https://mgm.ibos.io/hrAdmin/config","tab:Holiday","input","hidden",,"","40513",,,,,"False",,
"https://mgm.ibos.io/hrAdmin/config","tab:Holiday","button","button",,"","",,,,,"False",,
"https://mgm.ibos.io/hrAdmin/config","tab:Holiday","button","button",,"Holiday","",,,,,"False",,
"https://mgm.ibos.io/hrAdmin/config","tab:Holiday","button","button",,"","",,,,,"False",,
"https://mgm.ibos.io/hrAdmin/config","tab:Calendar Setup","input","text",,"","","Go to page...",,,,"False",,
"https://mgm.ibos.io/hrAdmin/config","tab:Calendar Setup","button","button",,"","",,,,,"False",,
"https://mgm.ibos.io/hrAdmin/config","tab:Calendar Setup","button","button",,"","",,,,,"False",,
"https://mgm.ibos.io/hrAdmin/config","tab:Calendar Setup","button","button",,"","",,,,,"False",,
"https://mgm.ibos.io/hrAdmin/config","tab:Calendar Setup","button","button",,"","",,,,,"False",,
"https://mgm.ibos.io/hrAdmin/config","tab:Calendar Setup","input",,,"","",,,,,"False",,
"https://mgm.ibos.io/hrAdmin/config","tab:Calendar Setup","input","hidden",,"","40513",,,,,"False",,
"https://mgm.ibos.io/hrAdmin/config","tab:Calendar Setup","button","button",,"","",,,,,"False",,
"https://mgm.ibos.io/hrAdmin/config","tab:Calendar Setup","button","button",,"Calendar","",,,,,"False",,
"https://mgm.ibos.io/hrAdmin/config","tab:Off Day","input","text",,"","","Go to page...",,,,"False",,
"https://mgm.ibos.io/hrAdmin/config","tab:Off Day","button","button",,"","",,,,,"False",,
"https://mgm.ibos.io/hrAdmin/config","tab:Off Day","button","button",,"","",,,,,"False",,
"https://mgm.ibos.io/hrAdmin/config","tab:Off Day","button","button",,"","",,,,,"False",,
"https://mgm.ibos.io/hrAdmin/config","tab:Off Day","button","button",,"","",,,,,"False",,
"https://mgm.ibos.io/hrAdmin/config","tab:Off Day","input",,,"","",,,,,"False",,
"https://mgm.ibos.io/hrAdmin/config","tab:Off Day","input","hidden",,"","40513",,,,,"False",,
"https://mgm.ibos.io/hrAdmin/config","tab:Off Day","button","button",,"","",,,,,"False",,
"https://mgm.ibos.io/hrAdmin/config","tab:Off Day","button","button",,"Off Day","",,,,,"False",,
"https://mgm.ibos.io/hrAdmin/config","tab:Off Day","input","checkbox",,"","on",,,,,"True",,
"https://mgm.ibos.io/hrAdmin/config","tab:Off Day","input","checkbox",,"","on",,,,,"True",,
"https://mgm.ibos.io/hrAdmin/config","tab:Off Day","input","checkbox",,"","on",,,,,"True",,
"https://mgm.ibos.io/hrAdmin/config","tab:Off Day","input","checkbox",,"","on",,,,,"True",,
"https://mgm.ibos.io/hrAdmin/config","tab:Off Day","input","checkbox",,"","on",,,,,"True",,
"https://mgm.ibos.io/hrAdmin/config","tab:Off Day","input","checkbox",,"","on",,,,,"True",,
"https://mgm.ibos.io/hrAdmin/config","tab:Off Day","input","checkbox",,"","on",,,,,"True",,
"https://mgm.ibos.io/hrAdmin/config","tab:Off Day","button","button",,"","",,,,,"False",,
"https://mgm.ibos.io/hrAdmin/config","tab:Leave","input","text",,"","","Go to page...",,,,"False",,
"https://mgm.ibos.io/hrAdmin/config","tab:Leave","button","button",,"","",,,,,"False",,
"https://mgm.ibos.io/hrAdmin/config","tab:Leave","button","button",,"","",,,,,"False",,
"https://mgm.ibos.io/hrAdmin/config","tab:Leave","button","button",,"","",,,,,"False",,
"https://mgm.ibos.io/hrAdmin/config","tab:Leave","button","button",,"","",,,,,"False",,
"https://mgm.ibos.io/hrAdmin/config","tab:Leave","input",,,"","",,,,,"False",,
"https://mgm.ibos.io/hrAdmin/config","tab:Leave","input","hidden",,"","40513",,,,,"False",,
"https://mgm.ibos.io/hrAdmin/config","tab:Leave","button","button",,"","",,,,,"False",,
"https://mgm.ibos.io/hrAdmin/config","tab:Leave","button","button",,"New","",,,,,"False",,
"https://mgm.ibos.io/hrAdmin/config","tab:Leave","button","button",,"LEAVE","",,,,,"False",,
"https://mgm.ibos.io/hrAdmin/config","tab:Leave","button","button",,"LEAVE TYPE","",,,,,"False",,
"https://mgm.ibos.io/hrAdmin/config","tab:Leave","input","radio",,"","regularBased",,,,,"False",,
"https://mgm.ibos.io/hrAdmin/config","tab:Leave","input","radio",,"","policyBased",,,,,"False",,
"https://mgm.ibos.io/hrAdmin/config","tab:Leave","button","button",,"","",,,,,"False",,
"https://mgm.ibos.io/hrAdmin/config","tab:Sandwich Leave","input","text",,"","","Go to page...",,,,"False",,
"https://mgm.ibos.io/hrAdmin/config","tab:Sandwich Leave","button","button",,"","",,,,,"False",,
"https://mgm.ibos.io/hrAdmin/config","tab:Sandwich Leave","button","button",,"","",,,,,"False",,
"https://mgm.ibos.io/hrAdmin/config","tab:Sandwich Leave","button","button",,"","",,,,,"False",,
"https://mgm.ibos.io/hrAdmin/config","tab:Sandwich Leave","button","button",,"","",,,,,"False",,
"https://mgm.ibos.io/hrAdmin/config","tab:Sandwich Leave","input",,,"","",,,,,"False",,
"https://mgm.ibos.io/hrAdmin/config","tab:Sandwich Leave","input","hidden",,"","40513",,,,,"False",,
"https://mgm.ibos.io/hrAdmin/config","tab:Sandwich Leave","button","button",,"","",,,,,"False",,
"https://mgm.ibos.io/hrAdmin/config","tab:Sandwich Leave","button","button",,"New","",,,,,"False",,
"https://mgm.ibos.io/hrAdmin/config","tab:Sandwich Leave","input","text",,"","","Search....",,,,"False",,
"https://mgm.ibos.io/hrAdmin/config","tab:Sandwich Leave","button","button",,"","",,,,,"False",,
"https://mgm.ibos.io/hrAdmin/config","tab:Sandwich Leave","input","text",,"","",,,,,"False",,
"https://mgm.ibos.io/hrAdmin/config","tab:Sandwich Leave","input","hidden",,"","",,,,,"False",,
"https://mgm.ibos.io/hrAdmin/config","tab:Sandwich Leave","button","button",,"View","",,,,,"False",,
"https://mgm.ibos.io/hrAdmin/config","tab:Roster","input","text",,"","","Go to page...",,,,"False",,
"https://mgm.ibos.io/hrAdmin/config","tab:Roster","button","button",,"","",,,,,"False",,
"https://mgm.ibos.io/hrAdmin/config","tab:Roster","button","button",,"","",,,,,"False",,
"https://mgm.ibos.io/hrAdmin/config","tab:Roster","button","button",,"","",,,,,"False",,
"https://mgm.ibos.io/hrAdmin/config","tab:Roster","button","button",,"","",,,,,"False",,
"https://mgm.ibos.io/hrAdmin/config","tab:Roster","input",,,"","",,,,,"False",,
"https://mgm.ibos.io/hrAdmin/config","tab:Roster","input","hidden",,"","40513",,,,,"False",,
"https://mgm.ibos.io/hrAdmin/config","tab:Roster","button","button",,"","",,,,,"False",,
"https://mgm.ibos.io/hrAdmin/config","tab:Roster","button","button",,"Roster","",,,,,"False",,
"https://mgm.ibos.io/hrAdmin/config","tab:Salary","input","text",,"","","Go to page...",,,,"False",,
"https://mgm.ibos.io/hrAdmin/config","tab:Salary","button","button",,"","",,,,,"False",,
"https://mgm.ibos.io/hrAdmin/config","tab:Salary","button","button",,"","",,,,,"False",,
"https://mgm.ibos.io/hrAdmin/config","tab:Salary","button","button",,"","",,,,,"False",,
"https://mgm.ibos.io/hrAdmin/config","tab:Salary","button","button",,"","",,,,,"False",,
"https://mgm.ibos.io/hrAdmin/config","tab:Salary","input",,,"","",,,,,"False",,
"https://mgm.ibos.io/hrAdmin/config","tab:Salary","input","hidden",,"","40513",,,,,"False",,
"https://mgm.ibos.io/hrAdmin/config","tab:Salary","button","button",,"","",,,,,"False",,
"https://mgm.ibos.io/hrAdmin/config","tab:Salary","button","button",,"Salary","",,,,,"False",,
"https://mgm.ibos.io/hrAdmin/config","tab:Salary","input","radio",,"","basic",,,,,"False",,
"https://mgm.ibos.io/hrAdmin/config","tab:Salary","input","radio",,"","gross",,,,,"False",,
"https://mgm.ibos.io/hrAdmin/config","tab:Notice Board","input","text",,"","","Go to page...",,,,"False",,
"https://mgm.ibos.io/hrAdmin/config","tab:Notice Board","button","button",,"","",,,,,"False",,
"https://mgm.ibos.io/hrAdmin/config","tab:Notice Board","button","button",,"","",,,,,"False",,
"https://mgm.ibos.io/hrAdmin/config","tab:Notice Board","button","button",,"","",,,,,"False",,
"https://mgm.ibos.io/hrAdmin/config","tab:Notice Board","button","button",,"","",,,,,"False",,
"https://mgm.ibos.io/hrAdmin/config","tab:Notice Board","input",,,"","",,,,,"False",,
"https://mgm.ibos.io/hrAdmin/config","tab:Notice Board","input","hidden",,"","40513",,,,,"False",,
"https://mgm.ibos.io/hrAdmin/config","tab:Notice Board","button","button",,"","",,,,,"False",,
"https://mgm.ibos.io/hrAdmin/config","tab:Notice Board","button","button",,"Notice Board","",,,,,"False",,
"https://mgm.ibos.io/hrAdmin/config","tab:Bonus","input","text",,"","","Go to page...",,,,"False",,
"https://mgm.ibos.io/hrAdmin/config","tab:Bonus","button","button",,"","",,,,,"False",,
"https://mgm.ibos.io/hrAdmin/config","tab:Bonus","button","button",,"","",,,,,"False",,
"https://mgm.ibos.io/hrAdmin/config","tab:Bonus","button","button",,"","",,,,,"False",,
"https://mgm.ibos.io/hrAdmin/config","tab:Bonus","button","button",,"","",,,,,"False",,
"https://mgm.ibos.io/hrAdmin/config","tab:Bonus","input",,,"","",,,,,"False",,
"https://mgm.ibos.io/hrAdmin/config","tab:Bonus","input","hidden",,"","40513",,,,,"False",,
"https://mgm.ibos.io/hrAdmin/config","tab:Bonus","button","button",,"","",,,,,"False",,
"https://mgm.ibos.io/hrAdmin/config","tab:Bonus","button","button",,"Bonus","",,,,,"False",,
"https://mgm.ibos.io/hrAdmin/config","tab:Overtime Setup","input","text",,"","","Go to page...",,,,"False",,
"https://mgm.ibos.io/hrAdmin/config","tab:Overtime Setup","button","button",,"","",,,,,"False",,
"https://mgm.ibos.io/hrAdmin/config","tab:Overtime Setup","button","button",,"","",,,,,"False",,
"https://mgm.ibos.io/hrAdmin/config","tab:Overtime Setup","button","button",,"","",,,,,"False",,
"https://mgm.ibos.io/hrAdmin/config","tab:Overtime Setup","button","button",,"","",,,,,"False",,
"https://mgm.ibos.io/hrAdmin/config","tab:Overtime Setup","input",,,"","",,,,,"False",,
"https://mgm.ibos.io/hrAdmin/config","tab:Overtime Setup","input","hidden",,"","40513",,,,,"False",,
"https://mgm.ibos.io/hrAdmin/config","tab:Overtime Setup","button","button",,"","",,,,,"False",,
"https://mgm.ibos.io/hrAdmin/config","tab:Overtime Setup","button","button",,"Overtime Setup","",,,,,"False",,
"https://mgm.ibos.io/hrAdmin/config","tab:Overtime Setup","input","text",,"","",,,,,"False",,
"https://mgm.ibos.io/hrAdmin/config","tab:Overtime Setup","input","hidden",,"","",,,,,"False",,
"https://mgm.ibos.io/hrAdmin/config","tab:Overtime Setup","input","text",,"","",,,,,"False",,
"https://mgm.ibos.io/hrAdmin/config","tab:Overtime Setup","input","hidden",,"","",,,,,"False",,
"https://mgm.ibos.io/hrAdmin/config","tab:Overtime Setup","input","text",,"","",,,,,"False",,
"https://mgm.ibos.io/hrAdmin/config","tab:Overtime Setup","input","hidden",,"","",,,,,"False",,
"https://mgm.ibos.io/hrAdmin/config","tab:Overtime Setup","input","text",,"","",,,,,"False",,
"https://mgm.ibos.io/hrAdmin/config","tab:Overtime Setup","input","hidden",,"","",,,,,"False",,
"https://mgm.ibos.io/hrAdmin/config","tab:Overtime Setup","button","button",,"View","",,,,,"False",,
"https://mgm.ibos.io/hrAdmin/config","tab:Separation Setup","input","text",,"","","Go to page...",,,,"False",,
"https://mgm.ibos.io/hrAdmin/config","tab:Separation Setup","button","button",,"","",,,,,"False",,
"https://mgm.ibos.io/hrAdmin/config","tab:Separation Setup","button","button",,"","",,,,,"False",,
"https://mgm.ibos.io/hrAdmin/config","tab:Separation Setup","button","button",,"","",,,,,"False",,
"https://mgm.ibos.io/hrAdmin/config","tab:Separation Setup","button","button",,"","",,,,,"False",,
"https://mgm.ibos.io/hrAdmin/config","tab:Separation Setup","input",,,"","",,,,,"False",,
"https://mgm.ibos.io/hrAdmin/config","tab:Separation Setup","input","hidden",,"","40513",,,,,"False",,
"https://mgm.ibos.io/hrAdmin/config","tab:Separation Setup","button","button",,"","",,,,,"False",,
"https://mgm.ibos.io/hrAdmin/config","tab:Separation Setup","button","button",,"Separation Setup","",,,,,"False",,
"https://mgm.ibos.io/hrAdmin/dashboard","base","input","text",,"","","Go to page...",,,,"False","False","False"
"https://mgm.ibos.io/hrAdmin/dashboard","base","button","button",,"","",,,,,"False","False",
"https://mgm.ibos.io/hrAdmin/dashboard","base","button","button",,"","",,,,,"False","False",
"https://mgm.ibos.io/hrAdmin/dashboard","base","button","button",,"","",,,,,"False","False",
"https://mgm.ibos.io/hrAdmin/dashboard","base","button","button",,"","",,,,,"False","False",
"https://mgm.ibos.io/hrAdmin/dashboard","base","input",,"combobox","","",,,"react-select-mgm-input",,"False","False","False"
"https://mgm.ibos.io/hrAdmin/dashboard","base","input","hidden",,"","40513",,"branchList",,,"False","False","False"
"https://mgm.ibos.io/hrAdmin/dashboard","base","input","text","combobox","","",,,"userType",,"False","False","False"
"https://mgm.ibos.io/hrAdmin/dashboard","base","input",,,"","2026-09","Select month",,,,"False","False","False"
"https://mgm.ibos.io/hrAdmin/dashboard","base","input","text","combobox","","",,,"noticeYear",,"False","False","False"
"https://mgm.ibos.io/hrAdmin/increment","base","input","text",,"","","Go to page...",,,,"False","False","False"
"https://mgm.ibos.io/hrAdmin/increment","base","button","button",,"","",,,,,"False","False",
"https://mgm.ibos.io/hrAdmin/increment","base","button","button",,"","",,,,,"False","False",
"https://mgm.ibos.io/hrAdmin/increment","base","button","button",,"","",,,,,"False","False",
"https://mgm.ibos.io/hrAdmin/increment","base","button","button",,"","",,,,,"False","False",
"https://mgm.ibos.io/hrAdmin/increment","base","input",,"combobox","","",,,"react-select-mgm-input",,"False","False","False"
"https://mgm.ibos.io/hrAdmin/increment","base","input","hidden",,"","40513",,"branchList",,,"False","False","False"
"https://mgm.ibos.io/hrAdmin/increment","base","div",,"tab","Increment",,,,"rc-tabs-0-tab-increment",,"False","False",
"https://mgm.ibos.io/hrAdmin/increment","base","button","button",,"","",,,"rc-tabs-0-more",,"False","False",
"https://mgm.ibos.io/hrAdmin/increment","base","button","button",,"Increment","",,,,,"False","False",
"https://mgm.ibos.io/hrAdmin/increment","base","input","text","combobox","","",,,"MGMForm_office",,"False","True","False"
"https://mgm.ibos.io/hrAdmin/increment","base","input","text","combobox","","",,,"MGMForm_status",,"False","False","False"
"https://mgm.ibos.io/hrAdmin/increment","base","input",,,"","13/09/2026","Select date",,"MGMForm_fromDate",,"False","False","False"
"https://mgm.ibos.io/hrAdmin/increment","base","button","button",,"","",,,,"Clear","False","False",
"https://mgm.ibos.io/hrAdmin/increment","base","input",,,"","13/09/2026","Select date",,"MGMForm_toDate",,"False","False","False"
"https://mgm.ibos.io/hrAdmin/increment","base","button","button",,"","",,,,"Clear","False","False",
"https://mgm.ibos.io/hrAdmin/increment","base","button","button",,"View","",,,,,"False","False",
"https://mgm.ibos.io/hrAdmin/increment","base","select",,,"10 25 50 100 200 500 1000","50",,,,,"False","False",
"https://mgm.ibos.io/hrAdmin/increment","base","button","button",,"<","",,,,,"True","False",
"https://mgm.ibos.io/hrAdmin/increment","base","button","button",,"1","",,,,,"False","False",
"https://mgm.ibos.io/hrAdmin/increment","base","button","button",,">","",,,,,"True","False",
"https://mgm.ibos.io/hrAdmin/increment","tab:Increment","input","text",,"","","Go to page...",,,,"False",,
"https://mgm.ibos.io/hrAdmin/increment","tab:Increment","button","button",,"","",,,,,"False",,
"https://mgm.ibos.io/hrAdmin/increment","tab:Increment","button","button",,"","",,,,,"False",,
"https://mgm.ibos.io/hrAdmin/increment","tab:Increment","button","button",,"","",,,,,"False",,
"https://mgm.ibos.io/hrAdmin/increment","tab:Increment","button","button",,"","",,,,,"False",,
"https://mgm.ibos.io/hrAdmin/increment","tab:Increment","input",,,"","",,,,,"False",,
"https://mgm.ibos.io/hrAdmin/increment","tab:Increment","input","hidden",,"","40513",,,,,"False",,
"https://mgm.ibos.io/hrAdmin/increment","tab:Increment","button","button",,"","",,,,,"False",,
"https://mgm.ibos.io/hrAdmin/increment","tab:Increment","button","button",,"Increment","",,,,,"False",,
"https://mgm.ibos.io/hrAdmin/increment","tab:Increment","input","text",,"","",,,,,"False",,
"https://mgm.ibos.io/hrAdmin/increment","tab:Increment","input","text",,"","",,,,,"False",,
"https://mgm.ibos.io/hrAdmin/increment","tab:Increment","input",,,"","13/09/2026","Select date",,,,"False",,
"https://mgm.ibos.io/hrAdmin/increment","tab:Increment","button","button",,"","",,,,,"False",,
"https://mgm.ibos.io/hrAdmin/increment","tab:Increment","input",,,"","13/09/2026","Select date",,,,"False",,
"https://mgm.ibos.io/hrAdmin/increment","tab:Increment","button","button",,"","",,,,,"False",,
"https://mgm.ibos.io/hrAdmin/increment","tab:Increment","button","button",,"View","",,,,,"False",,
"https://mgm.ibos.io/hrAdmin/increment","tab:Increment","select",,,"10 25 50 100 200 500 1000","50",,,,,"False",,
"https://mgm.ibos.io/hrAdmin/increment","tab:Increment","button","button",,"<","",,,,,"True",,
"https://mgm.ibos.io/hrAdmin/increment","tab:Increment","button","button",,"1","",,,,,"False",,
"https://mgm.ibos.io/hrAdmin/increment","tab:Increment","button","button",,">","",,,,,"True",,
"https://mgm.ibos.io/hrAdmin/leave&Movement","base","input","text",,"","","Go to page...",,,,"False","False","False"
"https://mgm.ibos.io/hrAdmin/leave&Movement","base","button","button",,"","",,,,,"False","False",
"https://mgm.ibos.io/hrAdmin/leave&Movement","base","button","button",,"","",,,,,"False","False",
"https://mgm.ibos.io/hrAdmin/leave&Movement","base","button","button",,"","",,,,,"False","False",
"https://mgm.ibos.io/hrAdmin/leave&Movement","base","button","button",,"","",,,,,"False","False",
"https://mgm.ibos.io/hrAdmin/leave&Movement","base","input",,"combobox","","",,,"react-select-mgm-input",,"False","False","False"
"https://mgm.ibos.io/hrAdmin/leave&Movement","base","input","hidden",,"","40513",,"branchList",,,"False","False","False"
"https://mgm.ibos.io/hrAdmin/leave&Movement","base","div",,"tab","Leave",,,,"rc-tabs-0-tab-leave",,"False","False",
"https://mgm.ibos.io/hrAdmin/leave&Movement","base","div",,"tab","Movement",,,,"rc-tabs-0-tab-movement",,"False","False",
"https://mgm.ibos.io/hrAdmin/leave&Movement","base","button","button",,"","",,,"rc-tabs-0-more",,"False","False",
"https://mgm.ibos.io/hrAdmin/leave&Movement","base","input","text","combobox","","",,,"employee",,"False","True","False"
"https://mgm.ibos.io/hrAdmin/leave&Movement","base","input","text","combobox","","",,,"leaveType",,"False","True","False"
"https://mgm.ibos.io/hrAdmin/leave&Movement","base","input",,,"","13/09/2026","Select date",,"fromDate",,"False","True","False"
"https://mgm.ibos.io/hrAdmin/leave&Movement","base","button","button",,"","",,,,"Clear","False","False",
"https://mgm.ibos.io/hrAdmin/leave&Movement","base","input",,,"","13/09/2026","Select date",,"toDate",,"False","True","False"
"https://mgm.ibos.io/hrAdmin/leave&Movement","base","button","button",,"","",,,,"Clear","False","False",
"https://mgm.ibos.io/hrAdmin/leave&Movement","base","input","text",,"","","Write Your Location",,"location",,"False","True","False"
"https://mgm.ibos.io/hrAdmin/leave&Movement","base","textarea",,,"","","Reason",,"reason",,"False","True",
"https://mgm.ibos.io/hrAdmin/leave&Movement","base","input","file",,"","",,,,,"False","False","False"
"https://mgm.ibos.io/hrAdmin/leave&Movement","base","button","submit",,"Apply","",,,,,"False","False",
"https://mgm.ibos.io/hrAdmin/leave&Movement","base","button","button",,"","",,,,,"False","False",
"https://mgm.ibos.io/hrAdmin/leave&Movement","base","button","button",,"","",,,,,"False","False",
"https://mgm.ibos.io/hrAdmin/leave&Movement","base","input","text","combobox","","",,,"employee",,"False","True","False"
"https://mgm.ibos.io/hrAdmin/leave&Movement","base","input","text","combobox","","",,,"movementType",,"False","True","False"
"https://mgm.ibos.io/hrAdmin/leave&Movement","base","input",,,"","13/09/2026","Select date",,"fromDate",,"False","True","False"
"https://mgm.ibos.io/hrAdmin/leave&Movement","base","button","button",,"","",,,,"Clear","False","False",
"https://mgm.ibos.io/hrAdmin/leave&Movement","base","input",,,"","13/09/2026","Select date",,"toDate",,"False","True","False"
"https://mgm.ibos.io/hrAdmin/leave&Movement","base","button","button",,"","",,,,"Clear","False","False",
"https://mgm.ibos.io/hrAdmin/leave&Movement","base","input",,,"","","Select time",,"startTime",,"False","True","False"
"https://mgm.ibos.io/hrAdmin/leave&Movement","base","input",,,"","","Select time",,"endTime",,"False","True","False"
"https://mgm.ibos.io/hrAdmin/leave&Movement","base","input","text",,"","","Write Your Location",,"location",,"False","True","False"
"https://mgm.ibos.io/hrAdmin/leave&Movement","base","textarea",,,"","","Reason",,"reason",,"False","True",
"https://mgm.ibos.io/hrAdmin/leave&Movement","base","button","submit",,"Apply","",,,,,"False","False",
"https://mgm.ibos.io/hrAdmin/leave&Movement","tab:Leave","input","text",,"","","Go to page...",,,,"False",,
"https://mgm.ibos.io/hrAdmin/leave&Movement","tab:Leave","button","button",,"","",,,,,"False",,
"https://mgm.ibos.io/hrAdmin/leave&Movement","tab:Leave","button","button",,"","",,,,,"False",,
"https://mgm.ibos.io/hrAdmin/leave&Movement","tab:Leave","button","button",,"","",,,,,"False",,
"https://mgm.ibos.io/hrAdmin/leave&Movement","tab:Leave","button","button",,"","",,,,,"False",,
"https://mgm.ibos.io/hrAdmin/leave&Movement","tab:Leave","input",,,"","",,,,,"False",,
"https://mgm.ibos.io/hrAdmin/leave&Movement","tab:Leave","input","hidden",,"","40513",,,,,"False",,
"https://mgm.ibos.io/hrAdmin/leave&Movement","tab:Leave","button","button",,"","",,,,,"False",,
"https://mgm.ibos.io/hrAdmin/leave&Movement","tab:Leave","input","text",,"","",,,,,"False",,
"https://mgm.ibos.io/hrAdmin/leave&Movement","tab:Leave","input","text",,"","",,,,,"False",,
"https://mgm.ibos.io/hrAdmin/leave&Movement","tab:Leave","input",,,"","13/09/2026","Select date",,,,"False",,
"https://mgm.ibos.io/hrAdmin/leave&Movement","tab:Leave","button","button",,"","",,,,,"False",,
"https://mgm.ibos.io/hrAdmin/leave&Movement","tab:Leave","input",,,"","13/09/2026","Select date",,,,"False",,
"https://mgm.ibos.io/hrAdmin/leave&Movement","tab:Leave","button","button",,"","",,,,,"False",,
"https://mgm.ibos.io/hrAdmin/leave&Movement","tab:Leave","input","text",,"","","Write Your Location",,,,"False",,
"https://mgm.ibos.io/hrAdmin/leave&Movement","tab:Leave","textarea",,,"","","Reason",,,,"False",,
"https://mgm.ibos.io/hrAdmin/leave&Movement","tab:Leave","input","file",,"","",,,,,"False",,
"https://mgm.ibos.io/hrAdmin/leave&Movement","tab:Leave","button","submit",,"Apply","",,,,,"False",,
"https://mgm.ibos.io/hrAdmin/leave&Movement","tab:Leave","button","button",,"","",,,,,"False",,
"https://mgm.ibos.io/hrAdmin/leave&Movement","tab:Leave","button","button",,"","",,,,,"False",,
"https://mgm.ibos.io/hrAdmin/leave&Movement","tab:Leave","input","text",,"","",,,,,"False",,
"https://mgm.ibos.io/hrAdmin/leave&Movement","tab:Leave","input","text",,"","",,,,,"False",,
"https://mgm.ibos.io/hrAdmin/leave&Movement","tab:Leave","input",,,"","13/09/2026","Select date",,,,"False",,
"https://mgm.ibos.io/hrAdmin/leave&Movement","tab:Leave","button","button",,"","",,,,,"False",,
"https://mgm.ibos.io/hrAdmin/leave&Movement","tab:Leave","input",,,"","13/09/2026","Select date",,,,"False",,
"https://mgm.ibos.io/hrAdmin/leave&Movement","tab:Leave","button","button",,"","",,,,,"False",,
"https://mgm.ibos.io/hrAdmin/leave&Movement","tab:Leave","input",,,"","","Select time",,,,"False",,
"https://mgm.ibos.io/hrAdmin/leave&Movement","tab:Leave","input",,,"","","Select time",,,,"False",,
"https://mgm.ibos.io/hrAdmin/leave&Movement","tab:Leave","input","text",,"","","Write Your Location",,,,"False",,
"https://mgm.ibos.io/hrAdmin/leave&Movement","tab:Leave","textarea",,,"","","Reason",,,,"False",,
"https://mgm.ibos.io/hrAdmin/leave&Movement","tab:Leave","button","submit",,"Apply","",,,,,"False",,
"https://mgm.ibos.io/hrAdmin/leave&Movement","tab:Movement","input","text",,"","","Go to page...",,,,"False",,
"https://mgm.ibos.io/hrAdmin/leave&Movement","tab:Movement","button","button",,"","",,,,,"False",,
"https://mgm.ibos.io/hrAdmin/leave&Movement","tab:Movement","button","button",,"","",,,,,"False",,
"https://mgm.ibos.io/hrAdmin/leave&Movement","tab:Movement","button","button",,"","",,,,,"False",,
"https://mgm.ibos.io/hrAdmin/leave&Movement","tab:Movement","button","button",,"","",,,,,"False",,
"https://mgm.ibos.io/hrAdmin/leave&Movement","tab:Movement","input",,,"","",,,,,"False",,
"https://mgm.ibos.io/hrAdmin/leave&Movement","tab:Movement","input","hidden",,"","40513",,,,,"False",,
"https://mgm.ibos.io/hrAdmin/leave&Movement","tab:Movement","button","button",,"","",,,,,"False",,
"https://mgm.ibos.io/hrAdmin/leave&Movement","tab:Movement","input","text",,"","",,,,,"False",,
"https://mgm.ibos.io/hrAdmin/leave&Movement","tab:Movement","input","text",,"","",,,,,"False",,
"https://mgm.ibos.io/hrAdmin/leave&Movement","tab:Movement","input",,,"","13/09/2026","Select date",,,,"False",,
"https://mgm.ibos.io/hrAdmin/leave&Movement","tab:Movement","button","button",,"","",,,,,"False",,
"https://mgm.ibos.io/hrAdmin/leave&Movement","tab:Movement","input",,,"","13/09/2026","Select date",,,,"False",,
"https://mgm.ibos.io/hrAdmin/leave&Movement","tab:Movement","button","button",,"","",,,,,"False",,
"https://mgm.ibos.io/hrAdmin/leave&Movement","tab:Movement","input","text",,"","","Write Your Location",,,,"False",,
"https://mgm.ibos.io/hrAdmin/leave&Movement","tab:Movement","textarea",,,"","","Reason",,,,"False",,
"https://mgm.ibos.io/hrAdmin/leave&Movement","tab:Movement","input","file",,"","",,,,,"False",,
"https://mgm.ibos.io/hrAdmin/leave&Movement","tab:Movement","button","submit",,"Apply","",,,,,"False",,
"https://mgm.ibos.io/hrAdmin/leave&Movement","tab:Movement","button","button",,"","",,,,,"False",,
"https://mgm.ibos.io/hrAdmin/leave&Movement","tab:Movement","button","button",,"","",,,,,"False",,
"https://mgm.ibos.io/hrAdmin/leave&Movement","tab:Movement","input","text",,"","",,,,,"False",,
"https://mgm.ibos.io/hrAdmin/leave&Movement","tab:Movement","input","text",,"","",,,,,"False",,
"https://mgm.ibos.io/hrAdmin/leave&Movement","tab:Movement","input",,,"","13/09/2026","Select date",,,,"False",,
"https://mgm.ibos.io/hrAdmin/leave&Movement","tab:Movement","button","button",,"","",,,,,"False",,
"https://mgm.ibos.io/hrAdmin/leave&Movement","tab:Movement","input",,,"","13/09/2026","Select date",,,,"False",,
"https://mgm.ibos.io/hrAdmin/leave&Movement","tab:Movement","button","button",,"","",,,,,"False",,
"https://mgm.ibos.io/hrAdmin/leave&Movement","tab:Movement","input",,,"","","Select time",,,,"False",,
"https://mgm.ibos.io/hrAdmin/leave&Movement","tab:Movement","input",,,"","","Select time",,,,"False",,
"https://mgm.ibos.io/hrAdmin/leave&Movement","tab:Movement","input","text",,"","","Write Your Location",,,,"False",,
"https://mgm.ibos.io/hrAdmin/leave&Movement","tab:Movement","textarea",,,"","","Reason",,,,"False",,
"https://mgm.ibos.io/hrAdmin/leave&Movement","tab:Movement","button","submit",,"Apply","",,,,,"False",,
"https://mgm.ibos.io/hrAdmin/overtime","base","input","text",,"","","Go to page...",,,,"False","False","False"
"https://mgm.ibos.io/hrAdmin/overtime","base","button","button",,"","",,,,,"False","False",
"https://mgm.ibos.io/hrAdmin/overtime","base","button","button",,"","",,,,,"False","False",
"https://mgm.ibos.io/hrAdmin/overtime","base","button","button",,"","",,,,,"False","False",
"https://mgm.ibos.io/hrAdmin/overtime","base","button","button",,"","",,,,,"False","False",
"https://mgm.ibos.io/hrAdmin/overtime","base","input",,"combobox","","",,,"react-select-mgm-input",,"False","False","False"
"https://mgm.ibos.io/hrAdmin/overtime","base","input","hidden",,"","40513",,"branchList",,,"False","False","False"
"https://mgm.ibos.io/hrAdmin/overtime","base","div",,"tab","Overtime",,,,"rc-tabs-0-tab-overtime",,"False","False",
"https://mgm.ibos.io/hrAdmin/overtime","base","button","button",,"","",,,"rc-tabs-0-more",,"False","False",
"https://mgm.ibos.io/hrAdmin/overtime","base","button","button",,"Overtime","",,,,,"False","False",
"https://mgm.ibos.io/hrAdmin/overtime","tab:Overtime","input","text",,"","","Go to page...",,,,"False",,
"https://mgm.ibos.io/hrAdmin/overtime","tab:Overtime","button","button",,"","",,,,,"False",,
"https://mgm.ibos.io/hrAdmin/overtime","tab:Overtime","button","button",,"","",,,,,"False",,
"https://mgm.ibos.io/hrAdmin/overtime","tab:Overtime","button","button",,"","",,,,,"False",,
"https://mgm.ibos.io/hrAdmin/overtime","tab:Overtime","button","button",,"","",,,,,"False",,
"https://mgm.ibos.io/hrAdmin/overtime","tab:Overtime","input",,,"","",,,,,"False",,
"https://mgm.ibos.io/hrAdmin/overtime","tab:Overtime","input","hidden",,"","40513",,,,,"False",,
"https://mgm.ibos.io/hrAdmin/overtime","tab:Overtime","button","button",,"","",,,,,"False",,
"https://mgm.ibos.io/hrAdmin/overtime","tab:Overtime","button","button",,"Overtime","",,,,,"False",,
"https://mgm.ibos.io/hrAdmin/pendingApproval","base","input","text",,"","","Go to page...",,,,"False","False","False"
"https://mgm.ibos.io/hrAdmin/pendingApproval","base","button","button",,"","",,,,,"False","False",
"https://mgm.ibos.io/hrAdmin/pendingApproval","base","button","button",,"","",,,,,"False","False",
"https://mgm.ibos.io/hrAdmin/pendingApproval","base","button","button",,"","",,,,,"False","False",
"https://mgm.ibos.io/hrAdmin/pendingApproval","base","button","button",,"","",,,,,"False","False",
"https://mgm.ibos.io/hrAdmin/pendingApproval","base","input",,"combobox","","",,,"react-select-mgm-input",,"False","False","False"
"https://mgm.ibos.io/hrAdmin/pendingApproval","base","input","hidden",,"","40513",,"branchList",,,"False","False","False"
"https://mgm.ibos.io/hrAdmin/pendingApproval","base","div",,"tab","Pending Approval",,,,"rc-tabs-0-tab-pendingApproval",,"False","False",
"https://mgm.ibos.io/hrAdmin/pendingApproval","base","button","button",,"","",,,"rc-tabs-0-more",,"False","False",
"https://mgm.ibos.io/hrAdmin/pendingApproval","base","input","text","combobox","","",,,"MGMForm_viewBy",,"False","False","False"
"https://mgm.ibos.io/hrAdmin/pendingApproval","base","button","button",,"View","",,,,,"True","False",
"https://mgm.ibos.io/hrAdmin/pendingApproval","tab:Pending Approval","input","text",,"","","Go to page...",,,,"False",,
"https://mgm.ibos.io/hrAdmin/pendingApproval","tab:Pending Approval","button","button",,"","",,,,,"False",,
"https://mgm.ibos.io/hrAdmin/pendingApproval","tab:Pending Approval","button","button",,"","",,,,,"False",,
"https://mgm.ibos.io/hrAdmin/pendingApproval","tab:Pending Approval","button","button",,"","",,,,,"False",,
"https://mgm.ibos.io/hrAdmin/pendingApproval","tab:Pending Approval","button","button",,"","",,,,,"False",,
"https://mgm.ibos.io/hrAdmin/pendingApproval","tab:Pending Approval","input",,,"","",,,,,"False",,
"https://mgm.ibos.io/hrAdmin/pendingApproval","tab:Pending Approval","input","hidden",,"","40513",,,,,"False",,
"https://mgm.ibos.io/hrAdmin/pendingApproval","tab:Pending Approval","button","button",,"","",,,,,"False",,
"https://mgm.ibos.io/hrAdmin/pendingApproval","tab:Pending Approval","input","text",,"","",,,,,"False",,
"https://mgm.ibos.io/hrAdmin/pendingApproval","tab:Pending Approval","button","button",,"View","",,,,,"True",,
"https://mgm.ibos.io/hrAdmin/profile","base","input","text",,"","","Go to page...",,,,"False","False","False"
"https://mgm.ibos.io/hrAdmin/profile","base","button","button",,"","",,,,,"False","False",
"https://mgm.ibos.io/hrAdmin/profile","base","button","button",,"","",,,,,"False","False",
"https://mgm.ibos.io/hrAdmin/profile","base","button","button",,"","",,,,,"False","False",
"https://mgm.ibos.io/hrAdmin/profile","base","button","button",,"","",,,,,"False","False",
"https://mgm.ibos.io/hrAdmin/profile","base","input",,"combobox","","",,,"react-select-mgm-input",,"False","False","False"
"https://mgm.ibos.io/hrAdmin/profile","base","input","hidden",,"","40513",,"branchList",,,"False","False","False"
"https://mgm.ibos.io/hrAdmin/profile","base","div",,"tab","Basic Information",,,,"rc-tabs-0-tab-profile",,"False","False",
"https://mgm.ibos.io/hrAdmin/profile","base","button","button",,"","",,,"rc-tabs-0-more",,"False","False",
"https://mgm.ibos.io/hrAdmin/profile","base","button","button",,"","",,,,,"False","False",
"https://mgm.ibos.io/hrAdmin/profile","base","button","button",,"","",,,,,"False","False",
"https://mgm.ibos.io/hrAdmin/profile","tab:Basic Information","input","text",,"","","Go to page...",,,,"False",,
"https://mgm.ibos.io/hrAdmin/profile","tab:Basic Information","button","button",,"","",,,,,"False",,
"https://mgm.ibos.io/hrAdmin/profile","tab:Basic Information","button","button",,"","",,,,,"False",,
"https://mgm.ibos.io/hrAdmin/profile","tab:Basic Information","button","button",,"","",,,,,"False",,
"https://mgm.ibos.io/hrAdmin/profile","tab:Basic Information","button","button",,"","",,,,,"False",,
"https://mgm.ibos.io/hrAdmin/profile","tab:Basic Information","input",,,"","",,,,,"False",,
"https://mgm.ibos.io/hrAdmin/profile","tab:Basic Information","input","hidden",,"","40513",,,,,"False",,
"https://mgm.ibos.io/hrAdmin/profile","tab:Basic Information","button","button",,"","",,,,,"False",,
"https://mgm.ibos.io/hrAdmin/profile","tab:Basic Information","button","button",,"","",,,,,"False",,
"https://mgm.ibos.io/hrAdmin/profile","tab:Basic Information","button","button",,"","",,,,,"False",,
"https://mgm.ibos.io/hrAdmin/report","base","input","text",,"","","Go to page...",,,,"False","False","False"
"https://mgm.ibos.io/hrAdmin/report","base","button","button",,"","",,,,,"False","False",
"https://mgm.ibos.io/hrAdmin/report","base","button","button",,"","",,,,,"False","False",
"https://mgm.ibos.io/hrAdmin/report","base","button","button",,"","",,,,,"False","False",
"https://mgm.ibos.io/hrAdmin/report","base","button","button",,"","",,,,,"False","False",
"https://mgm.ibos.io/hrAdmin/report","base","input",,"combobox","","",,,"react-select-mgm-input",,"False","False","False"
"https://mgm.ibos.io/hrAdmin/report","base","input","hidden",,"","40513",,"branchList",,,"False","False","False"
"https://mgm.ibos.io/hrAdmin/report","base","button","button",,"EXCEL","",,,,,"False","False",
"https://mgm.ibos.io/hrAdmin/report","base","button","button",,"PDF","",,,,,"False","False",
"https://mgm.ibos.io/hrAdmin/report","base","input","text","combobox","","",,,"react-select-mgm-input",,"False","False","False"
"https://mgm.ibos.io/hrAdmin/salaryDisbursment","base","input","text",,"","","Go to page...",,,,"False","False","False"
"https://mgm.ibos.io/hrAdmin/salaryDisbursment","base","button","button",,"","",,,,,"False","False",
"https://mgm.ibos.io/hrAdmin/salaryDisbursment","base","button","button",,"","",,,,,"False","False",
"https://mgm.ibos.io/hrAdmin/salaryDisbursment","base","button","button",,"","",,,,,"False","False",
"https://mgm.ibos.io/hrAdmin/salaryDisbursment","base","button","button",,"","",,,,,"False","False",
"https://mgm.ibos.io/hrAdmin/salaryDisbursment","base","input",,"combobox","","",,,"react-select-mgm-input",,"False","False","False"
"https://mgm.ibos.io/hrAdmin/salaryDisbursment","base","input","hidden",,"","40513",,"branchList",,,"False","False","False"
"https://mgm.ibos.io/hrAdmin/salaryDisbursment","base","div",,"tab","Advice",,,,"rc-tabs-0-tab-advice",,"False","False",
"https://mgm.ibos.io/hrAdmin/salaryDisbursment","base","div",,"tab","Salary Generate Sheet",,,,"rc-tabs-0-tab-salaryGenerateSheet",,"False","False",
"https://mgm.ibos.io/hrAdmin/salaryDisbursment","base","button","button",,"","",,,"rc-tabs-0-more",,"False","False",
"https://mgm.ibos.io/hrAdmin/salaryDisbursment","base","button","button",,"Excel","",,,,,"False","False",
"https://mgm.ibos.io/hrAdmin/salaryDisbursment","base","input","text","combobox","","",,,"MGMForm_office",,"False","False","False"
"https://mgm.ibos.io/hrAdmin/salaryDisbursment","base","input","text","combobox","","",,,"MGMForm_month",,"False","False","False"
"https://mgm.ibos.io/hrAdmin/salaryDisbursment","base","input","text","combobox","","",,,"MGMForm_year",,"False","False","False"
"https://mgm.ibos.io/hrAdmin/salaryDisbursment","base","button","button",,"View","",,,,,"False","False",
"https://mgm.ibos.io/hrAdmin/salaryDisbursment","base","select",,,"10 25 50 100 200 500 1000","50",,,,,"False","False",
"https://mgm.ibos.io/hrAdmin/salaryDisbursment","base","button","button",,"<","",,,,,"True","False",
"https://mgm.ibos.io/hrAdmin/salaryDisbursment","base","button","button",,"1","",,,,,"False","False",
"https://mgm.ibos.io/hrAdmin/salaryDisbursment","base","button","button",,">","",,,,,"True","False",
"https://mgm.ibos.io/hrAdmin/salaryDisbursment","tab:Advice","input","text",,"","","Go to page...",,,,"False",,
"https://mgm.ibos.io/hrAdmin/salaryDisbursment","tab:Advice","button","button",,"","",,,,,"False",,
"https://mgm.ibos.io/hrAdmin/salaryDisbursment","tab:Advice","button","button",,"","",,,,,"False",,
"https://mgm.ibos.io/hrAdmin/salaryDisbursment","tab:Advice","button","button",,"","",,,,,"False",,
"https://mgm.ibos.io/hrAdmin/salaryDisbursment","tab:Advice","button","button",,"","",,,,,"False",,
"https://mgm.ibos.io/hrAdmin/salaryDisbursment","tab:Advice","input",,,"","",,,,,"False",,
"https://mgm.ibos.io/hrAdmin/salaryDisbursment","tab:Advice","input","hidden",,"","40513",,,,,"False",,
"https://mgm.ibos.io/hrAdmin/salaryDisbursment","tab:Advice","button","button",,"","",,,,,"False",,
"https://mgm.ibos.io/hrAdmin/salaryDisbursment","tab:Advice","button","button",,"Excel","",,,,,"False",,
"https://mgm.ibos.io/hrAdmin/salaryDisbursment","tab:Advice","input","text",,"","",,,,,"False",,
"https://mgm.ibos.io/hrAdmin/salaryDisbursment","tab:Advice","input","text",,"","",,,,,"False",,
"https://mgm.ibos.io/hrAdmin/salaryDisbursment","tab:Advice","input","text",,"","",,,,,"False",,
"https://mgm.ibos.io/hrAdmin/salaryDisbursment","tab:Advice","button","button",,"View","",,,,,"False",,
"https://mgm.ibos.io/hrAdmin/salaryDisbursment","tab:Advice","select",,,"10 25 50 100 200 500 1000","50",,,,,"False",,
"https://mgm.ibos.io/hrAdmin/salaryDisbursment","tab:Advice","button","button",,"<","",,,,,"True",,
"https://mgm.ibos.io/hrAdmin/salaryDisbursment","tab:Advice","button","button",,"1","",,,,,"False",,
"https://mgm.ibos.io/hrAdmin/salaryDisbursment","tab:Advice","button","button",,">","",,,,,"True",,
"https://mgm.ibos.io/hrAdmin/salaryDisbursment","tab:Salary Generate Sheet","input","text",,"","","Go to page...",,,,"False",,
"https://mgm.ibos.io/hrAdmin/salaryDisbursment","tab:Salary Generate Sheet","button","button",,"","",,,,,"False",,
"https://mgm.ibos.io/hrAdmin/salaryDisbursment","tab:Salary Generate Sheet","button","button",,"","",,,,,"False",,
"https://mgm.ibos.io/hrAdmin/salaryDisbursment","tab:Salary Generate Sheet","button","button",,"","",,,,,"False",,
"https://mgm.ibos.io/hrAdmin/salaryDisbursment","tab:Salary Generate Sheet","button","button",,"","",,,,,"False",,
"https://mgm.ibos.io/hrAdmin/salaryDisbursment","tab:Salary Generate Sheet","input",,,"","",,,,,"False",,
"https://mgm.ibos.io/hrAdmin/salaryDisbursment","tab:Salary Generate Sheet","input","hidden",,"","40513",,,,,"False",,
"https://mgm.ibos.io/hrAdmin/salaryDisbursment","tab:Salary Generate Sheet","button","button",,"","",,,,,"False",,
"https://mgm.ibos.io/hrAdmin/salaryDisbursment","tab:Salary Generate Sheet","button","button",,"Excel","",,,,,"False",,
"https://mgm.ibos.io/hrAdmin/salaryDisbursment","tab:Salary Generate Sheet","input","text",,"","",,,,,"False",,
"https://mgm.ibos.io/hrAdmin/salaryDisbursment","tab:Salary Generate Sheet","input","text",,"","",,,,,"False",,
"https://mgm.ibos.io/hrAdmin/salaryDisbursment","tab:Salary Generate Sheet","input","text",,"","",,,,,"False",,
"https://mgm.ibos.io/hrAdmin/salaryDisbursment","tab:Salary Generate Sheet","button","button",,"View","",,,,,"False",,
"https://mgm.ibos.io/hrAdmin/salaryDisbursment","tab:Salary Generate Sheet","select",,,"10 25 50 100 200 500 1000","50",,,,,"False",,
"https://mgm.ibos.io/hrAdmin/salaryDisbursment","tab:Salary Generate Sheet","button","button",,"<","",,,,,"True",,
"https://mgm.ibos.io/hrAdmin/salaryDisbursment","tab:Salary Generate Sheet","button","button",,"1","",,,,,"False",,
"https://mgm.ibos.io/hrAdmin/salaryDisbursment","tab:Salary Generate Sheet","button","button",,">","",,,,,"True",,
"https://mgm.ibos.io/hrAdmin/salarySheet","base","input","text",,"","","Go to page...",,,,"False","False","False"
"https://mgm.ibos.io/hrAdmin/salarySheet","base","button","button",,"","",,,,,"False","False",
"https://mgm.ibos.io/hrAdmin/salarySheet","base","button","button",,"","",,,,,"False","False",
"https://mgm.ibos.io/hrAdmin/salarySheet","base","button","button",,"","",,,,,"False","False",
"https://mgm.ibos.io/hrAdmin/salarySheet","base","button","button",,"","",,,,,"False","False",
"https://mgm.ibos.io/hrAdmin/salarySheet","base","input",,"combobox","","",,,"react-select-mgm-input",,"False","False","False"
"https://mgm.ibos.io/hrAdmin/salarySheet","base","input","hidden",,"","40513",,"branchList",,,"False","False","False"
"https://mgm.ibos.io/hrAdmin/salarySheet","base","div",,"tab","Payroll",,,,"rc-tabs-0-tab-payroll",,"False","False",
"https://mgm.ibos.io/hrAdmin/salarySheet","base","button","button",,"","",,,"rc-tabs-0-more",,"False","False",
"https://mgm.ibos.io/hrAdmin/salarySheet","base","input","text",,"","","Search business unit, office, status...",,,,"False","False","False"
"https://mgm.ibos.io/hrAdmin/salarySheet","base","button","button",,"","",,,,,"False","False",
"https://mgm.ibos.io/hrAdmin/salarySheet","base","button","button",,"Salary Generate","",,,,,"False","False",
"https://mgm.ibos.io/hrAdmin/salarySheet","base","input","text","combobox","","",,,"MGMForm_office",,"False","False","False"
"https://mgm.ibos.io/hrAdmin/salarySheet","base","input","text","combobox","","",,,"MGMForm_month",,"False","False","False"
"https://mgm.ibos.io/hrAdmin/salarySheet","base","input","text","combobox","","",,,"MGMForm_year",,"False","False","False"
"https://mgm.ibos.io/hrAdmin/salarySheet","base","button","button",,"View","",,,,,"False","False",
"https://mgm.ibos.io/hrAdmin/salarySheet","base","select",,,"10 25 50 100 200 500 1000","50",,,,,"False","False",
"https://mgm.ibos.io/hrAdmin/salarySheet","base","button","button",,"<","",,,,,"True","False",
"https://mgm.ibos.io/hrAdmin/salarySheet","base","button","button",,"1","",,,,,"False","False",
"https://mgm.ibos.io/hrAdmin/salarySheet","base","button","button",,">","",,,,,"True","False",
"https://mgm.ibos.io/hrAdmin/salarySheet","tab:Payroll","input","text",,"","","Go to page...",,,,"False",,
"https://mgm.ibos.io/hrAdmin/salarySheet","tab:Payroll","button","button",,"","",,,,,"False",,
"https://mgm.ibos.io/hrAdmin/salarySheet","tab:Payroll","button","button",,"","",,,,,"False",,
"https://mgm.ibos.io/hrAdmin/salarySheet","tab:Payroll","button","button",,"","",,,,,"False",,
"https://mgm.ibos.io/hrAdmin/salarySheet","tab:Payroll","button","button",,"","",,,,,"False",,
"https://mgm.ibos.io/hrAdmin/salarySheet","tab:Payroll","input",,,"","",,,,,"False",,
"https://mgm.ibos.io/hrAdmin/salarySheet","tab:Payroll","input","hidden",,"","40513",,,,,"False",,
"https://mgm.ibos.io/hrAdmin/salarySheet","tab:Payroll","button","button",,"","",,,,,"False",,
"https://mgm.ibos.io/hrAdmin/salarySheet","tab:Payroll","input","text",,"","","Search business unit, office, status...",,,,"False",,
"https://mgm.ibos.io/hrAdmin/salarySheet","tab:Payroll","button","button",,"","",,,,,"False",,
"https://mgm.ibos.io/hrAdmin/salarySheet","tab:Payroll","button","button",,"Salary Generate","",,,,,"False",,
"https://mgm.ibos.io/hrAdmin/salarySheet","tab:Payroll","input","text",,"","",,,,,"False",,
"https://mgm.ibos.io/hrAdmin/salarySheet","tab:Payroll","input","text",,"","",,,,,"False",,
"https://mgm.ibos.io/hrAdmin/salarySheet","tab:Payroll","input","text",,"","",,,,,"False",,
"https://mgm.ibos.io/hrAdmin/salarySheet","tab:Payroll","button","button",,"View","",,,,,"False",,
"https://mgm.ibos.io/hrAdmin/salarySheet","tab:Payroll","select",,,"10 25 50 100 200 500 1000","50",,,,,"False",,
"https://mgm.ibos.io/hrAdmin/salarySheet","tab:Payroll","button","button",,"<","",,,,,"True",,
"https://mgm.ibos.io/hrAdmin/salarySheet","tab:Payroll","button","button",,"1","",,,,,"False",,
"https://mgm.ibos.io/hrAdmin/salarySheet","tab:Payroll","button","button",,">","",,,,,"True",,
"https://mgm.ibos.io/hrAdmin/selfService","base","input","text",,"","","Go to page...",,,,"False","False","False"
"https://mgm.ibos.io/hrAdmin/selfService","base","button","button",,"","",,,,,"False","False",
"https://mgm.ibos.io/hrAdmin/selfService","base","button","button",,"","",,,,,"False","False",
"https://mgm.ibos.io/hrAdmin/selfService","base","button","button",,"","",,,,,"False","False",
"https://mgm.ibos.io/hrAdmin/selfService","base","button","button",,"","",,,,,"False","False",
"https://mgm.ibos.io/hrAdmin/selfService","base","input",,"combobox","","",,,"react-select-mgm-input",,"False","False","False"
"https://mgm.ibos.io/hrAdmin/selfService","base","input","hidden",,"","40513",,"branchList",,,"False","False","False"
"https://mgm.ibos.io/hrAdmin/selfService","base","div",,"tab","Self Service",,,,"rc-tabs-0-tab-selfService",,"False","False",
"https://mgm.ibos.io/hrAdmin/selfService","base","button","button",,"","",,,"rc-tabs-0-more",,"False","False",
"https://mgm.ibos.io/hrAdmin/selfService","base","input","text",,"","","Search...",,,,"False","False","False"
"https://mgm.ibos.io/hrAdmin/selfService","base","button","button",,"","",,,,,"False","False",
"https://mgm.ibos.io/hrAdmin/selfService","base","button","button",,"Service","",,,,,"False","False",
"https://mgm.ibos.io/hrAdmin/selfService","base","input","text","combobox","","",,,"MGMForm_documentType",,"False","False","False"
"https://mgm.ibos.io/hrAdmin/selfService","base","input","text","combobox","","",,,"MGMForm_office",,"False","True","False"
"https://mgm.ibos.io/hrAdmin/selfService","base","input","text","combobox","","",,,"MGMForm_employee",,"False","True","False"
"https://mgm.ibos.io/hrAdmin/selfService","base","input",,,"","01/09/2026","Select date",,"MGMForm_fromDate",,"False","False","False"
"https://mgm.ibos.io/hrAdmin/selfService","base","button","button",,"","",,,,"Clear","False","False",
"https://mgm.ibos.io/hrAdmin/selfService","base","input",,,"","30/09/2026","Select date",,"MGMForm_toDate",,"False","False","False"
"https://mgm.ibos.io/hrAdmin/selfService","base","button","button",,"","",,,,"Clear","False","False",
"https://mgm.ibos.io/hrAdmin/selfService","base","button","button",,"View","",,,,,"False","False",
"https://mgm.ibos.io/hrAdmin/selfService","base","button","button",,"","",,,,,"False","False",
"https://mgm.ibos.io/hrAdmin/selfService","base","button","button",,"","",,,,,"False","False",
"https://mgm.ibos.io/hrAdmin/selfService","base","button","button",,"","",,,,,"False","False",
"https://mgm.ibos.io/hrAdmin/selfService","base","button","button",,"","",,,,,"False","False",
"https://mgm.ibos.io/hrAdmin/selfService","base","button","button",,"","",,,,,"False","False",
"https://mgm.ibos.io/hrAdmin/selfService","base","select",,,"10 25 50 100 200 500 1000","50",,,,,"False","False",
"https://mgm.ibos.io/hrAdmin/selfService","base","button","button",,"<","",,,,,"True","False",
"https://mgm.ibos.io/hrAdmin/selfService","base","button","button",,"1","",,,,,"False","False",
"https://mgm.ibos.io/hrAdmin/selfService","base","button","button",,">","",,,,,"True","False",
"https://mgm.ibos.io/hrAdmin/selfService","tab:Self Service","input","text",,"","","Go to page...",,,,"False",,
"https://mgm.ibos.io/hrAdmin/selfService","tab:Self Service","button","button",,"","",,,,,"False",,
"https://mgm.ibos.io/hrAdmin/selfService","tab:Self Service","button","button",,"","",,,,,"False",,
"https://mgm.ibos.io/hrAdmin/selfService","tab:Self Service","button","button",,"","",,,,,"False",,
"https://mgm.ibos.io/hrAdmin/selfService","tab:Self Service","button","button",,"","",,,,,"False",,
"https://mgm.ibos.io/hrAdmin/selfService","tab:Self Service","input",,,"","",,,,,"False",,
"https://mgm.ibos.io/hrAdmin/selfService","tab:Self Service","input","hidden",,"","40513",,,,,"False",,
"https://mgm.ibos.io/hrAdmin/selfService","tab:Self Service","button","button",,"","",,,,,"False",,
"https://mgm.ibos.io/hrAdmin/selfService","tab:Self Service","input","text",,"","","Search...",,,,"False",,
"https://mgm.ibos.io/hrAdmin/selfService","tab:Self Service","button","button",,"","",,,,,"False",,
"https://mgm.ibos.io/hrAdmin/selfService","tab:Self Service","button","button",,"Service","",,,,,"False",,
"https://mgm.ibos.io/hrAdmin/selfService","tab:Self Service","input","text",,"","",,,,,"False",,
"https://mgm.ibos.io/hrAdmin/selfService","tab:Self Service","input","text",,"","",,,,,"False",,
"https://mgm.ibos.io/hrAdmin/selfService","tab:Self Service","input","text",,"","",,,,,"False",,
"https://mgm.ibos.io/hrAdmin/selfService","tab:Self Service","input",,,"","01/09/2026","Select date",,,,"False",,
"https://mgm.ibos.io/hrAdmin/selfService","tab:Self Service","button","button",,"","",,,,,"False",,
"https://mgm.ibos.io/hrAdmin/selfService","tab:Self Service","input",,,"","30/09/2026","Select date",,,,"False",,
"https://mgm.ibos.io/hrAdmin/selfService","tab:Self Service","button","button",,"","",,,,,"False",,
"https://mgm.ibos.io/hrAdmin/selfService","tab:Self Service","button","button",,"View","",,,,,"False",,
"https://mgm.ibos.io/hrAdmin/selfService","tab:Self Service","button","button",,"","",,,,,"False",,
"https://mgm.ibos.io/hrAdmin/selfService","tab:Self Service","button","button",,"","",,,,,"False",,
"https://mgm.ibos.io/hrAdmin/selfService","tab:Self Service","button","button",,"","",,,,,"False",,
"https://mgm.ibos.io/hrAdmin/selfService","tab:Self Service","button","button",,"","",,,,,"False",,
"https://mgm.ibos.io/hrAdmin/selfService","tab:Self Service","button","button",,"","",,,,,"False",,
"https://mgm.ibos.io/hrAdmin/selfService","tab:Self Service","select",,,"10 25 50 100 200 500 1000","50",,,,,"False",,
"https://mgm.ibos.io/hrAdmin/selfService","tab:Self Service","button","button",,"<","",,,,,"True",,
"https://mgm.ibos.io/hrAdmin/selfService","tab:Self Service","button","button",,"1","",,,,,"False",,
"https://mgm.ibos.io/hrAdmin/selfService","tab:Self Service","button","button",,">","",,,,,"True",,
"https://mgm.ibos.io/inventory/audit","base","input","text",,"","","Go to page...",,,,"False","False","False"
"https://mgm.ibos.io/inventory/audit","base","button","button",,"","",,,,,"False","False",
"https://mgm.ibos.io/inventory/audit","base","button","button",,"","",,,,,"False","False",
"https://mgm.ibos.io/inventory/audit","base","button","button",,"","",,,,,"False","False",
"https://mgm.ibos.io/inventory/audit","base","button","button",,"","",,,,,"False","False",
"https://mgm.ibos.io/inventory/audit","base","input",,"combobox","","",,,"react-select-mgm-input",,"False","False","False"
"https://mgm.ibos.io/inventory/audit","base","input","hidden",,"","40513",,"branchList",,,"False","False","False"
"https://mgm.ibos.io/inventory/audit","base","button","button",,"Create","",,,"demo-positioned-button",,"False","False",
"https://mgm.ibos.io/inventory/audit","base","input","text","combobox","","",,,"react-select-mgm-input",,"False","False","False"
"https://mgm.ibos.io/inventory/audit","base","input","hidden",,"","",,"office",,,"False","False","False"
"https://mgm.ibos.io/inventory/audit","base","input","text","combobox","","",,,"react-select-mgm-input",,"True","False","False"
"https://mgm.ibos.io/inventory/audit","base","input","date",,"","2026-09-13","From Date","fromDate",,,"False","False","False"
"https://mgm.ibos.io/inventory/audit","base","input","date",,"","2026-09-13","To Date","toDate",,,"False","False","False"
"https://mgm.ibos.io/inventory/audit","base","input","text","combobox","","",,,"react-select-mgm-input",,"False","False","False"
"https://mgm.ibos.io/inventory/audit","base","input","hidden",,"","0",,"status",,,"False","False","False"
"https://mgm.ibos.io/inventory/audit","base","button","button",,"View","",,,,,"False","False",
"https://mgm.ibos.io/inventory/auditSetup","base","input","text",,"","","Go to page...",,,,"False","False","False"
"https://mgm.ibos.io/inventory/auditSetup","base","button","button",,"","",,,,,"False","False",
"https://mgm.ibos.io/inventory/auditSetup","base","button","button",,"","",,,,,"False","False",
"https://mgm.ibos.io/inventory/auditSetup","base","button","button",,"","",,,,,"False","False",
"https://mgm.ibos.io/inventory/auditSetup","base","button","button",,"","",,,,,"False","False",
"https://mgm.ibos.io/inventory/auditSetup","base","input",,"combobox","","",,,"react-select-mgm-input",,"False","False","False"
"https://mgm.ibos.io/inventory/auditSetup","base","input","hidden",,"","40513",,"branchList",,,"False","False","False"
"https://mgm.ibos.io/inventory/auditSetup","base","button","button",,"Create","",,,"demo-positioned-button",,"False","False",
"https://mgm.ibos.io/inventory/auditSetup","base","input","text","combobox","","",,,"react-select-mgm-input",,"False","False","False"
"https://mgm.ibos.io/inventory/auditSetup","base","input","hidden",,"","",,"office",,,"False","False","False"
"https://mgm.ibos.io/inventory/auditSetup","base","input","text","combobox","","",,,"react-select-mgm-input",,"True","False","False"
"https://mgm.ibos.io/inventory/auditSetup","base","input","date",,"","2026-09-07","From Date","fromDate",,,"False","False","False"
"https://mgm.ibos.io/inventory/auditSetup","base","input","date",,"","2026-09-13","To Date","toDate",,,"False","False","False"
"https://mgm.ibos.io/inventory/auditSetup","base","input","text","combobox","","",,,"react-select-mgm-input",,"False","False","False"
"https://mgm.ibos.io/inventory/auditSetup","base","input","hidden",,"","0",,"status",,,"False","False","False"
"https://mgm.ibos.io/inventory/auditSetup","base","button","button",,"View","",,,,,"False","False",
"https://mgm.ibos.io/inventory/gateInOut","base","input","text",,"","","Go to page...",,,,"False","False","False"
"https://mgm.ibos.io/inventory/gateInOut","base","button","button",,"","",,,,,"False","False",
"https://mgm.ibos.io/inventory/gateInOut","base","button","button",,"","",,,,,"False","False",
"https://mgm.ibos.io/inventory/gateInOut","base","button","button",,"","",,,,,"False","False",
"https://mgm.ibos.io/inventory/gateInOut","base","button","button",,"","",,,,,"False","False",
"https://mgm.ibos.io/inventory/gateInOut","base","input",,"combobox","","",,,"react-select-mgm-input",,"False","False","False"
"https://mgm.ibos.io/inventory/gateInOut","base","input","hidden",,"","40513",,"branchList",,,"False","False","False"
"https://mgm.ibos.io/inventory/gateInOut","base","input","text",,"","","Search....",,,"search","False","False","False"
"https://mgm.ibos.io/inventory/gateInOut","base","button","button",,"","",,,,"menu","False","False",
"https://mgm.ibos.io/inventory/gateInOut","base","button",,,"Create Get In Out","",,,,,"False","False",
"https://mgm.ibos.io/inventory/gateInOut","base","button","button","tab","GATE IN","",,,"simple-tab-0",,"False","False",
"https://mgm.ibos.io/inventory/gateInOut","base","button","button","tab","GATE OUT","",,,"simple-tab-1",,"False","False",
"https://mgm.ibos.io/inventory/gateInOut","base","button","button","tab","VISITOR","",,,"simple-tab-2",,"False","False",
"https://mgm.ibos.io/inventory/gateInOut","base","input","date",,"","2026-08-13","From Date","fromDate",,,"False","False","False"
"https://mgm.ibos.io/inventory/gateInOut","base","input","date",,"","2026-09-13","To Date","toDate",,,"False","False","False"
"https://mgm.ibos.io/inventory/gateInOut","base","button","button",,"View","",,,,,"False","False",
"https://mgm.ibos.io/inventory/gateInOut","tab:GATE IN","input","text",,"","","Go to page...",,,,"False",,
"https://mgm.ibos.io/inventory/gateInOut","tab:GATE IN","button","button",,"","",,,,,"False",,
"https://mgm.ibos.io/inventory/gateInOut","tab:GATE IN","button","button",,"","",,,,,"False",,
"https://mgm.ibos.io/inventory/gateInOut","tab:GATE IN","button","button",,"","",,,,,"False",,
"https://mgm.ibos.io/inventory/gateInOut","tab:GATE IN","button","button",,"","",,,,,"False",,
"https://mgm.ibos.io/inventory/gateInOut","tab:GATE IN","input",,,"","",,,,,"False",,
"https://mgm.ibos.io/inventory/gateInOut","tab:GATE IN","input","hidden",,"","40513",,,,,"False",,
"https://mgm.ibos.io/inventory/gateInOut","tab:GATE IN","input","text",,"","","Search....",,,,"False",,
"https://mgm.ibos.io/inventory/gateInOut","tab:GATE IN","button","button",,"","",,,,,"False",,
"https://mgm.ibos.io/inventory/gateInOut","tab:GATE IN","button",,,"Create Get In Out","",,,,,"False",,
"https://mgm.ibos.io/inventory/gateInOut","tab:GATE IN","button","button",,"GATE IN","",,,,,"False",,
"https://mgm.ibos.io/inventory/gateInOut","tab:GATE IN","button","button",,"GATE OUT","",,,,,"False",,
"https://mgm.ibos.io/inventory/gateInOut","tab:GATE IN","button","button",,"VISITOR","",,,,,"False",,
"https://mgm.ibos.io/inventory/gateInOut","tab:GATE IN","input","text",,"","",,,,,"False",,
"https://mgm.ibos.io/inventory/gateInOut","tab:GATE IN","input","hidden",,"","",,,,,"False",,
"https://mgm.ibos.io/inventory/gateInOut","tab:GATE IN","input","date",,"","2026-08-13","From Date",,,,"False",,
"https://mgm.ibos.io/inventory/gateInOut","tab:GATE IN","input","date",,"","2026-09-13","To Date",,,,"False",,
"https://mgm.ibos.io/inventory/gateInOut","tab:GATE IN","input","checkbox",,"","on",,,,,"False",,
"https://mgm.ibos.io/inventory/gateInOut","tab:GATE IN","button","button",,"View","",,,,,"False",,
"https://mgm.ibos.io/inventory/gateInOut","tab:GATE OUT","input","text",,"","","Go to page...",,,,"False",,
"https://mgm.ibos.io/inventory/gateInOut","tab:GATE OUT","button","button",,"","",,,,,"False",,
"https://mgm.ibos.io/inventory/gateInOut","tab:GATE OUT","button","button",,"","",,,,,"False",,
"https://mgm.ibos.io/inventory/gateInOut","tab:GATE OUT","button","button",,"","",,,,,"False",,
"https://mgm.ibos.io/inventory/gateInOut","tab:GATE OUT","button","button",,"","",,,,,"False",,
"https://mgm.ibos.io/inventory/gateInOut","tab:GATE OUT","input",,,"","",,,,,"False",,
"https://mgm.ibos.io/inventory/gateInOut","tab:GATE OUT","input","hidden",,"","40513",,,,,"False",,
"https://mgm.ibos.io/inventory/gateInOut","tab:GATE OUT","input","text",,"","","Search....",,,,"False",,
"https://mgm.ibos.io/inventory/gateInOut","tab:GATE OUT","button","button",,"","",,,,,"False",,
"https://mgm.ibos.io/inventory/gateInOut","tab:GATE OUT","button",,,"Create Get In Out","",,,,,"False",,
"https://mgm.ibos.io/inventory/gateInOut","tab:GATE OUT","button","button",,"GATE IN","",,,,,"False",,
"https://mgm.ibos.io/inventory/gateInOut","tab:GATE OUT","button","button",,"GATE OUT","",,,,,"False",,
"https://mgm.ibos.io/inventory/gateInOut","tab:GATE OUT","button","button",,"VISITOR","",,,,,"False",,
"https://mgm.ibos.io/inventory/gateInOut","tab:GATE OUT","input","text",,"","",,,,,"False",,
"https://mgm.ibos.io/inventory/gateInOut","tab:GATE OUT","input","hidden",,"","",,,,,"False",,
"https://mgm.ibos.io/inventory/gateInOut","tab:GATE OUT","input","date",,"","2026-08-13","From Date",,,,"False",,
"https://mgm.ibos.io/inventory/gateInOut","tab:GATE OUT","input","date",,"","2026-09-13","To Date",,,,"False",,
"https://mgm.ibos.io/inventory/gateInOut","tab:GATE OUT","input","checkbox",,"","on",,,,,"False",,
"https://mgm.ibos.io/inventory/gateInOut","tab:GATE OUT","button","button",,"View","",,,,,"False",,
"https://mgm.ibos.io/inventory/gateInOut","tab:VISITOR","input","text",,"","","Go to page...",,,,"False",,
"https://mgm.ibos.io/inventory/gateInOut","tab:VISITOR","button","button",,"","",,,,,"False",,
"https://mgm.ibos.io/inventory/gateInOut","tab:VISITOR","button","button",,"","",,,,,"False",,
"https://mgm.ibos.io/inventory/gateInOut","tab:VISITOR","button","button",,"","",,,,,"False",,
"https://mgm.ibos.io/inventory/gateInOut","tab:VISITOR","button","button",,"","",,,,,"False",,
"https://mgm.ibos.io/inventory/gateInOut","tab:VISITOR","input",,,"","",,,,,"False",,
"https://mgm.ibos.io/inventory/gateInOut","tab:VISITOR","input","hidden",,"","40513",,,,,"False",,
"https://mgm.ibos.io/inventory/gateInOut","tab:VISITOR","input","text",,"","","Search....",,,,"False",,
"https://mgm.ibos.io/inventory/gateInOut","tab:VISITOR","button","button",,"","",,,,,"False",,
"https://mgm.ibos.io/inventory/gateInOut","tab:VISITOR","button",,,"Create Get In Out","",,,,,"False",,
"https://mgm.ibos.io/inventory/gateInOut","tab:VISITOR","button","button",,"GATE IN","",,,,,"False",,
"https://mgm.ibos.io/inventory/gateInOut","tab:VISITOR","button","button",,"GATE OUT","",,,,,"False",,
"https://mgm.ibos.io/inventory/gateInOut","tab:VISITOR","button","button",,"VISITOR","",,,,,"False",,
"https://mgm.ibos.io/inventory/gateInOut","tab:VISITOR","input","date",,"","2026-08-13","From Date",,,,"False",,
"https://mgm.ibos.io/inventory/gateInOut","tab:VISITOR","input","date",,"","2026-09-13","To Date",,,,"False",,
"https://mgm.ibos.io/inventory/gateInOut","tab:VISITOR","button","button",,"View","",,,,,"False",,
"https://mgm.ibos.io/inventory/invDashboard","base","input","text",,"","","Go to page...",,,,"False","False","False"
"https://mgm.ibos.io/inventory/invDashboard","base","button","button",,"","",,,,,"False","False",
"https://mgm.ibos.io/inventory/invDashboard","base","button","button",,"","",,,,,"False","False",
"https://mgm.ibos.io/inventory/invDashboard","base","button","button",,"","",,,,,"False","False",
"https://mgm.ibos.io/inventory/invDashboard","base","button","button",,"","",,,,,"False","False",
"https://mgm.ibos.io/inventory/invDashboard","base","input",,"combobox","","",,,"react-select-mgm-input",,"False","False","False"
"https://mgm.ibos.io/inventory/invDashboard","base","input","hidden",,"","40513",,"branchList",,,"False","False","False"
"https://mgm.ibos.io/inventory/invDashboard","base","input","date",,"","2026-09-01",,"fromDate",,,"False","False","False"
"https://mgm.ibos.io/inventory/invDashboard","base","input","date",,"","2026-09-13",,"toDate",,,"False","False","False"
"https://mgm.ibos.io/inventory/invDashboard","base","button","button",,"View","",,,,,"False","False",
"https://mgm.ibos.io/inventory/invDashboard","base","input",,"combobox","","",,,"react-select-mgm-input",,"False","False","False"
"https://mgm.ibos.io/inventory/invDashboard","base","input","hidden",,"","",,"year",,,"False","False","False"
"https://mgm.ibos.io/inventory/invDashboard","base","input",,"combobox","","",,,"react-select-mgm-input",,"False","False","False"
"https://mgm.ibos.io/inventory/invDashboard","base","input","hidden",,"","",,"month",,,"False","False","False"
"https://mgm.ibos.io/inventory/invDashboard","base","input",,"combobox","","",,,"react-select-mgm-input",,"False","False","False"
"https://mgm.ibos.io/inventory/invDashboard","base","input","hidden",,"","",,"itemCategory",,,"False","False","False"
"https://mgm.ibos.io/inventory/inventoryReport","base","input","text",,"","","Go to page...",,,,"False","False","False"
"https://mgm.ibos.io/inventory/inventoryReport","base","button","button",,"","",,,,,"False","False",
"https://mgm.ibos.io/inventory/inventoryReport","base","button","button",,"","",,,,,"False","False",
"https://mgm.ibos.io/inventory/inventoryReport","base","button","button",,"","",,,,,"False","False",
"https://mgm.ibos.io/inventory/inventoryReport","base","button","button",,"","",,,,,"False","False",
"https://mgm.ibos.io/inventory/inventoryReport","base","input",,"combobox","","",,,"react-select-mgm-input",,"False","False","False"
"https://mgm.ibos.io/inventory/inventoryReport","base","input","hidden",,"","40513",,"branchList",,,"False","False","False"
"https://mgm.ibos.io/inventory/inventoryReport","base","input","text","combobox","","",,,"react-select-mgm-input",,"False","False","False"
"https://mgm.ibos.io/inventory/inventoryReport","base","input","hidden",,"","1",,"viewBy",,,"False","False","False"
"https://mgm.ibos.io/inventory/inventoryReport","base","input","text",,"","","Search....",,,"search","False","False","False"
"https://mgm.ibos.io/inventory/inventoryReport","base","button","button",,"","",,,,"menu","False","False",
"https://mgm.ibos.io/inventory/inventoryReport","base","button","button",,"EXCEL","",,,,,"False","False",
"https://mgm.ibos.io/inventory/inventoryReport","base","button","button",,"PRINT/PDF","",,,,,"False","False",
"https://mgm.ibos.io/inventory/inventoryReport","base","div",,"button","",,,,,"Remove All","False","False",
"https://mgm.ibos.io/inventory/inventoryReport","base","input","text","combobox","","",,,"react-select-mgm-input",,"False","False","False"
"https://mgm.ibos.io/inventory/inventoryReport","base","input","hidden",,"","0",,"officeList",,,"False","False","False"
"https://mgm.ibos.io/inventory/inventoryReport","base","div",,"button","",,,,,"Remove All","False","False",
"https://mgm.ibos.io/inventory/inventoryReport","base","input","text","combobox","","",,,"react-select-mgm-input",,"False","False","False"
"https://mgm.ibos.io/inventory/inventoryReport","base","input","hidden",,"","0",,"warehouseList",,,"False","False","False"
"https://mgm.ibos.io/inventory/inventoryReport","base","div",,"button","",,,,,"Remove All","False","False",
"https://mgm.ibos.io/inventory/inventoryReport","base","input","text","combobox","","",,,"react-select-mgm-input",,"False","False","False"
"https://mgm.ibos.io/inventory/inventoryReport","base","input","hidden",,"","0",,"itemType",,,"False","False","False"
"https://mgm.ibos.io/inventory/inventoryReport","base","input","text","combobox","","",,,"react-select-mgm-input",,"False","False","False"
"https://mgm.ibos.io/inventory/inventoryReport","base","input","hidden",,"","",,"itemCategory",,,"False","False","False"
"https://mgm.ibos.io/inventory/inventoryReport","base","input","text","combobox","","",,,"react-select-mgm-input",,"True","False","False"
"https://mgm.ibos.io/inventory/inventoryReport","base","input","text","combobox","","",,,"react-select-mgm-input",,"True","False","False"
"https://mgm.ibos.io/inventory/inventoryReport","base","input","text","combobox","","",,,"react-select-mgm-input",,"False","False","False"
"https://mgm.ibos.io/inventory/inventoryReport","base","input","date",,"","2026-08-13","Text","fromDate",,,"False","False","False"
"https://mgm.ibos.io/inventory/inventoryReport","base","input","date",,"","2026-09-13","Text","toDate",,,"False","False","False"
"https://mgm.ibos.io/inventory/inventoryReport","base","input","checkbox",,"","on",,"netWeight",,,"False","False","False"
"https://mgm.ibos.io/inventory/inventoryReport","base","button","button",,"View","",,,,,"False","False",
"https://mgm.ibos.io/inventory/InvRequisition","base","input","text",,"","","Go to page...",,,,"False","False","False"
"https://mgm.ibos.io/inventory/InvRequisition","base","button","button",,"","",,,,,"False","False",
"https://mgm.ibos.io/inventory/InvRequisition","base","button","button",,"","",,,,,"False","False",
"https://mgm.ibos.io/inventory/InvRequisition","base","button","button",,"","",,,,,"False","False",
"https://mgm.ibos.io/inventory/InvRequisition","base","button","button",,"","",,,,,"False","False",
"https://mgm.ibos.io/inventory/InvRequisition","base","input",,"combobox","","",,,"react-select-mgm-input",,"False","False","False"
"https://mgm.ibos.io/inventory/InvRequisition","base","input","hidden",,"","40513",,"branchList",,,"False","False","False"
"https://mgm.ibos.io/inventory/InvRequisition","base","input","text",,"","","Search....",,,"search","False","False","False"
"https://mgm.ibos.io/inventory/InvRequisition","base","button","button",,"","",,,,"menu","False","False",
"https://mgm.ibos.io/inventory/InvRequisition","base","button","button",,"Requisition","",,,,,"False","False",
"https://mgm.ibos.io/inventory/InvRequisition","base","button","button","tab","REQUISITION LIST","",,,"simple-tab-0",,"False","False",
"https://mgm.ibos.io/inventory/InvRequisition","base","button","button","tab","STORE REQUISITION SUMMARY","",,,"simple-tab-1",,"False","False",
"https://mgm.ibos.io/inventory/InvRequisition","base","button","button",,"","",,,,,"True","False",
"https://mgm.ibos.io/inventory/InvRequisition","base","button","button",,"","",,,,,"False","False",
"https://mgm.ibos.io/inventory/InvRequisition","base","button","button",,"","",,,,,"False","False",
"https://mgm.ibos.io/inventory/InvRequisition","base","button","button",,"","",,,,,"True","False",
"https://mgm.ibos.io/inventory/InvRequisition","base","button","button",,"","",,,,,"False","False",
"https://mgm.ibos.io/inventory/InvRequisition","base","button","button",,"","",,,,,"False","False",
"https://mgm.ibos.io/inventory/InvRequisition","base","button","button",,"","",,,,,"True","False",
"https://mgm.ibos.io/inventory/InvRequisition","base","button","button",,"","",,,,,"False","False",
"https://mgm.ibos.io/inventory/InvRequisition","base","button","button",,"","",,,,,"False","False",
"https://mgm.ibos.io/inventory/InvRequisition","base","button","button",,"","",,,,,"False","False",
"https://mgm.ibos.io/inventory/InvRequisition","base","button","button",,"","",,,,,"False","False",
"https://mgm.ibos.io/inventory/InvRequisition","base","button","button",,"","",,,,,"False","False",
"https://mgm.ibos.io/inventory/InvRequisition","base","button","button",,"","",,,,,"True","False",
"https://mgm.ibos.io/inventory/InvRequisition","base","button","button",,"","",,,,,"False","False",
"https://mgm.ibos.io/inventory/InvRequisition","base","button","button",,"","",,,,,"False","False",
"https://mgm.ibos.io/inventory/InvRequisition","base","button","button",,"","",,,,,"True","False",
"https://mgm.ibos.io/inventory/InvRequisition","base","button","button",,"","",,,,,"False","False",
"https://mgm.ibos.io/inventory/InvRequisition","base","button","button",,"","",,,,,"False","False",
"https://mgm.ibos.io/inventory/InvRequisition","base","button","button",,"","",,,,,"False","False",
"https://mgm.ibos.io/inventory/InvRequisition","base","button","button",,"","",,,,,"False","False",
"https://mgm.ibos.io/inventory/InvRequisition","base","button","button",,"","",,,,,"False","False",
"https://mgm.ibos.io/inventory/InvRequisition","base","button","button",,"","",,,,,"True","False",
"https://mgm.ibos.io/inventory/InvRequisition","base","button","button",,"","",,,,,"False","False",
"https://mgm.ibos.io/inventory/InvRequisition","base","button","button",,"","",,,,,"False","False",
"https://mgm.ibos.io/inventory/InvRequisition","base","button","button",,"","",,,,,"True","False",
"https://mgm.ibos.io/inventory/InvRequisition","base","button","button",,"","",,,,,"False","False",
"https://mgm.ibos.io/inventory/InvRequisition","base","button","button",,"","",,,,,"False","False",
"https://mgm.ibos.io/inventory/InvRequisition","base","button","button",,"","",,,,,"True","False",
"https://mgm.ibos.io/inventory/InvRequisition","base","button","button",,"","",,,,,"False","False",
"https://mgm.ibos.io/inventory/InvRequisition","base","button","button",,"","",,,,,"False","False",
"https://mgm.ibos.io/inventory/InvRequisition","base","button","button",,"","",,,,,"True","False",
"https://mgm.ibos.io/inventory/InvRequisition","base","button","button",,"","",,,,,"False","False",
"https://mgm.ibos.io/inventory/InvRequisition","base","button","button",,"","",,,,,"False","False",
"https://mgm.ibos.io/inventory/InvRequisition","base","button","button",,"","",,,,,"True","False",
"https://mgm.ibos.io/inventory/InvRequisition","base","button","button",,"","",,,,,"False","False",
"https://mgm.ibos.io/inventory/InvRequisition","base","button","button",,"","",,,,,"False","False",
"https://mgm.ibos.io/inventory/InvRequisition","base","div",,"combobox","50",,,,"_r_1c_",,"False","False",
"https://mgm.ibos.io/inventory/InvRequisition","base","input",,,"","50",,,,,"False","False","False"
"https://mgm.ibos.io/inventory/InvRequisition","base","button","button",,"","",,,,"Go to previous page","True","False",
"https://mgm.ibos.io/inventory/InvRequisition","base","button","button",,"","",,,,"Go to next page","True","False",
"https://mgm.ibos.io/inventory/InvRequisition","tab:REQUISITION LIST","input","text",,"","","Go to page...",,,,"False",,
"https://mgm.ibos.io/inventory/InvRequisition","tab:REQUISITION LIST","button","button",,"","",,,,,"False",,
"https://mgm.ibos.io/inventory/InvRequisition","tab:REQUISITION LIST","button","button",,"","",,,,,"False",,
"https://mgm.ibos.io/inventory/InvRequisition","tab:REQUISITION LIST","button","button",,"","",,,,,"False",,
"https://mgm.ibos.io/inventory/InvRequisition","tab:REQUISITION LIST","button","button",,"","",,,,,"False",,
"https://mgm.ibos.io/inventory/InvRequisition","tab:REQUISITION LIST","input",,,"","",,,,,"False",,
"https://mgm.ibos.io/inventory/InvRequisition","tab:REQUISITION LIST","input","hidden",,"","40513",,,,,"False",,
"https://mgm.ibos.io/inventory/InvRequisition","tab:REQUISITION LIST","input","text",,"","","Search....",,,,"False",,
"https://mgm.ibos.io/inventory/InvRequisition","tab:REQUISITION LIST","button","button",,"","",,,,,"False",,
"https://mgm.ibos.io/inventory/InvRequisition","tab:REQUISITION LIST","button","button",,"Requisition","",,,,,"False",,
"https://mgm.ibos.io/inventory/InvRequisition","tab:REQUISITION LIST","button","button",,"REQUISITION LIST","",,,,,"False",,
"https://mgm.ibos.io/inventory/InvRequisition","tab:REQUISITION LIST","button","button",,"STORE REQUISITION SUMMARY","",,,,,"False",,
"https://mgm.ibos.io/inventory/InvRequisition","tab:REQUISITION LIST","button","button",,"","",,,,,"True",,
"https://mgm.ibos.io/inventory/InvRequisition","tab:REQUISITION LIST","button","button",,"","",,,,,"False",,
"https://mgm.ibos.io/inventory/InvRequisition","tab:REQUISITION LIST","button","button",,"","",,,,,"False",,
"https://mgm.ibos.io/inventory/InvRequisition","tab:REQUISITION LIST","button","button",,"","",,,,,"True",,
"https://mgm.ibos.io/inventory/InvRequisition","tab:REQUISITION LIST","button","button",,"","",,,,,"False",,
"https://mgm.ibos.io/inventory/InvRequisition","tab:REQUISITION LIST","button","button",,"","",,,,,"False",,
"https://mgm.ibos.io/inventory/InvRequisition","tab:REQUISITION LIST","button","button",,"","",,,,,"True",,
"https://mgm.ibos.io/inventory/InvRequisition","tab:REQUISITION LIST","button","button",,"","",,,,,"False",,
"https://mgm.ibos.io/inventory/InvRequisition","tab:REQUISITION LIST","button","button",,"","",,,,,"False",,
"https://mgm.ibos.io/inventory/InvRequisition","tab:REQUISITION LIST","button","button",,"","",,,,,"False",,
"https://mgm.ibos.io/inventory/InvRequisition","tab:REQUISITION LIST","button","button",,"","",,,,,"False",,
"https://mgm.ibos.io/inventory/InvRequisition","tab:REQUISITION LIST","button","button",,"","",,,,,"False",,
"https://mgm.ibos.io/inventory/InvRequisition","tab:REQUISITION LIST","button","button",,"","",,,,,"True",,
"https://mgm.ibos.io/inventory/InvRequisition","tab:REQUISITION LIST","button","button",,"","",,,,,"False",,
"https://mgm.ibos.io/inventory/InvRequisition","tab:REQUISITION LIST","button","button",,"","",,,,,"False",,
"https://mgm.ibos.io/inventory/InvRequisition","tab:REQUISITION LIST","button","button",,"","",,,,,"True",,
"https://mgm.ibos.io/inventory/InvRequisition","tab:REQUISITION LIST","button","button",,"","",,,,,"False",,
"https://mgm.ibos.io/inventory/InvRequisition","tab:REQUISITION LIST","button","button",,"","",,,,,"False",,
"https://mgm.ibos.io/inventory/InvRequisition","tab:REQUISITION LIST","button","button",,"","",,,,,"False",,
"https://mgm.ibos.io/inventory/InvRequisition","tab:REQUISITION LIST","button","button",,"","",,,,,"False",,
"https://mgm.ibos.io/inventory/InvRequisition","tab:REQUISITION LIST","button","button",,"","",,,,,"False",,
"https://mgm.ibos.io/inventory/InvRequisition","tab:REQUISITION LIST","button","button",,"","",,,,,"True",,
"https://mgm.ibos.io/inventory/InvRequisition","tab:REQUISITION LIST","button","button",,"","",,,,,"False",,
"https://mgm.ibos.io/inventory/InvRequisition","tab:REQUISITION LIST","button","button",,"","",,,,,"False",,
"https://mgm.ibos.io/inventory/InvRequisition","tab:REQUISITION LIST","button","button",,"","",,,,,"True",,
"https://mgm.ibos.io/inventory/InvRequisition","tab:REQUISITION LIST","button","button",,"","",,,,,"False",,
"https://mgm.ibos.io/inventory/InvRequisition","tab:REQUISITION LIST","button","button",,"","",,,,,"False",,
"https://mgm.ibos.io/inventory/InvRequisition","tab:REQUISITION LIST","button","button",,"","",,,,,"True",,
"https://mgm.ibos.io/inventory/InvRequisition","tab:REQUISITION LIST","button","button",,"","",,,,,"False",,
"https://mgm.ibos.io/inventory/InvRequisition","tab:REQUISITION LIST","button","button",,"","",,,,,"False",,
"https://mgm.ibos.io/inventory/InvRequisition","tab:REQUISITION LIST","button","button",,"","",,,,,"True",,
"https://mgm.ibos.io/inventory/InvRequisition","tab:REQUISITION LIST","button","button",,"","",,,,,"False",,
"https://mgm.ibos.io/inventory/InvRequisition","tab:REQUISITION LIST","button","button",,"","",,,,,"False",,
"https://mgm.ibos.io/inventory/InvRequisition","tab:REQUISITION LIST","button","button",,"","",,,,,"True",,
"https://mgm.ibos.io/inventory/InvRequisition","tab:REQUISITION LIST","button","button",,"","",,,,,"False",,
"https://mgm.ibos.io/inventory/InvRequisition","tab:REQUISITION LIST","button","button",,"","",,,,,"False",,
"https://mgm.ibos.io/inventory/InvRequisition","tab:REQUISITION LIST","div",,,"50",,,,,,"False",,
"https://mgm.ibos.io/inventory/InvRequisition","tab:REQUISITION LIST","input",,,"","50",,,,,"False",,
"https://mgm.ibos.io/inventory/InvRequisition","tab:REQUISITION LIST","button","button",,"","",,,,,"True",,
"https://mgm.ibos.io/inventory/InvRequisition","tab:REQUISITION LIST","button","button",,"","",,,,,"True",,
"https://mgm.ibos.io/inventory/InvRequisition","tab:STORE REQUISITION SUMMARY","input","text",,"","","Go to page...",,,,"False",,
"https://mgm.ibos.io/inventory/InvRequisition","tab:STORE REQUISITION SUMMARY","button","button",,"","",,,,,"False",,
"https://mgm.ibos.io/inventory/InvRequisition","tab:STORE REQUISITION SUMMARY","button","button",,"","",,,,,"False",,
"https://mgm.ibos.io/inventory/InvRequisition","tab:STORE REQUISITION SUMMARY","button","button",,"","",,,,,"False",,
"https://mgm.ibos.io/inventory/InvRequisition","tab:STORE REQUISITION SUMMARY","button","button",,"","",,,,,"False",,
"https://mgm.ibos.io/inventory/InvRequisition","tab:STORE REQUISITION SUMMARY","input",,,"","",,,,,"False",,
"https://mgm.ibos.io/inventory/InvRequisition","tab:STORE REQUISITION SUMMARY","input","hidden",,"","40513",,,,,"False",,
"https://mgm.ibos.io/inventory/InvRequisition","tab:STORE REQUISITION SUMMARY","input","text",,"","","Search....",,,,"False",,
"https://mgm.ibos.io/inventory/InvRequisition","tab:STORE REQUISITION SUMMARY","button","button",,"","",,,,,"False",,
"https://mgm.ibos.io/inventory/InvRequisition","tab:STORE REQUISITION SUMMARY","input","text",,"","",,,,,"False",,
"https://mgm.ibos.io/inventory/InvRequisition","tab:STORE REQUISITION SUMMARY","input","hidden",,"","0",,,,,"False",,
"https://mgm.ibos.io/inventory/InvRequisition","tab:STORE REQUISITION SUMMARY","input","date",,"","2026-09-13","From Date",,,,"False",,
"https://mgm.ibos.io/inventory/InvRequisition","tab:STORE REQUISITION SUMMARY","input","date",,"","2026-09-13","To Date",,,,"False",,
"https://mgm.ibos.io/inventory/InvRequisition","tab:STORE REQUISITION SUMMARY","button","button",,"View","",,,,,"False",,
"https://mgm.ibos.io/inventory/InvRequisition","tab:STORE REQUISITION SUMMARY","button","button",,"Print","",,,,,"False",,
"https://mgm.ibos.io/inventory/InvRequisition","tab:STORE REQUISITION SUMMARY","button","button",,"Excel","",,,,,"False",,
"https://mgm.ibos.io/inventory/InvRequisition","tab:STORE REQUISITION SUMMARY","button","button",,"REQUISITION LIST","",,,,,"False",,
"https://mgm.ibos.io/inventory/InvRequisition","tab:STORE REQUISITION SUMMARY","button","button",,"STORE REQUISITION SUMMARY","",,,,,"False",,
"https://mgm.ibos.io/inventory/InvRequisitionIssue","base","input","text",,"","","Go to page...",,,,"False","False","False"
"https://mgm.ibos.io/inventory/InvRequisitionIssue","base","button","button",,"","",,,,,"False","False",
"https://mgm.ibos.io/inventory/InvRequisitionIssue","base","button","button",,"","",,,,,"False","False",
"https://mgm.ibos.io/inventory/InvRequisitionIssue","base","button","button",,"","",,,,,"False","False",
"https://mgm.ibos.io/inventory/InvRequisitionIssue","base","button","button",,"","",,,,,"False","False",
"https://mgm.ibos.io/inventory/InvRequisitionIssue","base","input",,"combobox","","",,,"react-select-mgm-input",,"False","False","False"
"https://mgm.ibos.io/inventory/InvRequisitionIssue","base","input","hidden",,"","40513",,"branchList",,,"False","False","False"
"https://mgm.ibos.io/inventory/InvRequisitionIssue","base","input","text",,"","","Search....",,,"search","False","False","False"
"https://mgm.ibos.io/inventory/InvRequisitionIssue","base","button","button",,"","",,,,"menu","False","False",
"https://mgm.ibos.io/inventory/InvRequisitionIssue","base","button","button",,"Direct Store Issue","",,,,,"False","False",
"https://mgm.ibos.io/inventory/InvRequisitionIssue","base","button","button","tab","APPROVED REQUISITION LIST","",,,"simple-tab-0",,"False","False",
"https://mgm.ibos.io/inventory/InvRequisitionIssue","base","button","button","tab","ISSUED ITEM","",,,"simple-tab-1",,"False","False",
"https://mgm.ibos.io/inventory/InvRequisitionIssue","base","input","date",,"","","From Date","fromDate",,,"False","False","False"
"https://mgm.ibos.io/inventory/InvRequisitionIssue","base","input","date",,"","","To Date","toDate",,,"False","False","False"
"https://mgm.ibos.io/inventory/InvRequisitionIssue","base","button",,,"View","",,,,,"False","False",
"https://mgm.ibos.io/inventory/InvRequisitionIssue","tab:APPROVED REQUISITION LIST","input","text",,"","","Go to page...",,,,"False",,
"https://mgm.ibos.io/inventory/InvRequisitionIssue","tab:APPROVED REQUISITION LIST","button","button",,"","",,,,,"False",,
"https://mgm.ibos.io/inventory/InvRequisitionIssue","tab:APPROVED REQUISITION LIST","button","button",,"","",,,,,"False",,
"https://mgm.ibos.io/inventory/InvRequisitionIssue","tab:APPROVED REQUISITION LIST","button","button",,"","",,,,,"False",,
"https://mgm.ibos.io/inventory/InvRequisitionIssue","tab:APPROVED REQUISITION LIST","button","button",,"","",,,,,"False",,
"https://mgm.ibos.io/inventory/InvRequisitionIssue","tab:APPROVED REQUISITION LIST","input",,,"","",,,,,"False",,
"https://mgm.ibos.io/inventory/InvRequisitionIssue","tab:APPROVED REQUISITION LIST","input","hidden",,"","40513",,,,,"False",,
"https://mgm.ibos.io/inventory/InvRequisitionIssue","tab:APPROVED REQUISITION LIST","input","text",,"","","Search....",,,,"False",,
"https://mgm.ibos.io/inventory/InvRequisitionIssue","tab:APPROVED REQUISITION LIST","button","button",,"","",,,,,"False",,
"https://mgm.ibos.io/inventory/InvRequisitionIssue","tab:APPROVED REQUISITION LIST","button","button",,"Direct Store Issue","",,,,,"False",,
"https://mgm.ibos.io/inventory/InvRequisitionIssue","tab:APPROVED REQUISITION LIST","button","button",,"APPROVED REQUISITION LIST","",,,,,"False",,
"https://mgm.ibos.io/inventory/InvRequisitionIssue","tab:APPROVED REQUISITION LIST","button","button",,"ISSUED ITEM","",,,,,"False",,
"https://mgm.ibos.io/inventory/InvRequisitionIssue","tab:APPROVED REQUISITION LIST","input","date",,"","","From Date",,,,"False",,
"https://mgm.ibos.io/inventory/InvRequisitionIssue","tab:APPROVED REQUISITION LIST","input","date",,"","","To Date",,,,"False",,
"https://mgm.ibos.io/inventory/InvRequisitionIssue","tab:APPROVED REQUISITION LIST","button",,,"View","",,,,,"False",,
"https://mgm.ibos.io/inventory/InvRequisitionIssue","tab:ISSUED ITEM","input","text",,"","","Go to page...",,,,"False",,
"https://mgm.ibos.io/inventory/InvRequisitionIssue","tab:ISSUED ITEM","button","button",,"","",,,,,"False",,
"https://mgm.ibos.io/inventory/InvRequisitionIssue","tab:ISSUED ITEM","button","button",,"","",,,,,"False",,
"https://mgm.ibos.io/inventory/InvRequisitionIssue","tab:ISSUED ITEM","button","button",,"","",,,,,"False",,
"https://mgm.ibos.io/inventory/InvRequisitionIssue","tab:ISSUED ITEM","button","button",,"","",,,,,"False",,
"https://mgm.ibos.io/inventory/InvRequisitionIssue","tab:ISSUED ITEM","input",,,"","",,,,,"False",,
"https://mgm.ibos.io/inventory/InvRequisitionIssue","tab:ISSUED ITEM","input","hidden",,"","40513",,,,,"False",,
"https://mgm.ibos.io/inventory/InvRequisitionIssue","tab:ISSUED ITEM","input","text",,"","","Search....",,,,"False",,
"https://mgm.ibos.io/inventory/InvRequisitionIssue","tab:ISSUED ITEM","button","button",,"","",,,,,"False",,
"https://mgm.ibos.io/inventory/InvRequisitionIssue","tab:ISSUED ITEM","button","button",,"Direct Store Issue","",,,,,"False",,
"https://mgm.ibos.io/inventory/InvRequisitionIssue","tab:ISSUED ITEM","button","button",,"APPROVED REQUISITION LIST","",,,,,"False",,
"https://mgm.ibos.io/inventory/InvRequisitionIssue","tab:ISSUED ITEM","button","button",,"ISSUED ITEM","",,,,,"False",,
"https://mgm.ibos.io/inventory/InvRequisitionIssue","tab:ISSUED ITEM","input","date",,"","","From Date",,,,"False",,
"https://mgm.ibos.io/inventory/InvRequisitionIssue","tab:ISSUED ITEM","input","date",,"","","To Date",,,,"False",,
"https://mgm.ibos.io/inventory/InvRequisitionIssue","tab:ISSUED ITEM","button",,,"View","",,,,,"False",,
"https://mgm.ibos.io/inventory/InvRequisitionIssue","tab:ISSUED ITEM","button","button",,"","",,,,,"False",,
"https://mgm.ibos.io/inventory/InvRequisitionIssue","tab:ISSUED ITEM","button","button",,"","",,,,,"False",,
"https://mgm.ibos.io/inventory/InvRequisitionIssue","tab:ISSUED ITEM","button","button",,"","",,,,,"False",,
"https://mgm.ibos.io/inventory/InvRequisitionIssue","tab:ISSUED ITEM","button","button",,"","",,,,,"False",,
"https://mgm.ibos.io/inventory/InvRequisitionIssue","tab:ISSUED ITEM","button","button",,"","",,,,,"False",,
"https://mgm.ibos.io/inventory/InvRequisitionIssue","tab:ISSUED ITEM","div",,,"50",,,,,,"False",,
"https://mgm.ibos.io/inventory/InvRequisitionIssue","tab:ISSUED ITEM","input",,,"","50",,,,,"False",,
"https://mgm.ibos.io/inventory/InvRequisitionIssue","tab:ISSUED ITEM","button","button",,"","",,,,,"True",,
"https://mgm.ibos.io/inventory/InvRequisitionIssue","tab:ISSUED ITEM","button","button",,"","",,,,,"True",,
"https://mgm.ibos.io/inventory/Item-stock-convertion","base","input","text",,"","","Go to page...",,,,"False","False","False"
"https://mgm.ibos.io/inventory/Item-stock-convertion","base","button","button",,"","",,,,,"False","False",
"https://mgm.ibos.io/inventory/Item-stock-convertion","base","button","button",,"","",,,,,"False","False",
"https://mgm.ibos.io/inventory/Item-stock-convertion","base","button","button",,"","",,,,,"False","False",
"https://mgm.ibos.io/inventory/Item-stock-convertion","base","button","button",,"","",,,,,"False","False",
"https://mgm.ibos.io/inventory/Item-stock-convertion","base","input",,"combobox","","",,,"react-select-mgm-input",,"False","False","False"
"https://mgm.ibos.io/inventory/Item-stock-convertion","base","input","hidden",,"","40513",,"branchList",,,"False","False","False"
"https://mgm.ibos.io/inventory/Item-stock-convertion","base","button","button","tab","ITEM STOCK CONVERSION","",,,"simple-tab-0",,"False","False",
"https://mgm.ibos.io/inventory/Item-stock-convertion","base","button","button","tab","REPORT","",,,"simple-tab-1",,"False","False",
"https://mgm.ibos.io/inventory/Item-stock-convertion","base","input","text","combobox","","",,,"react-select-mgm-input",,"False","False","False"
"https://mgm.ibos.io/inventory/Item-stock-convertion","base","input","hidden",,"","",,"office",,,"False","False","False"
"https://mgm.ibos.io/inventory/Item-stock-convertion","base","input","text","combobox","","",,,"react-select-mgm-input",,"False","False","False"
"https://mgm.ibos.io/inventory/Item-stock-convertion","base","input","hidden",,"","",,"warehouse",,,"False","False","False"
"https://mgm.ibos.io/inventory/Item-stock-convertion","base","input","date",,"","2026-09-07","From Date","fromDate",,,"False","False","False"
"https://mgm.ibos.io/inventory/Item-stock-convertion","base","input","date",,"","2026-09-13","To Date","toDate",,,"False","False","False"
"https://mgm.ibos.io/inventory/Item-stock-convertion","base","input","text","combobox","","",,,"react-select-mgm-input",,"False","False","False"
"https://mgm.ibos.io/inventory/Item-stock-convertion","base","input","hidden",,"","",,"viewBy",,,"False","False","False"
"https://mgm.ibos.io/inventory/Item-stock-convertion","base","input","text","combobox","","",,,"react-select-mgm-input",,"False","False","False"
"https://mgm.ibos.io/inventory/Item-stock-convertion","base","input","hidden",,"","",,"conversionType",,,"False","False","False"
"https://mgm.ibos.io/inventory/Item-stock-convertion","base","input","checkbox",,"","false",,"fromItem",,,"False","False","False"
"https://mgm.ibos.io/inventory/Item-stock-convertion","base","input","checkbox",,"","false",,"convertedItem",,,"False","False","False"
"https://mgm.ibos.io/inventory/Item-stock-convertion","base","input","checkbox",,"","false",,"isOnlyItem",,,"False","False","False"
"https://mgm.ibos.io/inventory/Item-stock-convertion","base","button","button",,"View","",,,,,"False","False",
"https://mgm.ibos.io/inventory/Item-stock-convertion","tab:ITEM STOCK CONVERSION","input","text",,"","","Go to page...",,,,"False",,
"https://mgm.ibos.io/inventory/Item-stock-convertion","tab:ITEM STOCK CONVERSION","button","button",,"","",,,,,"False",,
"https://mgm.ibos.io/inventory/Item-stock-convertion","tab:ITEM STOCK CONVERSION","button","button",,"","",,,,,"False",,
"https://mgm.ibos.io/inventory/Item-stock-convertion","tab:ITEM STOCK CONVERSION","button","button",,"","",,,,,"False",,
"https://mgm.ibos.io/inventory/Item-stock-convertion","tab:ITEM STOCK CONVERSION","button","button",,"","",,,,,"False",,
"https://mgm.ibos.io/inventory/Item-stock-convertion","tab:ITEM STOCK CONVERSION","input",,,"","",,,,,"False",,
"https://mgm.ibos.io/inventory/Item-stock-convertion","tab:ITEM STOCK CONVERSION","input","hidden",,"","40513",,,,,"False",,
"https://mgm.ibos.io/inventory/Item-stock-convertion","tab:ITEM STOCK CONVERSION","button","button",,"Item Stock Conversion","",,,,,"False",,
"https://mgm.ibos.io/inventory/Item-stock-convertion","tab:ITEM STOCK CONVERSION","button","button",,"Item Stock Conversion","",,,,,"False",,
"https://mgm.ibos.io/inventory/Item-stock-convertion","tab:ITEM STOCK CONVERSION","button","button",,"ITEM STOCK CONVERSION","",,,,,"False",,
"https://mgm.ibos.io/inventory/Item-stock-convertion","tab:ITEM STOCK CONVERSION","button","button",,"REPORT","",,,,,"False",,
"https://mgm.ibos.io/inventory/Item-stock-convertion","tab:ITEM STOCK CONVERSION","input","text",,"","",,,,,"False",,
"https://mgm.ibos.io/inventory/Item-stock-convertion","tab:ITEM STOCK CONVERSION","input","hidden",,"","",,,,,"False",,
"https://mgm.ibos.io/inventory/Item-stock-convertion","tab:ITEM STOCK CONVERSION","input","text",,"","",,,,,"False",,
"https://mgm.ibos.io/inventory/Item-stock-convertion","tab:ITEM STOCK CONVERSION","input","hidden",,"","",,,,,"False",,
"https://mgm.ibos.io/inventory/Item-stock-convertion","tab:ITEM STOCK CONVERSION","input","text",,"","",,,,,"False",,
"https://mgm.ibos.io/inventory/Item-stock-convertion","tab:ITEM STOCK CONVERSION","input","date",,"","2026-09-07","From Date",,,,"False",,
"https://mgm.ibos.io/inventory/Item-stock-convertion","tab:ITEM STOCK CONVERSION","input","date",,"","2026-09-13","To Date",,,,"False",,
"https://mgm.ibos.io/inventory/Item-stock-convertion","tab:ITEM STOCK CONVERSION","input","text",,"","",,,,,"False",,
"https://mgm.ibos.io/inventory/Item-stock-convertion","tab:ITEM STOCK CONVERSION","input","hidden",,"","",,,,,"False",,
"https://mgm.ibos.io/inventory/Item-stock-convertion","tab:ITEM STOCK CONVERSION","button","button",,"View","",,,,,"False",,
"https://mgm.ibos.io/inventory/Item-stock-convertion","tab:REPORT","input","text",,"","","Go to page...",,,,"False",,
"https://mgm.ibos.io/inventory/Item-stock-convertion","tab:REPORT","button","button",,"","",,,,,"False",,
"https://mgm.ibos.io/inventory/Item-stock-convertion","tab:REPORT","button","button",,"","",,,,,"False",,
"https://mgm.ibos.io/inventory/Item-stock-convertion","tab:REPORT","button","button",,"","",,,,,"False",,
"https://mgm.ibos.io/inventory/Item-stock-convertion","tab:REPORT","button","button",,"","",,,,,"False",,
"https://mgm.ibos.io/inventory/Item-stock-convertion","tab:REPORT","input",,,"","",,,,,"False",,
"https://mgm.ibos.io/inventory/Item-stock-convertion","tab:REPORT","input","hidden",,"","40513",,,,,"False",,
"https://mgm.ibos.io/inventory/Item-stock-convertion","tab:REPORT","button","button",,"ITEM STOCK CONVERSION","",,,,,"False",,
"https://mgm.ibos.io/inventory/Item-stock-convertion","tab:REPORT","button","button",,"REPORT","",,,,,"False",,
"https://mgm.ibos.io/inventory/Item-stock-convertion","tab:REPORT","input","text",,"","",,,,,"False",,
"https://mgm.ibos.io/inventory/Item-stock-convertion","tab:REPORT","input","hidden",,"","",,,,,"False",,
"https://mgm.ibos.io/inventory/Item-stock-convertion","tab:REPORT","input","text",,"","",,,,,"False",,
"https://mgm.ibos.io/inventory/Item-stock-convertion","tab:REPORT","input","hidden",,"","",,,,,"False",,
"https://mgm.ibos.io/inventory/Item-stock-convertion","tab:REPORT","input","date",,"","2026-09-07","From Date",,,,"False",,
"https://mgm.ibos.io/inventory/Item-stock-convertion","tab:REPORT","input","date",,"","2026-09-13","To Date",,,,"False",,
"https://mgm.ibos.io/inventory/Item-stock-convertion","tab:REPORT","input","text",,"","",,,,,"False",,
"https://mgm.ibos.io/inventory/Item-stock-convertion","tab:REPORT","input","hidden",,"","",,,,,"False",,
"https://mgm.ibos.io/inventory/Item-stock-convertion","tab:REPORT","input","text",,"","",,,,,"False",,
"https://mgm.ibos.io/inventory/Item-stock-convertion","tab:REPORT","input","hidden",,"","",,,,,"False",,
"https://mgm.ibos.io/inventory/Item-stock-convertion","tab:REPORT","input","checkbox",,"","false",,,,,"False",,
"https://mgm.ibos.io/inventory/Item-stock-convertion","tab:REPORT","input","checkbox",,"","false",,,,,"False",,
"https://mgm.ibos.io/inventory/Item-stock-convertion","tab:REPORT","input","checkbox",,"","false",,,,,"False",,
"https://mgm.ibos.io/inventory/Item-stock-convertion","tab:REPORT","button","button",,"View","",,,,,"False",,
"https://mgm.ibos.io/inventory/qcManagement","base","input","text",,"","","Go to page...",,,,"False","False","False"
"https://mgm.ibos.io/inventory/qcManagement","base","button","button",,"","",,,,,"False","False",
"https://mgm.ibos.io/inventory/qcManagement","base","button","button",,"","",,,,,"False","False",
"https://mgm.ibos.io/inventory/qcManagement","base","button","button",,"","",,,,,"False","False",
"https://mgm.ibos.io/inventory/qcManagement","base","button","button",,"","",,,,,"False","False",
"https://mgm.ibos.io/inventory/qcManagement","base","input",,"combobox","","",,,"react-select-mgm-input",,"False","False","False"
"https://mgm.ibos.io/inventory/qcManagement","base","input","hidden",,"","40513",,"branchList",,,"False","False","False"
"https://mgm.ibos.io/inventory/qcManagement","base","input","text",,"","","Search....",,,"search","False","False","False"
"https://mgm.ibos.io/inventory/qcManagement","base","button","button",,"","",,,,"menu","False","False",
"https://mgm.ibos.io/inventory/qcManagement","base","button","button",,"Create","",,,"demo-positioned-button",,"False","False",
"https://mgm.ibos.io/inventory/qcManagement","base","input","date",,"","2026-08-13","From Date","fromDate",,,"False","False","False"
"https://mgm.ibos.io/inventory/qcManagement","base","input","date",,"","2026-09-13","To Date","toDate",,,"False","False","False"
"https://mgm.ibos.io/inventory/qcManagement","base","button",,,"View","",,,,,"False","False",
"https://mgm.ibos.io/inventory/request","base","input","text",,"","","Go to page...",,,,"False","False","False"
"https://mgm.ibos.io/inventory/request","base","button","button",,"","",,,,,"False","False",
"https://mgm.ibos.io/inventory/request","base","button","button",,"","",,,,,"False","False",
"https://mgm.ibos.io/inventory/request","base","button","button",,"","",,,,,"False","False",
"https://mgm.ibos.io/inventory/request","base","button","button",,"","",,,,,"False","False",
"https://mgm.ibos.io/inventory/request","base","input",,"combobox","","",,,"react-select-mgm-input",,"False","False","False"
"https://mgm.ibos.io/inventory/request","base","input","hidden",,"","40513",,"branchList",,,"False","False","False"
"https://mgm.ibos.io/inventory/request","base","button","button",,"Excel","",,,,,"False","False",
"https://mgm.ibos.io/inventory/request","base","button","button",,"Request","",,,,,"False","False",
"https://mgm.ibos.io/inventory/request","base","button","button","tab","REQUEST LIST","",,,"simple-tab-0",,"False","False",
"https://mgm.ibos.io/inventory/request","base","button","button","tab","REQUEST SUMMARY","",,,"simple-tab-1",,"False","False",
"https://mgm.ibos.io/inventory/request","base","button","button","tab","REQUEST DETAILS","",,,"simple-tab-2",,"False","False",
"https://mgm.ibos.io/inventory/request","base","input","date",,"","2026-09-07","Text","fromDate",,,"False","False","False"
"https://mgm.ibos.io/inventory/request","base","input","date",,"","2026-09-13","Text","toDate",,,"False","False","False"
"https://mgm.ibos.io/inventory/request","base","button","submit",,"View","",,,,,"False","False",
"https://mgm.ibos.io/inventory/request","tab:REQUEST LIST","input","text",,"","","Go to page...",,,,"False",,
"https://mgm.ibos.io/inventory/request","tab:REQUEST LIST","button","button",,"","",,,,,"False",,
"https://mgm.ibos.io/inventory/request","tab:REQUEST LIST","button","button",,"","",,,,,"False",,
"https://mgm.ibos.io/inventory/request","tab:REQUEST LIST","button","button",,"","",,,,,"False",,
"https://mgm.ibos.io/inventory/request","tab:REQUEST LIST","button","button",,"","",,,,,"False",,
"https://mgm.ibos.io/inventory/request","tab:REQUEST LIST","input",,,"","",,,,,"False",,
"https://mgm.ibos.io/inventory/request","tab:REQUEST LIST","input","hidden",,"","40513",,,,,"False",,
"https://mgm.ibos.io/inventory/request","tab:REQUEST LIST","input","text",,"","","Search....",,,,"False",,
"https://mgm.ibos.io/inventory/request","tab:REQUEST LIST","button","button",,"","",,,,,"False",,
"https://mgm.ibos.io/inventory/request","tab:REQUEST LIST","button","button",,"Request","",,,,,"False",,
"https://mgm.ibos.io/inventory/request","tab:REQUEST LIST","button","button",,"REQUEST LIST","",,,,,"False",,
"https://mgm.ibos.io/inventory/request","tab:REQUEST LIST","button","button",,"REQUEST SUMMARY","",,,,,"False",,
"https://mgm.ibos.io/inventory/request","tab:REQUEST LIST","button","button",,"REQUEST DETAILS","",,,,,"False",,
"https://mgm.ibos.io/inventory/request","tab:REQUEST LIST","input","date",,"","2026-09-07","Text",,,,"False",,
"https://mgm.ibos.io/inventory/request","tab:REQUEST LIST","input","date",,"","2026-09-13","Text",,,,"False",,
"https://mgm.ibos.io/inventory/request","tab:REQUEST LIST","input","text",,"","",,,,,"False",,
"https://mgm.ibos.io/inventory/request","tab:REQUEST LIST","input","hidden",,"","",,,,,"False",,
"https://mgm.ibos.io/inventory/request","tab:REQUEST LIST","input","text",,"","",,,,,"False",,
"https://mgm.ibos.io/inventory/request","tab:REQUEST LIST","button","submit",,"View","",,,,,"False",,
"https://mgm.ibos.io/inventory/request","tab:REQUEST SUMMARY","input","text",,"","","Go to page...",,,,"False",,
"https://mgm.ibos.io/inventory/request","tab:REQUEST SUMMARY","button","button",,"","",,,,,"False",,
"https://mgm.ibos.io/inventory/request","tab:REQUEST SUMMARY","button","button",,"","",,,,,"False",,
"https://mgm.ibos.io/inventory/request","tab:REQUEST SUMMARY","button","button",,"","",,,,,"False",,
"https://mgm.ibos.io/inventory/request","tab:REQUEST SUMMARY","button","button",,"","",,,,,"False",,
"https://mgm.ibos.io/inventory/request","tab:REQUEST SUMMARY","input",,,"","",,,,,"False",,
"https://mgm.ibos.io/inventory/request","tab:REQUEST SUMMARY","input","hidden",,"","40513",,,,,"False",,
"https://mgm.ibos.io/inventory/request","tab:REQUEST SUMMARY","button","button",,"Excel","",,,,,"False",,
"https://mgm.ibos.io/inventory/request","tab:REQUEST SUMMARY","button","button",,"Request","",,,,,"False",,
"https://mgm.ibos.io/inventory/request","tab:REQUEST SUMMARY","button","button",,"REQUEST LIST","",,,,,"False",,
"https://mgm.ibos.io/inventory/request","tab:REQUEST SUMMARY","button","button",,"REQUEST SUMMARY","",,,,,"False",,
"https://mgm.ibos.io/inventory/request","tab:REQUEST SUMMARY","button","button",,"REQUEST DETAILS","",,,,,"False",,
"https://mgm.ibos.io/inventory/request","tab:REQUEST SUMMARY","input","date",,"","2026-09-07","Text",,,,"False",,
"https://mgm.ibos.io/inventory/request","tab:REQUEST SUMMARY","input","date",,"","2026-09-13","Text",,,,"False",,
"https://mgm.ibos.io/inventory/request","tab:REQUEST SUMMARY","button","submit",,"View","",,,,,"False",,
"https://mgm.ibos.io/inventory/request","tab:REQUEST DETAILS","input","text",,"","","Go to page...",,,,"False",,
"https://mgm.ibos.io/inventory/request","tab:REQUEST DETAILS","button","button",,"","",,,,,"False",,
"https://mgm.ibos.io/inventory/request","tab:REQUEST DETAILS","button","button",,"","",,,,,"False",,
"https://mgm.ibos.io/inventory/request","tab:REQUEST DETAILS","button","button",,"","",,,,,"False",,
"https://mgm.ibos.io/inventory/request","tab:REQUEST DETAILS","button","button",,"","",,,,,"False",,
"https://mgm.ibos.io/inventory/request","tab:REQUEST DETAILS","input",,,"","",,,,,"False",,
"https://mgm.ibos.io/inventory/request","tab:REQUEST DETAILS","input","hidden",,"","40513",,,,,"False",,
"https://mgm.ibos.io/inventory/request","tab:REQUEST DETAILS","button","button",,"Excel","",,,,,"False",,
"https://mgm.ibos.io/inventory/request","tab:REQUEST DETAILS","button","button",,"Request","",,,,,"False",,
"https://mgm.ibos.io/inventory/request","tab:REQUEST DETAILS","button","button",,"REQUEST LIST","",,,,,"False",,
"https://mgm.ibos.io/inventory/request","tab:REQUEST DETAILS","button","button",,"REQUEST SUMMARY","",,,,,"False",,
"https://mgm.ibos.io/inventory/request","tab:REQUEST DETAILS","button","button",,"REQUEST DETAILS","",,,,,"False",,
"https://mgm.ibos.io/inventory/request","tab:REQUEST DETAILS","input","text",,"","",,,,,"False",,
"https://mgm.ibos.io/inventory/request","tab:REQUEST DETAILS","input","hidden",,"","",,,,,"False",,
"https://mgm.ibos.io/inventory/request","tab:REQUEST DETAILS","input","text",,"","",,,,,"False",,
"https://mgm.ibos.io/inventory/request","tab:REQUEST DETAILS","input","hidden",,"","",,,,,"False",,
"https://mgm.ibos.io/inventory/request","tab:REQUEST DETAILS","input","date",,"","2026-09-07","Text",,,,"False",,
"https://mgm.ibos.io/inventory/request","tab:REQUEST DETAILS","input","date",,"","2026-09-13","Text",,,,"False",,
"https://mgm.ibos.io/inventory/request","tab:REQUEST DETAILS","input","date",,"","2026-09-07","Text",,,,"False",,
"https://mgm.ibos.io/inventory/request","tab:REQUEST DETAILS","input","date",,"","2026-09-13","Text",,,,"False",,
"https://mgm.ibos.io/inventory/request","tab:REQUEST DETAILS","button","submit",,"View","",,,,,"False",,
"https://mgm.ibos.io/inventory/stock-adjustment","base","input","text",,"","","Go to page...",,,,"False","False","False"
"https://mgm.ibos.io/inventory/stock-adjustment","base","button","button",,"","",,,,,"False","False",
"https://mgm.ibos.io/inventory/stock-adjustment","base","button","button",,"","",,,,,"False","False",
"https://mgm.ibos.io/inventory/stock-adjustment","base","button","button",,"","",,,,,"False","False",
"https://mgm.ibos.io/inventory/stock-adjustment","base","button","button",,"","",,,,,"False","False",
"https://mgm.ibos.io/inventory/stock-adjustment","base","input",,"combobox","","",,,"react-select-mgm-input",,"False","False","False"
"https://mgm.ibos.io/inventory/stock-adjustment","base","input","hidden",,"","40513",,"branchList",,,"False","False","False"
"https://mgm.ibos.io/inventory/stock-adjustment","base","input","text",,"","","Search....",,,"search","False","False","False"
"https://mgm.ibos.io/inventory/stock-adjustment","base","button","button",,"","",,,,"menu","False","False",
"https://mgm.ibos.io/inventory/stock-adjustment","base","button","button",,"Create","",,,"demo-positioned-button",,"False","False",
"https://mgm.ibos.io/inventory/stock-adjustment","base","input","text","combobox","","",,,"react-select-mgm-input",,"False","False","False"
"https://mgm.ibos.io/inventory/stock-adjustment","base","input","hidden",,"","",,"office",,,"False","False","False"
"https://mgm.ibos.io/inventory/stock-adjustment","base","input","text","combobox","","",,,"react-select-mgm-input",,"False","False","False"
"https://mgm.ibos.io/inventory/stock-adjustment","base","input","hidden",,"","",,"type",,,"False","False","False"
"https://mgm.ibos.io/inventory/stock-adjustment","base","input","date",,"","2026-08-13","From Date","fromDate",,,"False","False","False"
"https://mgm.ibos.io/inventory/stock-adjustment","base","input","date",,"","2026-09-13","To Date","toDate",,,"False","False","False"
"https://mgm.ibos.io/inventory/stock-adjustment","base","input","text","combobox","","",,,"react-select-mgm-input",,"False","False","False"
"https://mgm.ibos.io/inventory/stock-adjustment","base","input","hidden",,"","",,"status",,,"False","False","False"
"https://mgm.ibos.io/inventory/stock-adjustment","base","button","button",,"View","",,,,,"False","False",
"https://mgm.ibos.io/inventory/transfer","base","input","text",,"","","Go to page...",,,,"False","False","False"
"https://mgm.ibos.io/inventory/transfer","base","button","button",,"","",,,,,"False","False",
"https://mgm.ibos.io/inventory/transfer","base","button","button",,"","",,,,,"False","False",
"https://mgm.ibos.io/inventory/transfer","base","button","button",,"","",,,,,"False","False",
"https://mgm.ibos.io/inventory/transfer","base","button","button",,"","",,,,,"False","False",
"https://mgm.ibos.io/inventory/transfer","base","input",,"combobox","","",,,"react-select-mgm-input",,"False","False","False"
"https://mgm.ibos.io/inventory/transfer","base","input","hidden",,"","40513",,"branchList",,,"False","False","False"
"https://mgm.ibos.io/inventory/transfer","base","input","text",,"","","Search....",,,"search","False","False","False"
"https://mgm.ibos.io/inventory/transfer","base","button","button",,"","",,,,"menu","False","False",
"https://mgm.ibos.io/inventory/transfer","base","button",,,"Upload","",,,,,"False","False",
"https://mgm.ibos.io/inventory/transfer","base","button",,,"Download","",,,,,"False","False",
"https://mgm.ibos.io/inventory/transfer","base","button",,,"Direct Transfer Out","",,,,,"False","False",
"https://mgm.ibos.io/inventory/transfer","base","button","button","tab","APPROVED TRANS. REQUEST","",,,"simple-tab-0",,"False","False",
"https://mgm.ibos.io/inventory/transfer","base","button","button","tab","TRANSFER OUT LIST","",,,"simple-tab-1",,"False","False",
"https://mgm.ibos.io/inventory/transfer","base","button","button","tab","TRANSFER IN TRANSIT","",,,"simple-tab-2",,"False","False",
"https://mgm.ibos.io/inventory/transfer","base","button","button","tab","RETURN LIST","",,,"simple-tab-3",,"False","False",
"https://mgm.ibos.io/inventory/transfer","base","button","button","tab","TRANSFER IN/RECEIVED LIST","",,,"simple-tab-4",,"False","False",
"https://mgm.ibos.io/inventory/transfer","base","input","text","combobox","","",,,"react-select-mgm-input",,"False","False","False"
"https://mgm.ibos.io/inventory/transfer","base","input","hidden",,"","",,"fromOffice",,,"False","False","False"
"https://mgm.ibos.io/inventory/transfer","base","input","text","combobox","","",,,"react-select-mgm-input",,"True","False","False"
"https://mgm.ibos.io/inventory/transfer","base","input","text","combobox","","",,,"react-select-mgm-input",,"False","False","False"
"https://mgm.ibos.io/inventory/transfer","base","input","hidden",,"","",,"toOffice",,,"False","False","False"
"https://mgm.ibos.io/inventory/transfer","base","input","text","combobox","","",,,"react-select-mgm-input",,"False","False","False"
"https://mgm.ibos.io/inventory/transfer","base","input","hidden",,"","",,"toWarehouse",,,"False","False","False"
"https://mgm.ibos.io/inventory/transfer","base","input","text","combobox","","",,,"react-select-mgm-input",,"False","False","False"
"https://mgm.ibos.io/inventory/transfer","base","input","date",,"","2026-08-13","Text","fromDate",,,"False","False","False"
"https://mgm.ibos.io/inventory/transfer","base","input","date",,"","2026-09-13","Text","toDate",,,"False","False","False"
"https://mgm.ibos.io/inventory/transfer","base","button","submit",,"View","",,,,,"False","False",
"https://mgm.ibos.io/inventory/transfer","tab:APPROVED TRANS. REQUEST","input","text",,"","","Go to page...",,,,"False",,
"https://mgm.ibos.io/inventory/transfer","tab:APPROVED TRANS. REQUEST","button","button",,"","",,,,,"False",,
"https://mgm.ibos.io/inventory/transfer","tab:APPROVED TRANS. REQUEST","button","button",,"","",,,,,"False",,
"https://mgm.ibos.io/inventory/transfer","tab:APPROVED TRANS. REQUEST","button","button",,"","",,,,,"False",,
"https://mgm.ibos.io/inventory/transfer","tab:APPROVED TRANS. REQUEST","button","button",,"","",,,,,"False",,
"https://mgm.ibos.io/inventory/transfer","tab:APPROVED TRANS. REQUEST","input",,,"","",,,,,"False",,
"https://mgm.ibos.io/inventory/transfer","tab:APPROVED TRANS. REQUEST","input","hidden",,"","40513",,,,,"False",,
"https://mgm.ibos.io/inventory/transfer","tab:APPROVED TRANS. REQUEST","input","text",,"","","Search....",,,,"False",,
"https://mgm.ibos.io/inventory/transfer","tab:APPROVED TRANS. REQUEST","button","button",,"","",,,,,"False",,
"https://mgm.ibos.io/inventory/transfer","tab:APPROVED TRANS. REQUEST","button",,,"Upload","",,,,,"False",,
"https://mgm.ibos.io/inventory/transfer","tab:APPROVED TRANS. REQUEST","button",,,"Download","",,,,,"False",,
"https://mgm.ibos.io/inventory/transfer","tab:APPROVED TRANS. REQUEST","button",,,"Direct Transfer Out","",,,,,"False",,
"https://mgm.ibos.io/inventory/transfer","tab:APPROVED TRANS. REQUEST","button","button",,"APPROVED TRANS. REQUEST","",,,,,"False",,
"https://mgm.ibos.io/inventory/transfer","tab:APPROVED TRANS. REQUEST","button","button",,"TRANSFER OUT LIST","",,,,,"False",,
"https://mgm.ibos.io/inventory/transfer","tab:APPROVED TRANS. REQUEST","button","button",,"TRANSFER IN TRANSIT","",,,,,"False",,
"https://mgm.ibos.io/inventory/transfer","tab:APPROVED TRANS. REQUEST","button","button",,"RETURN LIST","",,,,,"False",,
"https://mgm.ibos.io/inventory/transfer","tab:APPROVED TRANS. REQUEST","button","button",,"TRANSFER IN/RECEIVED LIST","",,,,,"False",,
"https://mgm.ibos.io/inventory/transfer","tab:APPROVED TRANS. REQUEST","input","text",,"","",,,,,"False",,
"https://mgm.ibos.io/inventory/transfer","tab:APPROVED TRANS. REQUEST","input","hidden",,"","",,,,,"False",,
"https://mgm.ibos.io/inventory/transfer","tab:APPROVED TRANS. REQUEST","input","text",,"","",,,,,"True",,
"https://mgm.ibos.io/inventory/transfer","tab:APPROVED TRANS. REQUEST","input","text",,"","",,,,,"False",,
"https://mgm.ibos.io/inventory/transfer","tab:APPROVED TRANS. REQUEST","input","hidden",,"","",,,,,"False",,
"https://mgm.ibos.io/inventory/transfer","tab:APPROVED TRANS. REQUEST","input","text",,"","",,,,,"False",,
"https://mgm.ibos.io/inventory/transfer","tab:APPROVED TRANS. REQUEST","input","hidden",,"","",,,,,"False",,
"https://mgm.ibos.io/inventory/transfer","tab:APPROVED TRANS. REQUEST","input","text",,"","",,,,,"False",,
"https://mgm.ibos.io/inventory/transfer","tab:APPROVED TRANS. REQUEST","input","date",,"","2026-08-13","Text",,,,"False",,
"https://mgm.ibos.io/inventory/transfer","tab:APPROVED TRANS. REQUEST","input","date",,"","2026-09-13","Text",,,,"False",,
"https://mgm.ibos.io/inventory/transfer","tab:APPROVED TRANS. REQUEST","button","submit",,"View","",,,,,"False",,
"https://mgm.ibos.io/inventory/transfer","tab:TRANSFER OUT LIST","input","text",,"","","Go to page...",,,,"False",,
"https://mgm.ibos.io/inventory/transfer","tab:TRANSFER OUT LIST","button","button",,"","",,,,,"False",,
"https://mgm.ibos.io/inventory/transfer","tab:TRANSFER OUT LIST","button","button",,"","",,,,,"False",,
"https://mgm.ibos.io/inventory/transfer","tab:TRANSFER OUT LIST","button","button",,"","",,,,,"False",,
"https://mgm.ibos.io/inventory/transfer","tab:TRANSFER OUT LIST","button","button",,"","",,,,,"False",,
"https://mgm.ibos.io/inventory/transfer","tab:TRANSFER OUT LIST","input",,,"","",,,,,"False",,
"https://mgm.ibos.io/inventory/transfer","tab:TRANSFER OUT LIST","input","hidden",,"","40513",,,,,"False",,
"https://mgm.ibos.io/inventory/transfer","tab:TRANSFER OUT LIST","input","text",,"","","Search....",,,,"False",,
"https://mgm.ibos.io/inventory/transfer","tab:TRANSFER OUT LIST","button","button",,"","",,,,,"False",,
"https://mgm.ibos.io/inventory/transfer","tab:TRANSFER OUT LIST","button",,,"Upload","",,,,,"False",,
"https://mgm.ibos.io/inventory/transfer","tab:TRANSFER OUT LIST","button",,,"Download","",,,,,"False",,
"https://mgm.ibos.io/inventory/transfer","tab:TRANSFER OUT LIST","button",,,"Direct Transfer Out","",,,,,"False",,
"https://mgm.ibos.io/inventory/transfer","tab:TRANSFER OUT LIST","button","button",,"APPROVED TRANS. REQUEST","",,,,,"False",,
"https://mgm.ibos.io/inventory/transfer","tab:TRANSFER OUT LIST","button","button",,"TRANSFER OUT LIST","",,,,,"False",,
"https://mgm.ibos.io/inventory/transfer","tab:TRANSFER OUT LIST","button","button",,"TRANSFER IN TRANSIT","",,,,,"False",,
"https://mgm.ibos.io/inventory/transfer","tab:TRANSFER OUT LIST","button","button",,"RETURN LIST","",,,,,"False",,
"https://mgm.ibos.io/inventory/transfer","tab:TRANSFER OUT LIST","button","button",,"TRANSFER IN/RECEIVED LIST","",,,,,"False",,
"https://mgm.ibos.io/inventory/transfer","tab:TRANSFER OUT LIST","input","text",,"","",,,,,"False",,
"https://mgm.ibos.io/inventory/transfer","tab:TRANSFER OUT LIST","input","hidden",,"","",,,,,"False",,
"https://mgm.ibos.io/inventory/transfer","tab:TRANSFER OUT LIST","input","text",,"","",,,,,"True",,
"https://mgm.ibos.io/inventory/transfer","tab:TRANSFER OUT LIST","input","text",,"","",,,,,"False",,
"https://mgm.ibos.io/inventory/transfer","tab:TRANSFER OUT LIST","input","hidden",,"","",,,,,"False",,
"https://mgm.ibos.io/inventory/transfer","tab:TRANSFER OUT LIST","input","text",,"","",,,,,"False",,
"https://mgm.ibos.io/inventory/transfer","tab:TRANSFER OUT LIST","input","hidden",,"","",,,,,"False",,
"https://mgm.ibos.io/inventory/transfer","tab:TRANSFER OUT LIST","input","text",,"","",,,,,"False",,
"https://mgm.ibos.io/inventory/transfer","tab:TRANSFER OUT LIST","input","date",,"","2026-08-13","Text",,,,"False",,
"https://mgm.ibos.io/inventory/transfer","tab:TRANSFER OUT LIST","input","date",,"","2026-09-13","Text",,,,"False",,
"https://mgm.ibos.io/inventory/transfer","tab:TRANSFER OUT LIST","button","submit",,"View","",,,,,"False",,
"https://mgm.ibos.io/inventory/transfer","tab:TRANSFER IN TRANSIT","input","text",,"","","Go to page...",,,,"False",,
"https://mgm.ibos.io/inventory/transfer","tab:TRANSFER IN TRANSIT","button","button",,"","",,,,,"False",,
"https://mgm.ibos.io/inventory/transfer","tab:TRANSFER IN TRANSIT","button","button",,"","",,,,,"False",,
"https://mgm.ibos.io/inventory/transfer","tab:TRANSFER IN TRANSIT","button","button",,"","",,,,,"False",,
"https://mgm.ibos.io/inventory/transfer","tab:TRANSFER IN TRANSIT","button","button",,"","",,,,,"False",,
"https://mgm.ibos.io/inventory/transfer","tab:TRANSFER IN TRANSIT","input",,,"","",,,,,"False",,
"https://mgm.ibos.io/inventory/transfer","tab:TRANSFER IN TRANSIT","input","hidden",,"","40513",,,,,"False",,
"https://mgm.ibos.io/inventory/transfer","tab:TRANSFER IN TRANSIT","input","text",,"","","Search....",,,,"False",,
"https://mgm.ibos.io/inventory/transfer","tab:TRANSFER IN TRANSIT","button","button",,"","",,,,,"False",,
"https://mgm.ibos.io/inventory/transfer","tab:TRANSFER IN TRANSIT","button",,,"Upload","",,,,,"False",,
"https://mgm.ibos.io/inventory/transfer","tab:TRANSFER IN TRANSIT","button",,,"Download","",,,,,"False",,
"https://mgm.ibos.io/inventory/transfer","tab:TRANSFER IN TRANSIT","button",,,"Direct Transfer Out","",,,,,"False",,
"https://mgm.ibos.io/inventory/transfer","tab:TRANSFER IN TRANSIT","button","button",,"APPROVED TRANS. REQUEST","",,,,,"False",,
"https://mgm.ibos.io/inventory/transfer","tab:TRANSFER IN TRANSIT","button","button",,"TRANSFER OUT LIST","",,,,,"False",,
"https://mgm.ibos.io/inventory/transfer","tab:TRANSFER IN TRANSIT","button","button",,"TRANSFER IN TRANSIT","",,,,,"False",,
"https://mgm.ibos.io/inventory/transfer","tab:TRANSFER IN TRANSIT","button","button",,"RETURN LIST","",,,,,"False",,
"https://mgm.ibos.io/inventory/transfer","tab:TRANSFER IN TRANSIT","button","button",,"TRANSFER IN/RECEIVED LIST","",,,,,"False",,
"https://mgm.ibos.io/inventory/transfer","tab:TRANSFER IN TRANSIT","input","text",,"","",,,,,"False",,
"https://mgm.ibos.io/inventory/transfer","tab:TRANSFER IN TRANSIT","input","hidden",,"","",,,,,"False",,
"https://mgm.ibos.io/inventory/transfer","tab:TRANSFER IN TRANSIT","input","text",,"","",,,,,"True",,
"https://mgm.ibos.io/inventory/transfer","tab:TRANSFER IN TRANSIT","input","text",,"","",,,,,"False",,
"https://mgm.ibos.io/inventory/transfer","tab:TRANSFER IN TRANSIT","input","hidden",,"","",,,,,"False",,
"https://mgm.ibos.io/inventory/transfer","tab:TRANSFER IN TRANSIT","input","text",,"","",,,,,"False",,
"https://mgm.ibos.io/inventory/transfer","tab:TRANSFER IN TRANSIT","input","hidden",,"","",,,,,"False",,
"https://mgm.ibos.io/inventory/transfer","tab:TRANSFER IN TRANSIT","input","text",,"","",,,,,"False",,
"https://mgm.ibos.io/inventory/transfer","tab:TRANSFER IN TRANSIT","input","date",,"","2026-08-13","Text",,,,"False",,
"https://mgm.ibos.io/inventory/transfer","tab:TRANSFER IN TRANSIT","input","date",,"","2026-09-13","Text",,,,"False",,
"https://mgm.ibos.io/inventory/transfer","tab:TRANSFER IN TRANSIT","button","submit",,"View","",,,,,"False",,
"https://mgm.ibos.io/inventory/transfer","tab:RETURN LIST","input","text",,"","","Go to page...",,,,"False",,
"https://mgm.ibos.io/inventory/transfer","tab:RETURN LIST","button","button",,"","",,,,,"False",,
"https://mgm.ibos.io/inventory/transfer","tab:RETURN LIST","button","button",,"","",,,,,"False",,
"https://mgm.ibos.io/inventory/transfer","tab:RETURN LIST","button","button",,"","",,,,,"False",,
"https://mgm.ibos.io/inventory/transfer","tab:RETURN LIST","button","button",,"","",,,,,"False",,
"https://mgm.ibos.io/inventory/transfer","tab:RETURN LIST","input",,,"","",,,,,"False",,
"https://mgm.ibos.io/inventory/transfer","tab:RETURN LIST","input","hidden",,"","40513",,,,,"False",,
"https://mgm.ibos.io/inventory/transfer","tab:RETURN LIST","button",,,"Upload","",,,,,"False",,
"https://mgm.ibos.io/inventory/transfer","tab:RETURN LIST","button",,,"Download","",,,,,"False",,
"https://mgm.ibos.io/inventory/transfer","tab:RETURN LIST","button",,,"Direct Transfer Out","",,,,,"False",,
"https://mgm.ibos.io/inventory/transfer","tab:RETURN LIST","button","button",,"APPROVED TRANS. REQUEST","",,,,,"False",,
"https://mgm.ibos.io/inventory/transfer","tab:RETURN LIST","button","button",,"TRANSFER OUT LIST","",,,,,"False",,
"https://mgm.ibos.io/inventory/transfer","tab:RETURN LIST","button","button",,"TRANSFER IN TRANSIT","",,,,,"False",,
"https://mgm.ibos.io/inventory/transfer","tab:RETURN LIST","button","button",,"RETURN LIST","",,,,,"False",,
"https://mgm.ibos.io/inventory/transfer","tab:RETURN LIST","button","button",,"TRANSFER IN/RECEIVED LIST","",,,,,"False",,
"https://mgm.ibos.io/inventory/transfer","tab:RETURN LIST","input","date",,"","2026-08-13","Text",,,,"False",,
"https://mgm.ibos.io/inventory/transfer","tab:RETURN LIST","input","date",,"","2026-09-13","Text",,,,"False",,
"https://mgm.ibos.io/inventory/transfer","tab:RETURN LIST","button","submit",,"View","",,,,,"False",,
"https://mgm.ibos.io/inventory/transfer","tab:TRANSFER IN/RECEIVED LIST","input","text",,"","","Go to page...",,,,"False",,
"https://mgm.ibos.io/inventory/transfer","tab:TRANSFER IN/RECEIVED LIST","button","button",,"","",,,,,"False",,
"https://mgm.ibos.io/inventory/transfer","tab:TRANSFER IN/RECEIVED LIST","button","button",,"","",,,,,"False",,
"https://mgm.ibos.io/inventory/transfer","tab:TRANSFER IN/RECEIVED LIST","button","button",,"","",,,,,"False",,
"https://mgm.ibos.io/inventory/transfer","tab:TRANSFER IN/RECEIVED LIST","button","button",,"","",,,,,"False",,
"https://mgm.ibos.io/inventory/transfer","tab:TRANSFER IN/RECEIVED LIST","input",,,"","",,,,,"False",,
"https://mgm.ibos.io/inventory/transfer","tab:TRANSFER IN/RECEIVED LIST","input","hidden",,"","40513",,,,,"False",,
"https://mgm.ibos.io/inventory/transfer","tab:TRANSFER IN/RECEIVED LIST","input","text",,"","","Search....",,,,"False",,
"https://mgm.ibos.io/inventory/transfer","tab:TRANSFER IN/RECEIVED LIST","button","button",,"","",,,,,"False",,
"https://mgm.ibos.io/inventory/transfer","tab:TRANSFER IN/RECEIVED LIST","button",,,"Upload","",,,,,"False",,
"https://mgm.ibos.io/inventory/transfer","tab:TRANSFER IN/RECEIVED LIST","button",,,"Download","",,,,,"False",,
"https://mgm.ibos.io/inventory/transfer","tab:TRANSFER IN/RECEIVED LIST","button",,,"Direct Transfer Out","",,,,,"False",,
"https://mgm.ibos.io/inventory/transfer","tab:TRANSFER IN/RECEIVED LIST","button","button",,"APPROVED TRANS. REQUEST","",,,,,"False",,
"https://mgm.ibos.io/inventory/transfer","tab:TRANSFER IN/RECEIVED LIST","button","button",,"TRANSFER OUT LIST","",,,,,"False",,
"https://mgm.ibos.io/inventory/transfer","tab:TRANSFER IN/RECEIVED LIST","button","button",,"TRANSFER IN TRANSIT","",,,,,"False",,
"https://mgm.ibos.io/inventory/transfer","tab:TRANSFER IN/RECEIVED LIST","button","button",,"RETURN LIST","",,,,,"False",,
"https://mgm.ibos.io/inventory/transfer","tab:TRANSFER IN/RECEIVED LIST","button","button",,"TRANSFER IN/RECEIVED LIST","",,,,,"False",,
"https://mgm.ibos.io/inventory/transfer","tab:TRANSFER IN/RECEIVED LIST","input","text",,"","",,,,,"False",,
"https://mgm.ibos.io/inventory/transfer","tab:TRANSFER IN/RECEIVED LIST","input","hidden",,"","",,,,,"False",,
"https://mgm.ibos.io/inventory/transfer","tab:TRANSFER IN/RECEIVED LIST","input","text",,"","",,,,,"False",,
"https://mgm.ibos.io/inventory/transfer","tab:TRANSFER IN/RECEIVED LIST","input","hidden",,"","",,,,,"False",,
"https://mgm.ibos.io/inventory/transfer","tab:TRANSFER IN/RECEIVED LIST","input","text",,"","",,,,,"False",,
"https://mgm.ibos.io/inventory/transfer","tab:TRANSFER IN/RECEIVED LIST","input","date",,"","2026-08-13","Text",,,,"False",,
"https://mgm.ibos.io/inventory/transfer","tab:TRANSFER IN/RECEIVED LIST","input","date",,"","2026-09-13","Text",,,,"False",,
"https://mgm.ibos.io/inventory/transfer","tab:TRANSFER IN/RECEIVED LIST","button","submit",,"View","",,,,,"False",,
"https://mgm.ibos.io/inventory/transfer","tab:TRANSFER IN/RECEIVED LIST","button",,,"","",,,,,"False",,
"https://mgm.ibos.io/inventory/transfer","tab:TRANSFER IN/RECEIVED LIST","button",,,"","",,,,,"False",,
"https://mgm.ibos.io/inventory/transfer","tab:TRANSFER IN/RECEIVED LIST","div",,,"50",,,,,,"False",,
"https://mgm.ibos.io/inventory/transfer","tab:TRANSFER IN/RECEIVED LIST","input",,,"","50",,,,,"False",,
"https://mgm.ibos.io/inventory/transfer","tab:TRANSFER IN/RECEIVED LIST","button","button",,"","",,,,,"True",,
"https://mgm.ibos.io/inventory/transfer","tab:TRANSFER IN/RECEIVED LIST","button","button",,"","",,,,,"True",,
"https://mgm.ibos.io/inventory/transferOutReceive","base","input","text",,"","","Go to page...",,,,"False","False","False"
"https://mgm.ibos.io/inventory/transferOutReceive","base","button","button",,"","",,,,,"False","False",
"https://mgm.ibos.io/inventory/transferOutReceive","base","button","button",,"","",,,,,"False","False",
"https://mgm.ibos.io/inventory/transferOutReceive","base","button","button",,"","",,,,,"False","False",
"https://mgm.ibos.io/inventory/transferOutReceive","base","button","button",,"","",,,,,"False","False",
"https://mgm.ibos.io/inventory/transferOutReceive","base","input",,"combobox","","",,,"react-select-mgm-input",,"False","False","False"
"https://mgm.ibos.io/inventory/transferOutReceive","base","input","hidden",,"","40513",,"branchList",,,"False","False","False"
"https://mgm.ibos.io/inventory/transferOutReceive","base","button","button",,"EXCEL","",,,,,"False","False",
"https://mgm.ibos.io/inventory/transferOutReceive","base","button","button",,"PRINT/PDF","",,,,,"False","False",
"https://mgm.ibos.io/inventory/transferOutReceive","base","input","text","combobox","","",,,"react-select-mgm-input",,"False","False","False"
"https://mgm.ibos.io/inventory/transferOutReceive","base","input","hidden",,"","",,"viewBy",,,"False","False","False"
"https://mgm.ibos.io/multi-level-approval","base","input","text",,"","","Go to page...",,,,"False","False","False"
"https://mgm.ibos.io/multi-level-approval","base","button","button",,"","",,,,,"False","False",
"https://mgm.ibos.io/multi-level-approval","base","button","button",,"","",,,,,"False","False",
"https://mgm.ibos.io/multi-level-approval","base","button","button",,"","",,,,,"False","False",
"https://mgm.ibos.io/multi-level-approval","base","button","button",,"","",,,,,"False","False",
"https://mgm.ibos.io/multi-level-approval","base","input",,"combobox","","",,,"react-select-mgm-input",,"False","False","False"
"https://mgm.ibos.io/multi-level-approval","base","input","hidden",,"","40513",,"branchList",,,"False","False","False"
"https://mgm.ibos.io/multi-level-approval","base","input","checkbox",,"","on",,,"isSuperApprover",,"False","False","False"
"https://mgm.ibos.io/postcrm/campaign","base","input","text",,"","","Go to page...",,,,"False","False","False"
"https://mgm.ibos.io/postcrm/campaign","base","button","button",,"","",,,,,"False","False",
"https://mgm.ibos.io/postcrm/campaign","base","button","button",,"","",,,,,"False","False",
"https://mgm.ibos.io/postcrm/campaign","base","button","button",,"","",,,,,"False","False",
"https://mgm.ibos.io/postcrm/campaign","base","button","button",,"","",,,,,"False","False",
"https://mgm.ibos.io/postcrm/campaign","base","input",,"combobox","","",,,"react-select-mgm-input",,"False","False","False"
"https://mgm.ibos.io/postcrm/campaign","base","input","hidden",,"","40513",,"branchList",,,"False","False","False"
"https://mgm.ibos.io/postcrm/campaign","base","button","button",,"Go to Dashboard","",,,,,"False","False",
"https://mgm.ibos.io/postcrm/campaign","base","button","button",,"Go Back","",,,,,"False","False",
"https://mgm.ibos.io/postcrm/complainManagement","base","input","text",,"","","Go to page...",,,,"False","False","False"
"https://mgm.ibos.io/postcrm/complainManagement","base","button","button",,"","",,,,,"False","False",
"https://mgm.ibos.io/postcrm/complainManagement","base","button","button",,"","",,,,,"False","False",
"https://mgm.ibos.io/postcrm/complainManagement","base","button","button",,"","",,,,,"False","False",
"https://mgm.ibos.io/postcrm/complainManagement","base","button","button",,"","",,,,,"False","False",
"https://mgm.ibos.io/postcrm/complainManagement","base","input",,"combobox","","",,,"react-select-mgm-input",,"False","False","False"
"https://mgm.ibos.io/postcrm/complainManagement","base","input","hidden",,"","40513",,"branchList",,,"False","False","False"
"https://mgm.ibos.io/postcrm/complainManagement","base","input","text",,"","","Search....",,,"search","False","False","False"
"https://mgm.ibos.io/postcrm/complainManagement","base","button","button",,"","",,,,"menu","False","False",
"https://mgm.ibos.io/postcrm/complainManagement","base","button","button",,"Create Complain","",,,,,"False","False",
"https://mgm.ibos.io/postcrm/complainManagement","base","input","text","combobox","","",,,"react-select-mgm-input",,"False","False","False"
"https://mgm.ibos.io/postcrm/complainManagement","base","input","hidden",,"","0",,"office",,,"False","False","False"
"https://mgm.ibos.io/postcrm/complainManagement","base","input","text","combobox","","",,,"react-select-mgm-input",,"False","False","False"
"https://mgm.ibos.io/postcrm/complainManagement","base","input","hidden",,"","",,"status",,,"False","False","False"
"https://mgm.ibos.io/postcrm/complainManagement","base","input","text","combobox","","",,,"react-select-mgm-input",,"False","False","False"
"https://mgm.ibos.io/postcrm/complainManagement","base","input","hidden",,"","",,"ticketType",,,"False","False","False"
"https://mgm.ibos.io/postcrm/complainManagement","base","input","text","combobox","","",,,"react-select-mgm-input",,"False","False","False"
"https://mgm.ibos.io/postcrm/complainManagement","base","input","date",,"","2026-08-13","From Date","fromDate",,,"False","False","False"
"https://mgm.ibos.io/postcrm/complainManagement","base","input","date",,"","2026-09-13","To Date","toDate",,,"False","False","False"
"https://mgm.ibos.io/postcrm/complainManagement","base","button","button",,"View","",,,,,"False","False",
"https://mgm.ibos.io/postcrm/configuration","base","input","text",,"","","Go to page...",,,,"False","False","False"
"https://mgm.ibos.io/postcrm/configuration","base","button","button",,"","",,,,,"False","False",
"https://mgm.ibos.io/postcrm/configuration","base","button","button",,"","",,,,,"False","False",
"https://mgm.ibos.io/postcrm/configuration","base","button","button",,"","",,,,,"False","False",
"https://mgm.ibos.io/postcrm/configuration","base","button","button",,"","",,,,,"False","False",
"https://mgm.ibos.io/postcrm/configuration","base","input",,"combobox","","",,,"react-select-mgm-input",,"False","False","False"
"https://mgm.ibos.io/postcrm/configuration","base","input","hidden",,"","40513",,"branchList",,,"False","False","False"
"https://mgm.ibos.io/postcrm/configuration","base","button","button","tab","STAGE","",,,"simple-tab-0",,"False","False",
"https://mgm.ibos.io/postcrm/configuration","base","button","button","tab","ACTIVITY","",,,"simple-tab-1",,"False","False",
"https://mgm.ibos.io/postcrm/configuration","base","button","button","tab","TEAM","",,,"simple-tab-2",,"False","False",
"https://mgm.ibos.io/postcrm/configuration","base","button","button","tab","PRODUCT & SERVICE","",,,"simple-tab-3",,"False","False",
"https://mgm.ibos.io/postcrm/configuration","tab:STAGE","input","text",,"","","Go to page...",,,,"False",,
"https://mgm.ibos.io/postcrm/configuration","tab:STAGE","button","button",,"","",,,,,"False",,
"https://mgm.ibos.io/postcrm/configuration","tab:STAGE","button","button",,"","",,,,,"False",,
"https://mgm.ibos.io/postcrm/configuration","tab:STAGE","button","button",,"","",,,,,"False",,
"https://mgm.ibos.io/postcrm/configuration","tab:STAGE","button","button",,"","",,,,,"False",,
"https://mgm.ibos.io/postcrm/configuration","tab:STAGE","input",,,"","",,,,,"False",,
"https://mgm.ibos.io/postcrm/configuration","tab:STAGE","input","hidden",,"","40513",,,,,"False",,
"https://mgm.ibos.io/postcrm/configuration","tab:STAGE","button","button",,"STAGE","",,,,,"False",,
"https://mgm.ibos.io/postcrm/configuration","tab:STAGE","button","button",,"ACTIVITY","",,,,,"False",,
"https://mgm.ibos.io/postcrm/configuration","tab:STAGE","button","button",,"TEAM","",,,,,"False",,
"https://mgm.ibos.io/postcrm/configuration","tab:STAGE","button","button",,"PRODUCT & SERVICE","",,,,,"False",,
"https://mgm.ibos.io/postcrm/configuration","tab:STAGE","button","submit",,"Save","",,,,,"False",,
"https://mgm.ibos.io/postcrm/configuration","tab:STAGE","input","text",,"","",,,,,"False",,
"https://mgm.ibos.io/postcrm/configuration","tab:STAGE","input","text",,"","",,,,,"False",,
"https://mgm.ibos.io/postcrm/configuration","tab:STAGE","input","checkbox",,"","on",,,,,"False",,
"https://mgm.ibos.io/postcrm/configuration","tab:STAGE","button","button",,"Add","",,,,,"False",,
"https://mgm.ibos.io/postcrm/configuration","tab:ACTIVITY","input","text",,"","","Go to page...",,,,"False",,
"https://mgm.ibos.io/postcrm/configuration","tab:ACTIVITY","button","button",,"","",,,,,"False",,
"https://mgm.ibos.io/postcrm/configuration","tab:ACTIVITY","button","button",,"","",,,,,"False",,
"https://mgm.ibos.io/postcrm/configuration","tab:ACTIVITY","button","button",,"","",,,,,"False",,
"https://mgm.ibos.io/postcrm/configuration","tab:ACTIVITY","button","button",,"","",,,,,"False",,
"https://mgm.ibos.io/postcrm/configuration","tab:ACTIVITY","input",,,"","",,,,,"False",,
"https://mgm.ibos.io/postcrm/configuration","tab:ACTIVITY","input","hidden",,"","40513",,,,,"False",,
"https://mgm.ibos.io/postcrm/configuration","tab:ACTIVITY","button","button",,"STAGE","",,,,,"False",,
"https://mgm.ibos.io/postcrm/configuration","tab:ACTIVITY","button","button",,"ACTIVITY","",,,,,"False",,
"https://mgm.ibos.io/postcrm/configuration","tab:ACTIVITY","button","button",,"TEAM","",,,,,"False",,
"https://mgm.ibos.io/postcrm/configuration","tab:ACTIVITY","button","button",,"PRODUCT & SERVICE","",,,,,"False",,
"https://mgm.ibos.io/postcrm/configuration","tab:ACTIVITY","button","submit",,"Save","",,,,,"False",,
"https://mgm.ibos.io/postcrm/configuration","tab:ACTIVITY","input","text",,"","",,,,,"False",,
"https://mgm.ibos.io/postcrm/configuration","tab:ACTIVITY","input","checkbox",,"","on",,,,,"False",,
"https://mgm.ibos.io/postcrm/configuration","tab:ACTIVITY","button","button",,"Add","",,,,,"False",,
"https://mgm.ibos.io/postcrm/configuration","tab:TEAM","input","text",,"","","Go to page...",,,,"False",,
"https://mgm.ibos.io/postcrm/configuration","tab:TEAM","button","button",,"","",,,,,"False",,
"https://mgm.ibos.io/postcrm/configuration","tab:TEAM","button","button",,"","",,,,,"False",,
"https://mgm.ibos.io/postcrm/configuration","tab:TEAM","button","button",,"","",,,,,"False",,
"https://mgm.ibos.io/postcrm/configuration","tab:TEAM","button","button",,"","",,,,,"False",,
"https://mgm.ibos.io/postcrm/configuration","tab:TEAM","input",,,"","",,,,,"False",,
"https://mgm.ibos.io/postcrm/configuration","tab:TEAM","input","hidden",,"","40513",,,,,"False",,
"https://mgm.ibos.io/postcrm/configuration","tab:TEAM","button","button",,"STAGE","",,,,,"False",,
"https://mgm.ibos.io/postcrm/configuration","tab:TEAM","button","button",,"ACTIVITY","",,,,,"False",,
"https://mgm.ibos.io/postcrm/configuration","tab:TEAM","button","button",,"TEAM","",,,,,"False",,
"https://mgm.ibos.io/postcrm/configuration","tab:TEAM","button","button",,"PRODUCT & SERVICE","",,,,,"False",,
"https://mgm.ibos.io/postcrm/configuration","tab:TEAM","button","submit",,"Save","",,,,,"False",,
"https://mgm.ibos.io/postcrm/configuration","tab:TEAM","input","text",,"","",,,,,"False",,
"https://mgm.ibos.io/postcrm/configuration","tab:TEAM","input","hidden",,"","",,,,,"False",,
"https://mgm.ibos.io/postcrm/configuration","tab:TEAM","input","text",,"","",,,,,"False",,
"https://mgm.ibos.io/postcrm/configuration","tab:TEAM","input","checkbox",,"","on",,,,,"False",,
"https://mgm.ibos.io/postcrm/configuration","tab:TEAM","button","button",,"Add","",,,,,"False",,
"https://mgm.ibos.io/postcrm/configuration","tab:PRODUCT & SERVICE","input","text",,"","","Go to page...",,,,"False",,
"https://mgm.ibos.io/postcrm/configuration","tab:PRODUCT & SERVICE","button","button",,"","",,,,,"False",,
"https://mgm.ibos.io/postcrm/configuration","tab:PRODUCT & SERVICE","button","button",,"","",,,,,"False",,
"https://mgm.ibos.io/postcrm/configuration","tab:PRODUCT & SERVICE","button","button",,"","",,,,,"False",,
"https://mgm.ibos.io/postcrm/configuration","tab:PRODUCT & SERVICE","button","button",,"","",,,,,"False",,
"https://mgm.ibos.io/postcrm/configuration","tab:PRODUCT & SERVICE","input",,,"","",,,,,"False",,
"https://mgm.ibos.io/postcrm/configuration","tab:PRODUCT & SERVICE","input","hidden",,"","40513",,,,,"False",,
"https://mgm.ibos.io/postcrm/configuration","tab:PRODUCT & SERVICE","button","button",,"STAGE","",,,,,"False",,
"https://mgm.ibos.io/postcrm/configuration","tab:PRODUCT & SERVICE","button","button",,"ACTIVITY","",,,,,"False",,
"https://mgm.ibos.io/postcrm/configuration","tab:PRODUCT & SERVICE","button","button",,"TEAM","",,,,,"False",,
"https://mgm.ibos.io/postcrm/configuration","tab:PRODUCT & SERVICE","button","button",,"PRODUCT & SERVICE","",,,,,"False",,
"https://mgm.ibos.io/postcrm/configuration","tab:PRODUCT & SERVICE","button","button",,"Add","",,,,,"False",,
"https://mgm.ibos.io/postcrm/crmReport","base","input","text",,"","","Go to page...",,,,"False","False","False"
"https://mgm.ibos.io/postcrm/crmReport","base","button","button",,"","",,,,,"False","False",
"https://mgm.ibos.io/postcrm/crmReport","base","button","button",,"","",,,,,"False","False",
"https://mgm.ibos.io/postcrm/crmReport","base","button","button",,"","",,,,,"False","False",
"https://mgm.ibos.io/postcrm/crmReport","base","button","button",,"","",,,,,"False","False",
"https://mgm.ibos.io/postcrm/crmReport","base","input",,"combobox","","",,,"react-select-mgm-input",,"False","False","False"
"https://mgm.ibos.io/postcrm/crmReport","base","input","hidden",,"","40513",,"branchList",,,"False","False","False"
"https://mgm.ibos.io/postcrm/crmReport","base","button","button",,"Go to Dashboard","",,,,,"False","False",
"https://mgm.ibos.io/postcrm/crmReport","base","button","button",,"Go Back","",,,,,"False","False",
"https://mgm.ibos.io/postcrm/crmReports","base","input","text",,"","","Go to page...",,,,"False","False","False"
"https://mgm.ibos.io/postcrm/crmReports","base","button","button",,"","",,,,,"False","False",
"https://mgm.ibos.io/postcrm/crmReports","base","button","button",,"","",,,,,"False","False",
"https://mgm.ibos.io/postcrm/crmReports","base","button","button",,"","",,,,,"False","False",
"https://mgm.ibos.io/postcrm/crmReports","base","button","button",,"","",,,,,"False","False",
"https://mgm.ibos.io/postcrm/crmReports","base","input",,"combobox","","",,,"react-select-mgm-input",,"False","False","False"
"https://mgm.ibos.io/postcrm/crmReports","base","input","hidden",,"","40513",,"branchList",,,"False","False","False"
"https://mgm.ibos.io/postcrm/crmReports","base","input","text","combobox","","",,,"react-select-mgm-input",,"False","False","False"
"https://mgm.ibos.io/postcrm/crmReports","base","input","text","combobox","","",,,"react-select-mgm-input",,"False","False","False"
"https://mgm.ibos.io/postcrm/crmReports","base","input","hidden",,"","",,"technician",,,"False","False","False"
"https://mgm.ibos.io/postcrm/crmReports","base","input","text","combobox","","",,,"react-select-mgm-input",,"False","False","False"
"https://mgm.ibos.io/postcrm/crmReports","base","input","hidden",,"","",,"serviceDateType",,,"False","False","False"
"https://mgm.ibos.io/postcrm/crmReports","base","button","button",,"View","",,,,,"False","False",
"https://mgm.ibos.io/postcrm/crmReports","base","button","button",,"EXCEL","",,,,,"True","False",
"https://mgm.ibos.io/postcrm/emailConfig","base","input","text",,"","","Go to page...",,,,"False","False","False"
"https://mgm.ibos.io/postcrm/emailConfig","base","button","button",,"","",,,,,"False","False",
"https://mgm.ibos.io/postcrm/emailConfig","base","button","button",,"","",,,,,"False","False",
"https://mgm.ibos.io/postcrm/emailConfig","base","button","button",,"","",,,,,"False","False",
"https://mgm.ibos.io/postcrm/emailConfig","base","button","button",,"","",,,,,"False","False",
"https://mgm.ibos.io/postcrm/emailConfig","base","input",,"combobox","","",,,"react-select-mgm-input",,"False","False","False"
"https://mgm.ibos.io/postcrm/emailConfig","base","input","hidden",,"","40513",,"branchList",,,"False","False","False"
"https://mgm.ibos.io/postcrm/emailConfig","base","button","button",,"Go to Dashboard","",,,,,"False","False",
"https://mgm.ibos.io/postcrm/emailConfig","base","button","button",,"Go Back","",,,,,"False","False",
"https://mgm.ibos.io/postcrm/preSuspect","base","input","text",,"","","Go to page...",,,,"False","False","False"
"https://mgm.ibos.io/postcrm/preSuspect","base","button","button",,"","",,,,,"False","False",
"https://mgm.ibos.io/postcrm/preSuspect","base","button","button",,"","",,,,,"False","False",
"https://mgm.ibos.io/postcrm/preSuspect","base","button","button",,"","",,,,,"False","False",
"https://mgm.ibos.io/postcrm/preSuspect","base","button","button",,"","",,,,,"False","False",
"https://mgm.ibos.io/postcrm/preSuspect","base","input",,"combobox","","",,,"react-select-mgm-input",,"False","False","False"
"https://mgm.ibos.io/postcrm/preSuspect","base","input","hidden",,"","40513",,"branchList",,,"False","False","False"
"https://mgm.ibos.io/postcrm/preSuspect","base","button","button",,"Go to Dashboard","",,,,,"False","False",
"https://mgm.ibos.io/postcrm/preSuspect","base","button","button",,"Go Back","",,,,,"False","False",
"https://mgm.ibos.io/postcrm/rejectLeadQC","base","input","text",,"","","Go to page...",,,,"False","False","False"
"https://mgm.ibos.io/postcrm/rejectLeadQC","base","button","button",,"","",,,,,"False","False",
"https://mgm.ibos.io/postcrm/rejectLeadQC","base","button","button",,"","",,,,,"False","False",
"https://mgm.ibos.io/postcrm/rejectLeadQC","base","button","button",,"","",,,,,"False","False",
"https://mgm.ibos.io/postcrm/rejectLeadQC","base","button","button",,"","",,,,,"False","False",
"https://mgm.ibos.io/postcrm/rejectLeadQC","base","input",,"combobox","","",,,"react-select-mgm-input",,"False","False","False"
"https://mgm.ibos.io/postcrm/rejectLeadQC","base","input","hidden",,"","40513",,"branchList",,,"False","False","False"
"https://mgm.ibos.io/postcrm/rejectLeadQC","base","button","button",,"Go to Dashboard","",,,,,"False","False",
"https://mgm.ibos.io/postcrm/rejectLeadQC","base","button","button",,"Go Back","",,,,,"False","False",
"https://mgm.ibos.io/postcrm/salesTarget","base","input","text",,"","","Go to page...",,,,"False","False","False"
"https://mgm.ibos.io/postcrm/salesTarget","base","button","button",,"","",,,,,"False","False",
"https://mgm.ibos.io/postcrm/salesTarget","base","button","button",,"","",,,,,"False","False",
"https://mgm.ibos.io/postcrm/salesTarget","base","button","button",,"","",,,,,"False","False",
"https://mgm.ibos.io/postcrm/salesTarget","base","button","button",,"","",,,,,"False","False",
"https://mgm.ibos.io/postcrm/salesTarget","base","input",,"combobox","","",,,"react-select-mgm-input",,"False","False","False"
"https://mgm.ibos.io/postcrm/salesTarget","base","input","hidden",,"","40513",,"branchList",,,"False","False","False"
"https://mgm.ibos.io/postcrm/salesTarget","base","button","button",,"Go to Dashboard","",,,,,"False","False",
"https://mgm.ibos.io/postcrm/salesTarget","base","button","button",,"Go Back","",,,,,"False","False",
"https://mgm.ibos.io/postcrm/salesTargetEmployeeWise","base","input","text",,"","","Go to page...",,,,"False","False","False"
"https://mgm.ibos.io/postcrm/salesTargetEmployeeWise","base","button","button",,"","",,,,,"False","False",
"https://mgm.ibos.io/postcrm/salesTargetEmployeeWise","base","button","button",,"","",,,,,"False","False",
"https://mgm.ibos.io/postcrm/salesTargetEmployeeWise","base","button","button",,"","",,,,,"False","False",
"https://mgm.ibos.io/postcrm/salesTargetEmployeeWise","base","button","button",,"","",,,,,"False","False",
"https://mgm.ibos.io/postcrm/salesTargetEmployeeWise","base","input",,"combobox","","",,,"react-select-mgm-input",,"False","False","False"
"https://mgm.ibos.io/postcrm/salesTargetEmployeeWise","base","input","hidden",,"","40513",,"branchList",,,"False","False","False"
"https://mgm.ibos.io/postcrm/salesTargetEmployeeWise","base","button","button",,"Go to Dashboard","",,,,,"False","False",
"https://mgm.ibos.io/postcrm/salesTargetEmployeeWise","base","button","button",,"Go Back","",,,,,"False","False",
"https://mgm.ibos.io/postcrm/serviceAgreement","base","input","text",,"","","Go to page...",,,,"False","False","False"
"https://mgm.ibos.io/postcrm/serviceAgreement","base","button","button",,"","",,,,,"False","False",
"https://mgm.ibos.io/postcrm/serviceAgreement","base","button","button",,"","",,,,,"False","False",
"https://mgm.ibos.io/postcrm/serviceAgreement","base","button","button",,"","",,,,,"False","False",
"https://mgm.ibos.io/postcrm/serviceAgreement","base","button","button",,"","",,,,,"False","False",
"https://mgm.ibos.io/postcrm/serviceAgreement","base","input",,"combobox","","",,,"react-select-mgm-input",,"False","False","False"
"https://mgm.ibos.io/postcrm/serviceAgreement","base","input","hidden",,"","40513",,"branchList",,,"False","False","False"
"https://mgm.ibos.io/postcrm/serviceAgreement","base","input","text",,"","","Search....",,,"search","False","False","False"
"https://mgm.ibos.io/postcrm/serviceAgreement","base","button","button",,"","",,,,"menu","False","False",
"https://mgm.ibos.io/postcrm/serviceAgreement","base","button","button",,"CREATE SERVICE AGREEMENT","",,,,,"False","False",
"https://mgm.ibos.io/postcrm/serviceAgreement","base","button","button","tab","SERVICE AGREEMENT","",,,"simple-tab-0",,"False","False",
"https://mgm.ibos.io/postcrm/serviceAgreement","base","button","button","tab","SERVICE DUE","",,,"simple-tab-1",,"False","False",
"https://mgm.ibos.io/postcrm/serviceAgreement","tab:SERVICE AGREEMENT","input","text",,"","","Go to page...",,,,"False",,
"https://mgm.ibos.io/postcrm/serviceAgreement","tab:SERVICE AGREEMENT","button","button",,"","",,,,,"False",,
"https://mgm.ibos.io/postcrm/serviceAgreement","tab:SERVICE AGREEMENT","button","button",,"","",,,,,"False",,
"https://mgm.ibos.io/postcrm/serviceAgreement","tab:SERVICE AGREEMENT","button","button",,"","",,,,,"False",,
"https://mgm.ibos.io/postcrm/serviceAgreement","tab:SERVICE AGREEMENT","button","button",,"","",,,,,"False",,
"https://mgm.ibos.io/postcrm/serviceAgreement","tab:SERVICE AGREEMENT","input",,,"","",,,,,"False",,
"https://mgm.ibos.io/postcrm/serviceAgreement","tab:SERVICE AGREEMENT","input","hidden",,"","40513",,,,,"False",,
"https://mgm.ibos.io/postcrm/serviceAgreement","tab:SERVICE AGREEMENT","input","text",,"","","Search....",,,,"False",,
"https://mgm.ibos.io/postcrm/serviceAgreement","tab:SERVICE AGREEMENT","button","button",,"","",,,,,"False",,
"https://mgm.ibos.io/postcrm/serviceAgreement","tab:SERVICE AGREEMENT","button","button",,"CREATE SERVICE AGREEMENT","",,,,,"False",,
"https://mgm.ibos.io/postcrm/serviceAgreement","tab:SERVICE AGREEMENT","button","button",,"SERVICE AGREEMENT","",,,,,"False",,
"https://mgm.ibos.io/postcrm/serviceAgreement","tab:SERVICE AGREEMENT","button","button",,"SERVICE DUE","",,,,,"False",,
"https://mgm.ibos.io/postcrm/serviceAgreement","tab:SERVICE AGREEMENT","button",,,"","",,,,,"False",,
"https://mgm.ibos.io/postcrm/serviceAgreement","tab:SERVICE AGREEMENT","button",,,"","",,,,,"False",,
"https://mgm.ibos.io/postcrm/serviceAgreement","tab:SERVICE AGREEMENT","button","button",,"","",,,,,"False",,
"https://mgm.ibos.io/postcrm/serviceAgreement","tab:SERVICE AGREEMENT","button",,,"","",,,,,"False",,
"https://mgm.ibos.io/postcrm/serviceAgreement","tab:SERVICE AGREEMENT","div",,,"50",,,,,,"False",,
"https://mgm.ibos.io/postcrm/serviceAgreement","tab:SERVICE AGREEMENT","input",,,"","50",,,,,"False",,
"https://mgm.ibos.io/postcrm/serviceAgreement","tab:SERVICE AGREEMENT","button","button",,"","",,,,,"True",,
"https://mgm.ibos.io/postcrm/serviceAgreement","tab:SERVICE AGREEMENT","button","button",,"","",,,,,"True",,
"https://mgm.ibos.io/postcrm/serviceAgreement","tab:SERVICE DUE","input","text",,"","","Go to page...",,,,"False",,
"https://mgm.ibos.io/postcrm/serviceAgreement","tab:SERVICE DUE","button","button",,"","",,,,,"False",,
"https://mgm.ibos.io/postcrm/serviceAgreement","tab:SERVICE DUE","button","button",,"","",,,,,"False",,
"https://mgm.ibos.io/postcrm/serviceAgreement","tab:SERVICE DUE","button","button",,"","",,,,,"False",,
"https://mgm.ibos.io/postcrm/serviceAgreement","tab:SERVICE DUE","button","button",,"","",,,,,"False",,
"https://mgm.ibos.io/postcrm/serviceAgreement","tab:SERVICE DUE","input",,,"","",,,,,"False",,
"https://mgm.ibos.io/postcrm/serviceAgreement","tab:SERVICE DUE","input","hidden",,"","40513",,,,,"False",,
"https://mgm.ibos.io/postcrm/serviceAgreement","tab:SERVICE DUE","input","text",,"","","Search....",,,,"False",,
"https://mgm.ibos.io/postcrm/serviceAgreement","tab:SERVICE DUE","button","button",,"","",,,,,"False",,
"https://mgm.ibos.io/postcrm/serviceAgreement","tab:SERVICE DUE","button","button",,"CREATE SERVICE AGREEMENT","",,,,,"False",,
"https://mgm.ibos.io/postcrm/serviceAgreement","tab:SERVICE DUE","button","button",,"SERVICE AGREEMENT","",,,,,"False",,
"https://mgm.ibos.io/postcrm/serviceAgreement","tab:SERVICE DUE","button","button",,"SERVICE DUE","",,,,,"False",,
"https://mgm.ibos.io/postcrm/stageTarget","base","input","text",,"","","Go to page...",,,,"False","False","False"
"https://mgm.ibos.io/postcrm/stageTarget","base","button","button",,"","",,,,,"False","False",
"https://mgm.ibos.io/postcrm/stageTarget","base","button","button",,"","",,,,,"False","False",
"https://mgm.ibos.io/postcrm/stageTarget","base","button","button",,"","",,,,,"False","False",
"https://mgm.ibos.io/postcrm/stageTarget","base","button","button",,"","",,,,,"False","False",
"https://mgm.ibos.io/postcrm/stageTarget","base","input",,"combobox","","",,,"react-select-mgm-input",,"False","False","False"
"https://mgm.ibos.io/postcrm/stageTarget","base","input","hidden",,"","40513",,"branchList",,,"False","False","False"
"https://mgm.ibos.io/postcrm/stageTarget","base","button","button",,"Go to Dashboard","",,,,,"False","False",
"https://mgm.ibos.io/postcrm/stageTarget","base","button","button",,"Go Back","",,,,,"False","False",
"https://mgm.ibos.io/postcrm/warrantyManagement","base","input","text",,"","","Go to page...",,,,"False","False","False"
"https://mgm.ibos.io/postcrm/warrantyManagement","base","button","button",,"","",,,,,"False","False",
"https://mgm.ibos.io/postcrm/warrantyManagement","base","button","button",,"","",,,,,"False","False",
"https://mgm.ibos.io/postcrm/warrantyManagement","base","button","button",,"","",,,,,"False","False",
"https://mgm.ibos.io/postcrm/warrantyManagement","base","button","button",,"","",,,,,"False","False",
"https://mgm.ibos.io/postcrm/warrantyManagement","base","input",,"combobox","","",,,"react-select-mgm-input",,"False","False","False"
"https://mgm.ibos.io/postcrm/warrantyManagement","base","input","hidden",,"","40513",,"branchList",,,"False","False","False"
"https://mgm.ibos.io/postcrm/warrantyManagement","base","input","text",,"","","Search....",,,"search","False","False","False"
"https://mgm.ibos.io/postcrm/warrantyManagement","base","button","button",,"","",,,,"menu","False","False",
"https://mgm.ibos.io/postcrm/warrantyManagement","base","button","button",,"Create","",,,,,"False","False",
"https://mgm.ibos.io/postcrm/warrantyManagement","base","input","text","combobox","","",,,"react-select-mgm-input",,"False","False","False"
"https://mgm.ibos.io/postcrm/warrantyManagement","base","input","hidden",,"","",,"status",,,"False","False","False"
"https://mgm.ibos.io/postcrm/warrantyManagement","base","input","text","combobox","","",,,"react-select-mgm-input",,"False","False","False"
"https://mgm.ibos.io/postcrm/warrantyManagement","base","input","hidden",,"","",,"customer",,,"False","False","False"
"https://mgm.ibos.io/postcrm/warrantyManagement","base","button","button",,"View","",,,,,"False","False",
"https://mgm.ibos.io/production/billOfMaterial","base","input","text",,"","","Go to page...",,,,"False","False","False"
"https://mgm.ibos.io/production/billOfMaterial","base","button","button",,"","",,,,,"False","False",
"https://mgm.ibos.io/production/billOfMaterial","base","button","button",,"","",,,,,"False","False",
"https://mgm.ibos.io/production/billOfMaterial","base","button","button",,"","",,,,,"False","False",
"https://mgm.ibos.io/production/billOfMaterial","base","button","button",,"","",,,,,"False","False",
"https://mgm.ibos.io/production/billOfMaterial","base","input",,"combobox","","",,,"react-select-mgm-input",,"False","False","False"
"https://mgm.ibos.io/production/billOfMaterial","base","input","hidden",,"","40513",,"branchList",,,"False","False","False"
"https://mgm.ibos.io/production/billOfMaterial","base","input","text",,"","","Search....",,,"search","False","False","False"
"https://mgm.ibos.io/production/billOfMaterial","base","button","button",,"","",,,,"menu","False","False",
"https://mgm.ibos.io/production/billOfMaterial","base","button","button",,"Copy Bill Of Material","",,,,,"True","False",
"https://mgm.ibos.io/production/billOfMaterial","base","button","button",,"Bill Of Material","",,,,,"False","False",
"https://mgm.ibos.io/production/billOfMaterial","base","input","text","combobox","","",,,"react-select-mgm-input",,"False","False","False"
"https://mgm.ibos.io/production/billOfMaterial","base","input","hidden",,"","",,"department",,,"False","False","False"
"https://mgm.ibos.io/production/billOfMaterial","base","input","text","combobox","","",,,"react-select-mgm-input",,"False","False","False"
"https://mgm.ibos.io/production/billOfMaterial","base","input","hidden",,"","",,"section",,,"False","False","False"
"https://mgm.ibos.io/production/billOfMaterial","base","input","text","combobox","","",,,"react-select-mgm-input",,"False","False","False"
"https://mgm.ibos.io/production/billOfMaterial","base","input","hidden",,"","1",,"status",,,"False","False","False"
"https://mgm.ibos.io/production/billOfMaterial","base","input","checkbox",,"","on",,"isDetails",,,"False","False","False"
"https://mgm.ibos.io/production/billOfMaterial","base","button","button",,"View","",,,,,"False","False",
"https://mgm.ibos.io/production/billOfMaterial","base","button","button",,"Excel","",,,,,"False","False",
"https://mgm.ibos.io/production/billOfMaterial","base","button","button",,"PDF","",,,,,"False","False",
"https://mgm.ibos.io/production/billOfMaterial","base","input","checkbox",,"","on",,"isCheck",,,"False","False","False"
"https://mgm.ibos.io/production/billOfMaterial","base","input","checkbox",,"","on",,,,"controlled","False","False","True"
"https://mgm.ibos.io/production/billOfMaterial","base","button","button",,"","",,,,,"False","False",
"https://mgm.ibos.io/production/billOfMaterial","base","input","checkbox",,"","on",,"isCheck",,,"False","False","False"
"https://mgm.ibos.io/production/billOfMaterial","base","input","checkbox",,"","on",,,,"controlled","False","False","True"
"https://mgm.ibos.io/production/billOfMaterial","base","button","button",,"","",,,,,"False","False",
"https://mgm.ibos.io/production/billOfMaterial","base","input","checkbox",,"","on",,"isCheck",,,"False","False","False"
"https://mgm.ibos.io/production/billOfMaterial","base","input","checkbox",,"","on",,,,"controlled","False","False","True"
"https://mgm.ibos.io/production/billOfMaterial","base","button","button",,"","",,,,,"False","False",
"https://mgm.ibos.io/production/billOfMaterial","base","div",,"combobox","50",,,,"_r_h_",,"False","False",
"https://mgm.ibos.io/production/billOfMaterial","base","input",,,"","50",,,,,"False","False","False"
"https://mgm.ibos.io/production/billOfMaterial","base","button","button",,"","",,,,"Go to previous page","True","False",
"https://mgm.ibos.io/production/billOfMaterial","base","button","button",,"","",,,,"Go to next page","True","False",
"https://mgm.ibos.io/production/productionDashboard","base","input","text",,"","","Go to page...",,,,"False","False","False"
"https://mgm.ibos.io/production/productionDashboard","base","button","button",,"","",,,,,"False","False",
"https://mgm.ibos.io/production/productionDashboard","base","button","button",,"","",,,,,"False","False",
"https://mgm.ibos.io/production/productionDashboard","base","button","button",,"","",,,,,"False","False",
"https://mgm.ibos.io/production/productionDashboard","base","button","button",,"","",,,,,"False","False",
"https://mgm.ibos.io/production/productionDashboard","base","input",,"combobox","","",,,"react-select-mgm-input",,"False","False","False"
"https://mgm.ibos.io/production/productionDashboard","base","input","hidden",,"","40513",,"branchList",,,"False","False","False"
"https://mgm.ibos.io/production/productionEntry","base","input","text",,"","","Go to page...",,,,"False","False","False"
"https://mgm.ibos.io/production/productionEntry","base","button","button",,"","",,,,,"False","False",
"https://mgm.ibos.io/production/productionEntry","base","button","button",,"","",,,,,"False","False",
"https://mgm.ibos.io/production/productionEntry","base","button","button",,"","",,,,,"False","False",
"https://mgm.ibos.io/production/productionEntry","base","button","button",,"","",,,,,"False","False",
"https://mgm.ibos.io/production/productionEntry","base","input",,"combobox","","",,,"react-select-mgm-input",,"False","False","False"
"https://mgm.ibos.io/production/productionEntry","base","input","hidden",,"","40513",,"branchList",,,"False","False","False"
"https://mgm.ibos.io/production/productionEntry","base","input","text",,"","","Search....",,,"search","False","False","False"
"https://mgm.ibos.io/production/productionEntry","base","button","button",,"","",,,,"menu","False","False",
"https://mgm.ibos.io/production/productionEntry","base","button","button","tab","APPROVE PRODUCTION ORDER","",,,"simple-tab-0",,"False","False",
"https://mgm.ibos.io/production/productionEntry","base","button","button","tab","PRODUCTION ENTRY LIST","",,,"simple-tab-1",,"False","False",
"https://mgm.ibos.io/production/productionEntry","base","button","button",,"","",,,,,"False","False",
"https://mgm.ibos.io/production/productionEntry","base","button","button",,"","",,,,,"False","False",
"https://mgm.ibos.io/production/productionEntry","base","button","button",,"","",,,,,"False","False",
"https://mgm.ibos.io/production/productionEntry","base","button","button",,"","",,,,,"False","False",
"https://mgm.ibos.io/production/productionEntry","base","button","button",,"","",,,,,"False","False",
"https://mgm.ibos.io/production/productionEntry","base","button","button",,"","",,,,,"False","False",
"https://mgm.ibos.io/production/productionEntry","base","button","button",,"","",,,,,"False","False",
"https://mgm.ibos.io/production/productionEntry","base","button","button",,"","",,,,,"False","False",
"https://mgm.ibos.io/production/productionEntry","base","button","button",,"","",,,,,"False","False",
"https://mgm.ibos.io/production/productionEntry","base","button","button",,"","",,,,,"False","False",
"https://mgm.ibos.io/production/productionEntry","base","button","button",,"","",,,,,"False","False",
"https://mgm.ibos.io/production/productionEntry","base","button","button",,"","",,,,,"False","False",
"https://mgm.ibos.io/production/productionEntry","base","div",,"combobox","50",,,,"_r_m_",,"False","False",
"https://mgm.ibos.io/production/productionEntry","base","input",,,"","50",,,,,"False","False","False"
"https://mgm.ibos.io/production/productionEntry","base","button","button",,"","",,,,"Go to previous page","True","False",
"https://mgm.ibos.io/production/productionEntry","base","button","button",,"","",,,,"Go to next page","True","False",
"https://mgm.ibos.io/production/productionEntry","tab:APPROVE PRODUCTION ORDER","input","text",,"","","Go to page...",,,,"False",,
"https://mgm.ibos.io/production/productionEntry","tab:APPROVE PRODUCTION ORDER","button","button",,"","",,,,,"False",,
"https://mgm.ibos.io/production/productionEntry","tab:APPROVE PRODUCTION ORDER","button","button",,"","",,,,,"False",,
"https://mgm.ibos.io/production/productionEntry","tab:APPROVE PRODUCTION ORDER","button","button",,"","",,,,,"False",,
"https://mgm.ibos.io/production/productionEntry","tab:APPROVE PRODUCTION ORDER","button","button",,"","",,,,,"False",,
"https://mgm.ibos.io/production/productionEntry","tab:APPROVE PRODUCTION ORDER","input",,,"","",,,,,"False",,
"https://mgm.ibos.io/production/productionEntry","tab:APPROVE PRODUCTION ORDER","input","hidden",,"","40513",,,,,"False",,
"https://mgm.ibos.io/production/productionEntry","tab:APPROVE PRODUCTION ORDER","input","text",,"","","Search....",,,,"False",,
"https://mgm.ibos.io/production/productionEntry","tab:APPROVE PRODUCTION ORDER","button","button",,"","",,,,,"False",,
"https://mgm.ibos.io/production/productionEntry","tab:APPROVE PRODUCTION ORDER","button","button",,"APPROVE PRODUCTION ORDER","",,,,,"False",,
"https://mgm.ibos.io/production/productionEntry","tab:APPROVE PRODUCTION ORDER","button","button",,"PRODUCTION ENTRY LIST","",,,,,"False",,
"https://mgm.ibos.io/production/productionEntry","tab:PRODUCTION ENTRY LIST","input","text",,"","","Go to page...",,,,"False",,
"https://mgm.ibos.io/production/productionEntry","tab:PRODUCTION ENTRY LIST","button","button",,"","",,,,,"False",,
"https://mgm.ibos.io/production/productionEntry","tab:PRODUCTION ENTRY LIST","button","button",,"","",,,,,"False",,
"https://mgm.ibos.io/production/productionEntry","tab:PRODUCTION ENTRY LIST","button","button",,"","",,,,,"False",,
"https://mgm.ibos.io/production/productionEntry","tab:PRODUCTION ENTRY LIST","button","button",,"","",,,,,"False",,
"https://mgm.ibos.io/production/productionEntry","tab:PRODUCTION ENTRY LIST","input",,,"","",,,,,"False",,
"https://mgm.ibos.io/production/productionEntry","tab:PRODUCTION ENTRY LIST","input","hidden",,"","40513",,,,,"False",,
"https://mgm.ibos.io/production/productionEntry","tab:PRODUCTION ENTRY LIST","input","text",,"","","Search....",,,,"False",,
"https://mgm.ibos.io/production/productionEntry","tab:PRODUCTION ENTRY LIST","button","button",,"","",,,,,"False",,
"https://mgm.ibos.io/production/productionEntry","tab:PRODUCTION ENTRY LIST","button","button",,"APPROVE PRODUCTION ORDER","",,,,,"False",,
"https://mgm.ibos.io/production/productionEntry","tab:PRODUCTION ENTRY LIST","button","button",,"PRODUCTION ENTRY LIST","",,,,,"False",,
"https://mgm.ibos.io/production/productionEntry","tab:PRODUCTION ENTRY LIST","button","button",,"","",,,,,"False",,
"https://mgm.ibos.io/production/productionEntry","tab:PRODUCTION ENTRY LIST","button","button",,"","",,,,,"False",,
"https://mgm.ibos.io/production/productionEntry","tab:PRODUCTION ENTRY LIST","button","button",,"","",,,,,"False",,
"https://mgm.ibos.io/production/productionEntry","tab:PRODUCTION ENTRY LIST","button","button",,"","",,,,,"False",,
"https://mgm.ibos.io/production/productionEntry","tab:PRODUCTION ENTRY LIST","button","button",,"","",,,,,"False",,
"https://mgm.ibos.io/production/productionEntry","tab:PRODUCTION ENTRY LIST","button","button",,"","",,,,,"False",,
"https://mgm.ibos.io/production/productionEntry","tab:PRODUCTION ENTRY LIST","button","button",,"","",,,,,"False",,
"https://mgm.ibos.io/production/productionEntry","tab:PRODUCTION ENTRY LIST","button","button",,"","",,,,,"False",,
"https://mgm.ibos.io/production/productionEntry","tab:PRODUCTION ENTRY LIST","div",,,"50",,,,,,"False",,
"https://mgm.ibos.io/production/productionEntry","tab:PRODUCTION ENTRY LIST","input",,,"","50",,,,,"False",,
"https://mgm.ibos.io/production/productionEntry","tab:PRODUCTION ENTRY LIST","button","button",,"","",,,,,"True",,
"https://mgm.ibos.io/production/productionEntry","tab:PRODUCTION ENTRY LIST","button","button",,"","",,,,,"True",,
"https://mgm.ibos.io/production/productionOrder","base","input","text",,"","","Go to page...",,,,"False","False","False"
"https://mgm.ibos.io/production/productionOrder","base","button","button",,"","",,,,,"False","False",
"https://mgm.ibos.io/production/productionOrder","base","button","button",,"","",,,,,"False","False",
"https://mgm.ibos.io/production/productionOrder","base","button","button",,"","",,,,,"False","False",
"https://mgm.ibos.io/production/productionOrder","base","button","button",,"","",,,,,"False","False",
"https://mgm.ibos.io/production/productionOrder","base","input",,"combobox","","",,,"react-select-mgm-input",,"False","False","False"
"https://mgm.ibos.io/production/productionOrder","base","input","hidden",,"","40513",,"branchList",,,"False","False","False"
"https://mgm.ibos.io/production/productionOrder","base","input","text","combobox","","",,,"react-select-mgm-input",,"False","False","False"
"https://mgm.ibos.io/production/productionOrder","base","input","hidden",,"","",,"status",,,"False","False","False"
"https://mgm.ibos.io/production/productionOrder","base","input","text",,"","","Search....",,,"search","False","False","False"
"https://mgm.ibos.io/production/productionOrder","base","button","button",,"","",,,,"menu","False","False",
"https://mgm.ibos.io/production/productionOrder","base","button","button",,"Production Order","",,,,,"False","False",
"https://mgm.ibos.io/production/productionOrder","base","button","button",,"","",,,,,"True","False",
"https://mgm.ibos.io/production/productionOrder","base","button","button",,"","",,,,,"False","False",
"https://mgm.ibos.io/production/productionOrder","base","button","button",,"","",,,,,"True","False",
"https://mgm.ibos.io/production/productionOrder","base","button","button",,"","",,,,,"False","False",
"https://mgm.ibos.io/production/productionOrder","base","button","button",,"","",,,,,"True","False",
"https://mgm.ibos.io/production/productionOrder","base","button","button",,"","",,,,,"False","False",
"https://mgm.ibos.io/production/productionOrder","base","button","button",,"","",,,,,"True","False",
"https://mgm.ibos.io/production/productionOrder","base","button","button",,"","",,,,,"False","False",
"https://mgm.ibos.io/production/productionOrder","base","button","button",,"","",,,,,"True","False",
"https://mgm.ibos.io/production/productionOrder","base","button","button",,"","",,,,,"False","False",
"https://mgm.ibos.io/production/productionOrder","base","button","button",,"","",,,,,"True","False",
"https://mgm.ibos.io/production/productionOrder","base","button","button",,"","",,,,,"False","False",
"https://mgm.ibos.io/production/productionOrder","base","button","button",,"","",,,,,"True","False",
"https://mgm.ibos.io/production/productionOrder","base","button","button",,"","",,,,,"False","False",
"https://mgm.ibos.io/production/productionOrder","base","button","button",,"","",,,,,"True","False",
"https://mgm.ibos.io/production/productionOrder","base","button","button",,"","",,,,,"False","False",
"https://mgm.ibos.io/production/productionOrder","base","button","button",,"","",,,,,"True","False",
"https://mgm.ibos.io/production/productionOrder","base","button","button",,"","",,,,,"False","False",
"https://mgm.ibos.io/production/productionOrder","base","button","button",,"","",,,,,"True","False",
"https://mgm.ibos.io/production/productionOrder","base","button","button",,"","",,,,,"False","False",
"https://mgm.ibos.io/production/productionOrder","base","button","button",,"","",,,,,"True","False",
"https://mgm.ibos.io/production/productionOrder","base","button","button",,"","",,,,,"False","False",
"https://mgm.ibos.io/production/productionOrder","base","button","button",,"","",,,,,"True","False",
"https://mgm.ibos.io/production/productionOrder","base","button","button",,"","",,,,,"False","False",
"https://mgm.ibos.io/production/productionOrder","base","button","button",,"","",,,,,"True","False",
"https://mgm.ibos.io/production/productionOrder","base","button","button",,"","",,,,,"False","False",
"https://mgm.ibos.io/production/productionOrder","base","div",,"combobox","50",,,,"_r_10_",,"False","False",
"https://mgm.ibos.io/production/productionOrder","base","input",,,"","50",,,,,"False","False","False"
"https://mgm.ibos.io/production/productionOrder","base","button","button",,"","",,,,"Go to previous page","True","False",
"https://mgm.ibos.io/production/productionOrder","base","button","button",,"","",,,,"Go to next page","True","False",
"https://mgm.ibos.io/production/productionReport","base","input","text",,"","","Go to page...",,,,"False",,
"https://mgm.ibos.io/production/productionReport","base","button","button",,"","",,,,,"False",,
"https://mgm.ibos.io/production/productionReport","base","button","button",,"","",,,,,"False",,
"https://mgm.ibos.io/production/productionReport","base","button","button",,"","",,,,,"False",,
"https://mgm.ibos.io/production/productionReport","base","button","button",,"","",,,,,"False",,
"https://mgm.ibos.io/production/productionReport","base","input",,,"","",,,"react-select-mgm-input",,"False",,
"https://mgm.ibos.io/production/productionReport","base","input","hidden",,"","40513",,"branchList",,,"False",,
"https://mgm.ibos.io/production/productionReport","base","input","text",,"","","Search....",,,,"False",,
"https://mgm.ibos.io/production/productionReport","base","button","button",,"","",,,,,"False",,
"https://mgm.ibos.io/production/productionReport","base","button","button",,"EXCEL","",,,,,"False",,
"https://mgm.ibos.io/production/productionReport","base","input","text",,"","",,,"react-select-mgm-input",,"False",,
"https://mgm.ibos.io/production/productionReport","tab:",,,,,,,,,,,,
"https://mgm.ibos.io/production/workCenter","base","input","text",,"","","Go to page...",,,,"False","False","False"
"https://mgm.ibos.io/production/workCenter","base","button","button",,"","",,,,,"False","False",
"https://mgm.ibos.io/production/workCenter","base","button","button",,"","",,,,,"False","False",
"https://mgm.ibos.io/production/workCenter","base","button","button",,"","",,,,,"False","False",
"https://mgm.ibos.io/production/workCenter","base","button","button",,"","",,,,,"False","False",
"https://mgm.ibos.io/production/workCenter","base","input",,"combobox","","",,,"react-select-mgm-input",,"False","False","False"
"https://mgm.ibos.io/production/workCenter","base","input","hidden",,"","40513",,"branchList",,,"False","False","False"
"https://mgm.ibos.io/production/workCenter","base","input","text",,"","","Search....",,,"search","False","False","False"
"https://mgm.ibos.io/production/workCenter","base","button","button",,"","",,,,"menu","False","False",
"https://mgm.ibos.io/production/workCenter","base","button",,,"Excel","",,,,,"False","False",
"https://mgm.ibos.io/production/workCenter","base","button","button",,"New Work Center","",,,,,"False","False",
"https://mgm.ibos.io/production/workCenter","base","input","text","combobox","","",,,"react-select-mgm-input",,"False","False","False"
"https://mgm.ibos.io/production/workCenter","base","input","hidden",,"","",,"workCenterType",,,"False","False","False"
"https://mgm.ibos.io/production/workCenter","base","input","text","combobox","","",,,"react-select-mgm-input",,"False","False","False"
"https://mgm.ibos.io/production/workCenter","base","input","hidden",,"","",,"department",,,"False","False","False"
"https://mgm.ibos.io/production/workCenter","base","input","text","combobox","","",,,"react-select-mgm-input",,"False","False","False"
"https://mgm.ibos.io/production/workCenter","base","input","hidden",,"","",,"departmentSection",,,"False","False","False"
"https://mgm.ibos.io/production/workCenter","base","button","button",,"View","",,,,,"False","False",
"https://mgm.ibos.io/production/workCenter","base","button","button",,"","",,,,,"False","False",
"https://mgm.ibos.io/production/workCenter","base","button","button",,"","",,,,,"False","False",
"https://mgm.ibos.io/production/workCenter","base","input","checkbox",,"","on",,,,"controlled","False","False","True"
"https://mgm.ibos.io/production/workCenter","base","button","button",,"","",,,,,"False","False",
"https://mgm.ibos.io/production/workCenter","base","button","button",,"","",,,,,"False","False",
"https://mgm.ibos.io/production/workCenter","base","input","checkbox",,"","on",,,,"controlled","False","False","True"
"https://mgm.ibos.io/production/workCenter","base","div",,"combobox","50",,,,"_r_c_",,"False","False",
"https://mgm.ibos.io/production/workCenter","base","input",,,"","50",,,,,"False","False","False"
"https://mgm.ibos.io/production/workCenter","base","button","button",,"","",,,,"Go to previous page","True","False",
"https://mgm.ibos.io/production/workCenter","base","button","button",,"","",,,,"Go to next page","True","False",
"https://mgm.ibos.io/purchase/cs","base","input","text",,"","","Go to page...",,,,"False","False","False"
"https://mgm.ibos.io/purchase/cs","base","button","button",,"","",,,,,"False","False",
"https://mgm.ibos.io/purchase/cs","base","button","button",,"","",,,,,"False","False",
"https://mgm.ibos.io/purchase/cs","base","button","button",,"","",,,,,"False","False",
"https://mgm.ibos.io/purchase/cs","base","button","button",,"","",,,,,"False","False",
"https://mgm.ibos.io/purchase/cs","base","input",,"combobox","","",,,"react-select-mgm-input",,"False","False","False"
"https://mgm.ibos.io/purchase/cs","base","input","hidden",,"","40513",,"branchList",,,"False","False","False"
"https://mgm.ibos.io/purchase/cs","base","button","button","tab","COMPARATIVE STATEMENT","",,,"mui-p-90778-T-1",,"False","False",
"https://mgm.ibos.io/purchase/cs","base","button","button","tab","COMPARATIVE STATEMENT(COMPARISON)","",,,"mui-p-90778-T-2",,"False","False",
"https://mgm.ibos.io/purchase/cs","base","button","button","tab","CS REPORT","",,,"mui-p-90778-T-3",,"False","False",
"https://mgm.ibos.io/purchase/cs","base","input","text",,"","","Search....",,,"search","False","False","False"
"https://mgm.ibos.io/purchase/cs","base","button","button",,"","",,,,"menu","False","False",
"https://mgm.ibos.io/purchase/cs","base","input","date",,"","2026-08-13","From Date","fromDate",,,"False","False","False"
"https://mgm.ibos.io/purchase/cs","base","input","date",,"","2026-09-13","To Date","toDate",,,"False","False","False"
"https://mgm.ibos.io/purchase/cs","base","input","text","combobox","","",,,"react-select-mgm-input",,"False","False","False"
"https://mgm.ibos.io/purchase/cs","base","input","hidden",,"","1",,"rfqType",,,"False","False","False"
"https://mgm.ibos.io/purchase/cs","base","button","submit",,"View","",,,,,"False","False",
"https://mgm.ibos.io/purchase/cs","tab:COMPARATIVE STATEMENT","input","text",,"","","Go to page...",,,,"False",,
"https://mgm.ibos.io/purchase/cs","tab:COMPARATIVE STATEMENT","button","button",,"","",,,,,"False",,
"https://mgm.ibos.io/purchase/cs","tab:COMPARATIVE STATEMENT","button","button",,"","",,,,,"False",,
"https://mgm.ibos.io/purchase/cs","tab:COMPARATIVE STATEMENT","button","button",,"","",,,,,"False",,
"https://mgm.ibos.io/purchase/cs","tab:COMPARATIVE STATEMENT","button","button",,"","",,,,,"False",,
"https://mgm.ibos.io/purchase/cs","tab:COMPARATIVE STATEMENT","input",,,"","",,,,,"False",,
"https://mgm.ibos.io/purchase/cs","tab:COMPARATIVE STATEMENT","input","hidden",,"","40513",,,,,"False",,
"https://mgm.ibos.io/purchase/cs","tab:COMPARATIVE STATEMENT","button","button",,"COMPARATIVE STATEMENT","",,,,,"False",,
"https://mgm.ibos.io/purchase/cs","tab:COMPARATIVE STATEMENT","button","button",,"COMPARATIVE STATEMENT(COMPARISON)","",,,,,"False",,
"https://mgm.ibos.io/purchase/cs","tab:COMPARATIVE STATEMENT","button","button",,"CS REPORT","",,,,,"False",,
"https://mgm.ibos.io/purchase/cs","tab:COMPARATIVE STATEMENT","input","text",,"","","Search....",,,,"False",,
"https://mgm.ibos.io/purchase/cs","tab:COMPARATIVE STATEMENT","button","button",,"","",,,,,"False",,
"https://mgm.ibos.io/purchase/cs","tab:COMPARATIVE STATEMENT","input","date",,"","2026-08-13","From Date",,,,"False",,
"https://mgm.ibos.io/purchase/cs","tab:COMPARATIVE STATEMENT","input","date",,"","2026-09-13","To Date",,,,"False",,
"https://mgm.ibos.io/purchase/cs","tab:COMPARATIVE STATEMENT","input","text",,"","",,,,,"False",,
"https://mgm.ibos.io/purchase/cs","tab:COMPARATIVE STATEMENT","input","hidden",,"","1",,,,,"False",,
"https://mgm.ibos.io/purchase/cs","tab:COMPARATIVE STATEMENT","button","submit",,"View","",,,,,"False",,
"https://mgm.ibos.io/purchase/cs","tab:COMPARATIVE STATEMENT(COMPARISON)","input","text",,"","","Go to page...",,,,"False",,
"https://mgm.ibos.io/purchase/cs","tab:COMPARATIVE STATEMENT(COMPARISON)","button","button",,"","",,,,,"False",,
"https://mgm.ibos.io/purchase/cs","tab:COMPARATIVE STATEMENT(COMPARISON)","button","button",,"","",,,,,"False",,
"https://mgm.ibos.io/purchase/cs","tab:COMPARATIVE STATEMENT(COMPARISON)","button","button",,"","",,,,,"False",,
"https://mgm.ibos.io/purchase/cs","tab:COMPARATIVE STATEMENT(COMPARISON)","button","button",,"","",,,,,"False",,
"https://mgm.ibos.io/purchase/cs","tab:COMPARATIVE STATEMENT(COMPARISON)","input",,,"","",,,,,"False",,
"https://mgm.ibos.io/purchase/cs","tab:COMPARATIVE STATEMENT(COMPARISON)","input","hidden",,"","40513",,,,,"False",,
"https://mgm.ibos.io/purchase/cs","tab:COMPARATIVE STATEMENT(COMPARISON)","button","button",,"COMPARATIVE STATEMENT","",,,,,"False",,
"https://mgm.ibos.io/purchase/cs","tab:COMPARATIVE STATEMENT(COMPARISON)","button","button",,"COMPARATIVE STATEMENT(COMPARISON)","",,,,,"False",,
"https://mgm.ibos.io/purchase/cs","tab:COMPARATIVE STATEMENT(COMPARISON)","button","button",,"CS REPORT","",,,,,"False",,
"https://mgm.ibos.io/purchase/cs","tab:COMPARATIVE STATEMENT(COMPARISON)","input","text",,"","",,,,,"False",,
"https://mgm.ibos.io/purchase/cs","tab:COMPARATIVE STATEMENT(COMPARISON)","input","text",,"","",,,,,"False",,
"https://mgm.ibos.io/purchase/cs","tab:COMPARATIVE STATEMENT(COMPARISON)","input","date",,"","2026-09-01","From Date",,,,"False",,
"https://mgm.ibos.io/purchase/cs","tab:COMPARATIVE STATEMENT(COMPARISON)","input","date",,"","2026-09-13","To Date",,,,"False",,
"https://mgm.ibos.io/purchase/cs","tab:COMPARATIVE STATEMENT(COMPARISON)","input","date",,"","2026-09-01","Compare From Date",,,,"False",,
"https://mgm.ibos.io/purchase/cs","tab:COMPARATIVE STATEMENT(COMPARISON)","input","date",,"","2026-09-13","Compare To Date",,,,"False",,
"https://mgm.ibos.io/purchase/cs","tab:COMPARATIVE STATEMENT(COMPARISON)","button","button",,"View","",,,,,"False",,
"https://mgm.ibos.io/purchase/cs","tab:COMPARATIVE STATEMENT(COMPARISON)","button","button",,"Print","",,,,,"False",,
"https://mgm.ibos.io/purchase/cs","tab:COMPARATIVE STATEMENT(COMPARISON)","button","button",,"Excel","",,,,,"False",,
"https://mgm.ibos.io/purchase/cs","tab:CS REPORT","input","text",,"","","Go to page...",,,,"False",,
"https://mgm.ibos.io/purchase/cs","tab:CS REPORT","button","button",,"","",,,,,"False",,
"https://mgm.ibos.io/purchase/cs","tab:CS REPORT","button","button",,"","",,,,,"False",,
"https://mgm.ibos.io/purchase/cs","tab:CS REPORT","button","button",,"","",,,,,"False",,
"https://mgm.ibos.io/purchase/cs","tab:CS REPORT","button","button",,"","",,,,,"False",,
"https://mgm.ibos.io/purchase/cs","tab:CS REPORT","input",,,"","",,,,,"False",,
"https://mgm.ibos.io/purchase/cs","tab:CS REPORT","input","hidden",,"","40513",,,,,"False",,
"https://mgm.ibos.io/purchase/cs","tab:CS REPORT","button","button",,"COMPARATIVE STATEMENT","",,,,,"False",,
"https://mgm.ibos.io/purchase/cs","tab:CS REPORT","button","button",,"COMPARATIVE STATEMENT(COMPARISON)","",,,,,"False",,
"https://mgm.ibos.io/purchase/cs","tab:CS REPORT","button","button",,"CS REPORT","",,,,,"False",,
"https://mgm.ibos.io/purchase/cs","tab:CS REPORT","input","text",,"","","Search....",,,,"False",,
"https://mgm.ibos.io/purchase/cs","tab:CS REPORT","button","button",,"","",,,,,"False",,
"https://mgm.ibos.io/purchase/cs","tab:CS REPORT","input","date",,"","2026-08-13","From Date",,,,"False",,
"https://mgm.ibos.io/purchase/cs","tab:CS REPORT","input","date",,"","2026-09-13","To Date",,,,"False",,
"https://mgm.ibos.io/purchase/cs","tab:CS REPORT","input","text",,"","",,,,,"False",,
"https://mgm.ibos.io/purchase/cs","tab:CS REPORT","input","hidden",,"","1",,,,,"False",,
"https://mgm.ibos.io/purchase/cs","tab:CS REPORT","button","submit",,"View","",,,,,"False",,
"https://mgm.ibos.io/purchase/goodsReceive","base","input","text",,"","","Go to page...",,,,"False","False","False"
"https://mgm.ibos.io/purchase/goodsReceive","base","button","button",,"","",,,,,"False","False",
"https://mgm.ibos.io/purchase/goodsReceive","base","button","button",,"","",,,,,"False","False",
"https://mgm.ibos.io/purchase/goodsReceive","base","button","button",,"","",,,,,"False","False",
"https://mgm.ibos.io/purchase/goodsReceive","base","button","button",,"","",,,,,"False","False",
"https://mgm.ibos.io/purchase/goodsReceive","base","input",,"combobox","","",,,"react-select-mgm-input",,"False","False","False"
"https://mgm.ibos.io/purchase/goodsReceive","base","input","hidden",,"","40513",,"branchList",,,"False","False","False"
"https://mgm.ibos.io/purchase/goodsReceive","base","input","text",,"","","Search....",,,"search","False","False","False"
"https://mgm.ibos.io/purchase/goodsReceive","base","button","button",,"","",,,,"menu","False","False",
"https://mgm.ibos.io/purchase/goodsReceive","base","button","button",,"EXCEL","",,,,,"False","False",
"https://mgm.ibos.io/purchase/goodsReceive","base","button","button",,"Direct Receive","",,,"demo-positioned-button",,"False","False",
"https://mgm.ibos.io/purchase/goodsReceive","base","button","button","tab","APPROVED PO","",,,"simple-tab-0",,"False","False",
"https://mgm.ibos.io/purchase/goodsReceive","base","button","button","tab","RECEIVED PO","",,,"simple-tab-1",,"False","False",
"https://mgm.ibos.io/purchase/goodsReceive","base","div",,"button","",,,,,"Remove All","False","False",
"https://mgm.ibos.io/purchase/goodsReceive","base","input","text","combobox","","",,,"react-select-mgm-input",,"False","False","False"
"https://mgm.ibos.io/purchase/goodsReceive","base","input","hidden",,"","0",,"office",,,"False","False","False"
"https://mgm.ibos.io/purchase/goodsReceive","base","input","text","combobox","","",,,"react-select-mgm-input",,"False","False","False"
"https://mgm.ibos.io/purchase/goodsReceive","base","input","hidden",,"","0",,"grnType",,,"False","False","False"
"https://mgm.ibos.io/purchase/goodsReceive","base","input","text","combobox","","",,,"react-select-mgm-input",,"False","False","False"
"https://mgm.ibos.io/purchase/goodsReceive","base","input","hidden",,"","",,"lcNo",,,"False","False","False"
"https://mgm.ibos.io/purchase/goodsReceive","base","input","text","combobox","","",,,"react-select-mgm-input",,"False","False","False"
"https://mgm.ibos.io/purchase/goodsReceive","base","input","hidden",,"","",,"itemType",,,"False","False","False"
"https://mgm.ibos.io/purchase/goodsReceive","base","input","date",,"","2026-08-13","From Date","fromDate",,,"False","False","False"
"https://mgm.ibos.io/purchase/goodsReceive","base","input","date",,"","2026-09-13","To Date","toDate",,,"False","False","False"
"https://mgm.ibos.io/purchase/goodsReceive","base","button","submit",,"View","",,,,,"False","False",
"https://mgm.ibos.io/purchase/goodsReceive","tab:APPROVED PO","input","text",,"","","Go to page...",,,,"False",,
"https://mgm.ibos.io/purchase/goodsReceive","tab:APPROVED PO","button","button",,"","",,,,,"False",,
"https://mgm.ibos.io/purchase/goodsReceive","tab:APPROVED PO","button","button",,"","",,,,,"False",,
"https://mgm.ibos.io/purchase/goodsReceive","tab:APPROVED PO","button","button",,"","",,,,,"False",,
"https://mgm.ibos.io/purchase/goodsReceive","tab:APPROVED PO","button","button",,"","",,,,,"False",,
"https://mgm.ibos.io/purchase/goodsReceive","tab:APPROVED PO","input",,,"","",,,,,"False",,
"https://mgm.ibos.io/purchase/goodsReceive","tab:APPROVED PO","input","hidden",,"","40513",,,,,"False",,
"https://mgm.ibos.io/purchase/goodsReceive","tab:APPROVED PO","input","text",,"","","Search....",,,,"False",,
"https://mgm.ibos.io/purchase/goodsReceive","tab:APPROVED PO","button","button",,"","",,,,,"False",,
"https://mgm.ibos.io/purchase/goodsReceive","tab:APPROVED PO","button","button",,"Direct Receive","",,,,,"False",,
"https://mgm.ibos.io/purchase/goodsReceive","tab:APPROVED PO","button","button",,"APPROVED PO","",,,,,"False",,
"https://mgm.ibos.io/purchase/goodsReceive","tab:APPROVED PO","button","button",,"RECEIVED PO","",,,,,"False",,
"https://mgm.ibos.io/purchase/goodsReceive","tab:APPROVED PO","input","text",,"","",,,,,"False",,
"https://mgm.ibos.io/purchase/goodsReceive","tab:APPROVED PO","input","hidden",,"","0",,,,,"False",,
"https://mgm.ibos.io/purchase/goodsReceive","tab:APPROVED PO","input","date",,"","","Text",,,,"False",,
"https://mgm.ibos.io/purchase/goodsReceive","tab:APPROVED PO","button","button",,"View","",,,,,"False",,
"https://mgm.ibos.io/purchase/goodsReceive","tab:RECEIVED PO","input","text",,"","","Go to page...",,,,"False",,
"https://mgm.ibos.io/purchase/goodsReceive","tab:RECEIVED PO","button","button",,"","",,,,,"False",,
"https://mgm.ibos.io/purchase/goodsReceive","tab:RECEIVED PO","button","button",,"","",,,,,"False",,
"https://mgm.ibos.io/purchase/goodsReceive","tab:RECEIVED PO","button","button",,"","",,,,,"False",,
"https://mgm.ibos.io/purchase/goodsReceive","tab:RECEIVED PO","button","button",,"","",,,,,"False",,
"https://mgm.ibos.io/purchase/goodsReceive","tab:RECEIVED PO","input",,,"","",,,,,"False",,
"https://mgm.ibos.io/purchase/goodsReceive","tab:RECEIVED PO","input","hidden",,"","40513",,,,,"False",,
"https://mgm.ibos.io/purchase/goodsReceive","tab:RECEIVED PO","input","text",,"","","Search....",,,,"False",,
"https://mgm.ibos.io/purchase/goodsReceive","tab:RECEIVED PO","button","button",,"","",,,,,"False",,
"https://mgm.ibos.io/purchase/goodsReceive","tab:RECEIVED PO","button","button",,"EXCEL","",,,,,"False",,
"https://mgm.ibos.io/purchase/goodsReceive","tab:RECEIVED PO","button","button",,"Direct Receive","",,,,,"False",,
"https://mgm.ibos.io/purchase/goodsReceive","tab:RECEIVED PO","button","button",,"APPROVED PO","",,,,,"False",,
"https://mgm.ibos.io/purchase/goodsReceive","tab:RECEIVED PO","button","button",,"RECEIVED PO","",,,,,"False",,
"https://mgm.ibos.io/purchase/goodsReceive","tab:RECEIVED PO","input","text",,"","",,,,,"False",,
"https://mgm.ibos.io/purchase/goodsReceive","tab:RECEIVED PO","input","hidden",,"","0",,,,,"False",,
"https://mgm.ibos.io/purchase/goodsReceive","tab:RECEIVED PO","input","text",,"","",,,,,"False",,
"https://mgm.ibos.io/purchase/goodsReceive","tab:RECEIVED PO","input","hidden",,"","0",,,,,"False",,
"https://mgm.ibos.io/purchase/goodsReceive","tab:RECEIVED PO","input","text",,"","",,,,,"False",,
"https://mgm.ibos.io/purchase/goodsReceive","tab:RECEIVED PO","input","hidden",,"","",,,,,"False",,
"https://mgm.ibos.io/purchase/goodsReceive","tab:RECEIVED PO","input","text",,"","",,,,,"False",,
"https://mgm.ibos.io/purchase/goodsReceive","tab:RECEIVED PO","input","hidden",,"","",,,,,"False",,
"https://mgm.ibos.io/purchase/goodsReceive","tab:RECEIVED PO","input","date",,"","2026-08-13","From Date",,,,"False",,
"https://mgm.ibos.io/purchase/goodsReceive","tab:RECEIVED PO","input","date",,"","2026-09-13","To Date",,,,"False",,
"https://mgm.ibos.io/purchase/goodsReceive","tab:RECEIVED PO","button","submit",,"View","",,,,,"False",,
"https://mgm.ibos.io/purchase/invoice","base","input","text",,"","","Go to page...",,,,"False",,
"https://mgm.ibos.io/purchase/invoice","base","button","button",,"","",,,,,"False",,
"https://mgm.ibos.io/purchase/invoice","base","button","button",,"","",,,,,"False",,
"https://mgm.ibos.io/purchase/invoice","base","button","button",,"","",,,,,"False",,
"https://mgm.ibos.io/purchase/invoice","base","button","button",,"","",,,,,"False",,
"https://mgm.ibos.io/purchase/invoice","base","input",,,"","",,,"react-select-mgm-input",,"False",,
"https://mgm.ibos.io/purchase/invoice","base","input","hidden",,"","40513",,"branchList",,,"False",,
"https://mgm.ibos.io/purchase/invoice","base","input","text",,"","","Search....",,,,"False",,
"https://mgm.ibos.io/purchase/invoice","base","button","button",,"","",,,,,"False",,
"https://mgm.ibos.io/purchase/invoice","base","button","button",,"Payment By GRN","",,,"demo-positioned-button",,"False",,
"https://mgm.ibos.io/purchase/invoice","base","button","button",,"Advance Payment","",,,"demo-positioned-button",,"False",,
"https://mgm.ibos.io/purchase/invoice","base","button","button",,"Create Bill","",,,"demo-positioned-button",,"False",,
"https://mgm.ibos.io/purchase/invoice","base","button","button",,"DUE LIST(LOCAL)","",,,,,"False",,
"https://mgm.ibos.io/purchase/invoice","base","button","button",,"PENDING BILL(LOCAL/FOREIGN)","",,,,,"False",,
"https://mgm.ibos.io/purchase/invoice","base","button","button",,"PAID GRN/BILL","",,,,,"False",,
"https://mgm.ibos.io/purchase/invoice","base","button","button",,"DUE INVOICES","",,,,,"False",,
"https://mgm.ibos.io/purchase/invoice","base","button","button",,"PAYMENT ADVANCE","",,,,,"False",,
"https://mgm.ibos.io/purchase/invoice","base","button","button",,"SUPPLIER PURCHASE VS LEDGER BALANCE","",,,,,"False",,
"https://mgm.ibos.io/purchase/invoice","base","input","text",,"","",,,"react-select-mgm-input",,"False",,
"https://mgm.ibos.io/purchase/invoice","base","input","date",,"","2026-08-13",,"advanceFromDate",,,"False",,
"https://mgm.ibos.io/purchase/invoice","base","input","date",,"","2026-09-13",,"advanceToDate",,,"False",,
"https://mgm.ibos.io/purchase/invoice","base","input","checkbox",,"","on",,"details",,,"False",,
"https://mgm.ibos.io/purchase/invoice","base","button",,,"View","",,,,,"False",,
"https://mgm.ibos.io/purchase/invoice","tab:",,,,,,,,,,,,
"https://mgm.ibos.io/purchase/purchase","base","input","text",,"","","Go to page...",,,,"False","False","False"
"https://mgm.ibos.io/purchase/purchase","base","button","button",,"","",,,,,"False","False",
"https://mgm.ibos.io/purchase/purchase","base","button","button",,"","",,,,,"False","False",
"https://mgm.ibos.io/purchase/purchase","base","button","button",,"","",,,,,"False","False",
"https://mgm.ibos.io/purchase/purchase","base","button","button",,"","",,,,,"False","False",
"https://mgm.ibos.io/purchase/purchase","base","input",,"combobox","","",,,"react-select-mgm-input",,"False","False","False"
"https://mgm.ibos.io/purchase/purchase","base","input","hidden",,"","40513",,"branchList",,,"False","False","False"
"https://mgm.ibos.io/purchase/purchase","base","button","button",,"EXCEL","",,,,,"True","False",
"https://mgm.ibos.io/purchase/purchase","base","input","text",,"","","Search....",,,"search","False","False","False"
"https://mgm.ibos.io/purchase/purchase","base","button","button",,"","",,,,"menu","False","False",
"https://mgm.ibos.io/purchase/purchase","base","button","button","tab","LOCAL PURCHASE","",,,"simple-tab-0",,"False","False",
"https://mgm.ibos.io/purchase/purchase","base","button","button","tab","FOREIGN PURCHASE","",,,"simple-tab-1",,"False","False",
"https://mgm.ibos.io/purchase/purchase","base","input","text","combobox","","",,,"react-select-2-input",,"False","False","False"
"https://mgm.ibos.io/purchase/purchase","base","input","text","combobox","","",,,"react-select-mgm-input",,"False","False","False"
"https://mgm.ibos.io/purchase/purchase","base","input","hidden",,"","0",,"office",,,"False","False","False"
"https://mgm.ibos.io/purchase/purchase","base","input","date",,"","2026-08-13","Text","fromDate",,,"False","False","False"
"https://mgm.ibos.io/purchase/purchase","base","input","date",,"","2026-09-13","Text","toDate",,,"False","False","False"
"https://mgm.ibos.io/purchase/purchase","base","input","checkbox",,"","on",,"isChecked",,,"False","False","False"
"https://mgm.ibos.io/purchase/purchase","base","button","button",,"View","",,,,,"True","False",
"https://mgm.ibos.io/purchase/purchase","tab:LOCAL PURCHASE","input","text",,"","","Go to page...",,,,"False",,
"https://mgm.ibos.io/purchase/purchase","tab:LOCAL PURCHASE","button","button",,"","",,,,,"False",,
"https://mgm.ibos.io/purchase/purchase","tab:LOCAL PURCHASE","button","button",,"","",,,,,"False",,
"https://mgm.ibos.io/purchase/purchase","tab:LOCAL PURCHASE","button","button",,"","",,,,,"False",,
"https://mgm.ibos.io/purchase/purchase","tab:LOCAL PURCHASE","button","button",,"","",,,,,"False",,
"https://mgm.ibos.io/purchase/purchase","tab:LOCAL PURCHASE","input",,,"","",,,,,"False",,
"https://mgm.ibos.io/purchase/purchase","tab:LOCAL PURCHASE","input","hidden",,"","40513",,,,,"False",,
"https://mgm.ibos.io/purchase/purchase","tab:LOCAL PURCHASE","button","button",,"EXCEL","",,,,,"True",,
"https://mgm.ibos.io/purchase/purchase","tab:LOCAL PURCHASE","input","text",,"","","Search....",,,,"False",,
"https://mgm.ibos.io/purchase/purchase","tab:LOCAL PURCHASE","button","button",,"","",,,,,"False",,
"https://mgm.ibos.io/purchase/purchase","tab:LOCAL PURCHASE","button","button",,"LOCAL PURCHASE","",,,,,"False",,
"https://mgm.ibos.io/purchase/purchase","tab:LOCAL PURCHASE","button","button",,"FOREIGN PURCHASE","",,,,,"False",,
"https://mgm.ibos.io/purchase/purchase","tab:LOCAL PURCHASE","input","text",,"","",,,,,"False",,
"https://mgm.ibos.io/purchase/purchase","tab:LOCAL PURCHASE","input","text",,"","",,,,,"False",,
"https://mgm.ibos.io/purchase/purchase","tab:LOCAL PURCHASE","input","hidden",,"","0",,,,,"False",,
"https://mgm.ibos.io/purchase/purchase","tab:LOCAL PURCHASE","input","date",,"","2026-08-13","Text",,,,"False",,
"https://mgm.ibos.io/purchase/purchase","tab:LOCAL PURCHASE","input","date",,"","2026-09-13","Text",,,,"False",,
"https://mgm.ibos.io/purchase/purchase","tab:LOCAL PURCHASE","input","checkbox",,"","on",,,,,"False",,
"https://mgm.ibos.io/purchase/purchase","tab:LOCAL PURCHASE","button","button",,"View","",,,,,"True",,
"https://mgm.ibos.io/purchase/purchase","tab:FOREIGN PURCHASE","input","text",,"","","Go to page...",,,,"False",,
"https://mgm.ibos.io/purchase/purchase","tab:FOREIGN PURCHASE","button","button",,"","",,,,,"False",,
"https://mgm.ibos.io/purchase/purchase","tab:FOREIGN PURCHASE","button","button",,"","",,,,,"False",,
"https://mgm.ibos.io/purchase/purchase","tab:FOREIGN PURCHASE","button","button",,"","",,,,,"False",,
"https://mgm.ibos.io/purchase/purchase","tab:FOREIGN PURCHASE","button","button",,"","",,,,,"False",,
"https://mgm.ibos.io/purchase/purchase","tab:FOREIGN PURCHASE","input",,,"","",,,,,"False",,
"https://mgm.ibos.io/purchase/purchase","tab:FOREIGN PURCHASE","input","hidden",,"","40513",,,,,"False",,
"https://mgm.ibos.io/purchase/purchase","tab:FOREIGN PURCHASE","button","button",,"PDF","",,,,,"False",,
"https://mgm.ibos.io/purchase/purchase","tab:FOREIGN PURCHASE","button","button",,"EXCEL","",,,,,"False",,
"https://mgm.ibos.io/purchase/purchase","tab:FOREIGN PURCHASE","input","text",,"","","Search....",,,,"False",,
"https://mgm.ibos.io/purchase/purchase","tab:FOREIGN PURCHASE","button","button",,"","",,,,,"False",,
"https://mgm.ibos.io/purchase/purchase","tab:FOREIGN PURCHASE","button","button",,"LOCAL PURCHASE","",,,,,"False",,
"https://mgm.ibos.io/purchase/purchase","tab:FOREIGN PURCHASE","button","button",,"FOREIGN PURCHASE","",,,,,"False",,
"https://mgm.ibos.io/purchase/purchase","tab:FOREIGN PURCHASE","input","text",,"","",,,,,"False",,
"https://mgm.ibos.io/purchase/purchase","tab:FOREIGN PURCHASE","input","hidden",,"","",,,,,"False",,
"https://mgm.ibos.io/purchase/purchase","tab:FOREIGN PURCHASE","button","button",,"View","",,,,,"True",,
"https://mgm.ibos.io/purchase/purchaseAnalytics","base","input","text",,"","","Go to page...",,,,"False",,
"https://mgm.ibos.io/purchase/purchaseAnalytics","base","button","button",,"","",,,,,"False",,
"https://mgm.ibos.io/purchase/purchaseAnalytics","base","button","button",,"","",,,,,"False",,
"https://mgm.ibos.io/purchase/purchaseAnalytics","base","button","button",,"","",,,,,"False",,
"https://mgm.ibos.io/purchase/purchaseAnalytics","base","button","button",,"","",,,,,"False",,
"https://mgm.ibos.io/purchase/purchaseAnalytics","base","input",,,"","",,,"react-select-mgm-input",,"False",,
"https://mgm.ibos.io/purchase/purchaseAnalytics","base","input","hidden",,"","40513",,"branchList",,,"False",,
"https://mgm.ibos.io/purchase/purchaseAnalytics","base","input","text",,"","","Search....",,,,"False",,
"https://mgm.ibos.io/purchase/purchaseAnalytics","base","button","button",,"","",,,,,"False",,
"https://mgm.ibos.io/purchase/purchaseAnalytics","base","button","button",,"Purchase Cost Estimation","",,,"demo-positioned-button",,"False",,
"https://mgm.ibos.io/purchase/purchaseAnalytics","base","input","text",,"","",,,"react-select-2-input",,"False",,
"https://mgm.ibos.io/purchase/purchaseAnalytics","base","input","text",,"","",,,"react-select-mgm-input",,"False",,
"https://mgm.ibos.io/purchase/purchaseAnalytics","base","input","hidden",,"","",,"filterBy",,,"False",,
"https://mgm.ibos.io/purchase/purchaseAnalytics","base","input","date",,"","2026-08-13","From Date","fromDate",,,"False",,
"https://mgm.ibos.io/purchase/purchaseAnalytics","base","input","date",,"","2026-09-13","To Date","toDate",,,"False",,
"https://mgm.ibos.io/purchase/purchaseAnalytics","base","button","submit",,"View","",,,,,"False",,
"https://mgm.ibos.io/purchase/purchaseAnalytics","tab:",,,,,,,,,,,,
"https://mgm.ibos.io/purchase/purchaseDashboard","base","input","text",,"","","Go to page...",,,,"False","False","False"
"https://mgm.ibos.io/purchase/purchaseDashboard","base","button","button",,"","",,,,,"False","False",
"https://mgm.ibos.io/purchase/purchaseDashboard","base","button","button",,"","",,,,,"False","False",
"https://mgm.ibos.io/purchase/purchaseDashboard","base","button","button",,"","",,,,,"False","False",
"https://mgm.ibos.io/purchase/purchaseDashboard","base","button","button",,"","",,,,,"False","False",
"https://mgm.ibos.io/purchase/purchaseDashboard","base","input",,"combobox","","",,,"react-select-mgm-input",,"False","False","False"
"https://mgm.ibos.io/purchase/purchaseDashboard","base","input","hidden",,"","40513",,"branchList",,,"False","False","False"
"https://mgm.ibos.io/purchase/purchaseDashboard","base","input","date",,"","2026-09-01",,"fromDate",,,"False","False","False"
"https://mgm.ibos.io/purchase/purchaseDashboard","base","input","date",,"","2026-09-13",,"toDate",,,"False","False","False"
"https://mgm.ibos.io/purchase/purchaseDashboard","base","button","button",,"View","",,,,,"False","False",
"https://mgm.ibos.io/purchase/purchaseDashboard","base","button",,,"Freq.","",,,,,"False","False",
"https://mgm.ibos.io/purchase/purchaseDashboard","base","button",,,"Val.","",,,,,"False","False",
"https://mgm.ibos.io/purchase/purchaseDashboard","base","input",,"combobox","","",,,"react-select-mgm-input",,"False","False","False"
"https://mgm.ibos.io/purchase/purchaseDashboard","base","input","hidden",,"","09",,"inputFieldType",,,"False","False","False"
"https://mgm.ibos.io/purchase/purchaseDashboard","base","input",,"combobox","","",,,"react-select-mgm-input",,"False","False","False"
"https://mgm.ibos.io/purchase/purchaseDashboard","base","input","hidden",,"","2026",,"inputFieldType",,,"False","False","False"
"https://mgm.ibos.io/purchase/purchaseDashboard","base","button",,,"Freq.","",,,,,"False","False",
"https://mgm.ibos.io/purchase/purchaseDashboard","base","button",,,"Val.","",,,,,"False","False",
"https://mgm.ibos.io/purchase/purchaseDashboard","base","button",,,"Freq.","",,,,,"False","False",
"https://mgm.ibos.io/purchase/purchaseDashboard","base","button",,,"Val.","",,,,,"False","False",
"https://mgm.ibos.io/purchase/purchaseOrder","base","input","text",,"","","Go to page...",,,,"False","False","False"
"https://mgm.ibos.io/purchase/purchaseOrder","base","button","button",,"","",,,,,"False","False",
"https://mgm.ibos.io/purchase/purchaseOrder","base","button","button",,"","",,,,,"False","False",
"https://mgm.ibos.io/purchase/purchaseOrder","base","button","button",,"","",,,,,"False","False",
"https://mgm.ibos.io/purchase/purchaseOrder","base","button","button",,"","",,,,,"False","False",
"https://mgm.ibos.io/purchase/purchaseOrder","base","input",,"combobox","","",,,"react-select-mgm-input",,"False","False","False"
"https://mgm.ibos.io/purchase/purchaseOrder","base","input","hidden",,"","40513",,"branchList",,,"False","False","False"
"https://mgm.ibos.io/purchase/purchaseOrder","base","input","text",,"","","Search....",,,"search","False","False","False"
"https://mgm.ibos.io/purchase/purchaseOrder","base","button","button",,"","",,,,"menu","False","False",
"https://mgm.ibos.io/purchase/purchaseOrder","base","button","button",,"Excel","",,,,,"False","False",
"https://mgm.ibos.io/purchase/purchaseOrder","base","button","button",,"Create Foreign Order","",,,"demo-positioned-button",,"False","False",
"https://mgm.ibos.io/purchase/purchaseOrder","base","button","button","tab","LOCAL PO","",,,,,"False","False",
"https://mgm.ibos.io/purchase/purchaseOrder","base","button","button","tab","FOREIGN PO","",,,,,"False","False",
"https://mgm.ibos.io/purchase/purchaseOrder","base","button","button","tab","INDENTING PO","",,,,,"False","False",
"https://mgm.ibos.io/purchase/purchaseOrder","base","button","button","tab","REQUISITION SUMMARY","",,,,,"False","False",
"https://mgm.ibos.io/purchase/purchaseOrder","base","button","button","tab","PURCHASE METHOD","",,,,,"False","False",
"https://mgm.ibos.io/purchase/purchaseOrder","base","input","text","combobox","","",,,"react-select-mgm-input",,"False","False","False"
"https://mgm.ibos.io/purchase/purchaseOrder","base","input","hidden",,"","",,"office",,,"False","False","False"
"https://mgm.ibos.io/purchase/purchaseOrder","base","input","text","combobox","","",,,"react-select-mgm-input",,"False","False","False"
"https://mgm.ibos.io/purchase/purchaseOrder","base","input","hidden",,"","",,"filterType",,,"False","False","False"
"https://mgm.ibos.io/purchase/purchaseOrder","base","input","text","combobox","","",,,"react-select-mgm-input",,"False","False","False"
"https://mgm.ibos.io/purchase/purchaseOrder","base","input","date",,"","2026-08-13","From Date","fromDate",,,"False","False","False"
"https://mgm.ibos.io/purchase/purchaseOrder","base","input","date",,"","2026-09-13","To Date","toDate",,,"False","False","False"
"https://mgm.ibos.io/purchase/purchaseOrder","base","button","submit",,"View","",,,,,"False","False",
"https://mgm.ibos.io/purchase/purchaseOrder","tab:LOCAL PO","input","text",,"","","Go to page...",,,,"False",,
"https://mgm.ibos.io/purchase/purchaseOrder","tab:LOCAL PO","button","button",,"","",,,,,"False",,
"https://mgm.ibos.io/purchase/purchaseOrder","tab:LOCAL PO","button","button",,"","",,,,,"False",,
"https://mgm.ibos.io/purchase/purchaseOrder","tab:LOCAL PO","button","button",,"","",,,,,"False",,
"https://mgm.ibos.io/purchase/purchaseOrder","tab:LOCAL PO","button","button",,"","",,,,,"False",,
"https://mgm.ibos.io/purchase/purchaseOrder","tab:LOCAL PO","input",,,"","",,,,,"False",,
"https://mgm.ibos.io/purchase/purchaseOrder","tab:LOCAL PO","input","hidden",,"","40513",,,,,"False",,
"https://mgm.ibos.io/purchase/purchaseOrder","tab:LOCAL PO","input","text",,"","","Search....",,,,"False",,
"https://mgm.ibos.io/purchase/purchaseOrder","tab:LOCAL PO","button","button",,"","",,,,,"False",,
"https://mgm.ibos.io/purchase/purchaseOrder","tab:LOCAL PO","button","button",,"Excel","",,,,,"False",,
"https://mgm.ibos.io/purchase/purchaseOrder","tab:LOCAL PO","button","button",,"Create Local Order","",,,,,"False",,
"https://mgm.ibos.io/purchase/purchaseOrder","tab:LOCAL PO","button","button",,"LOCAL PO","",,,,,"False",,
"https://mgm.ibos.io/purchase/purchaseOrder","tab:LOCAL PO","button","button",,"FOREIGN PO","",,,,,"False",,
"https://mgm.ibos.io/purchase/purchaseOrder","tab:LOCAL PO","button","button",,"INDENTING PO","",,,,,"False",,
"https://mgm.ibos.io/purchase/purchaseOrder","tab:LOCAL PO","button","button",,"REQUISITION SUMMARY","",,,,,"False",,
"https://mgm.ibos.io/purchase/purchaseOrder","tab:LOCAL PO","button","button",,"PURCHASE METHOD","",,,,,"False",,
"https://mgm.ibos.io/purchase/purchaseOrder","tab:LOCAL PO","input","text",,"","",,,,,"False",,
"https://mgm.ibos.io/purchase/purchaseOrder","tab:LOCAL PO","input","hidden",,"","",,,,,"False",,
"https://mgm.ibos.io/purchase/purchaseOrder","tab:LOCAL PO","input","text",,"","",,,,,"False",,
"https://mgm.ibos.io/purchase/purchaseOrder","tab:LOCAL PO","input","hidden",,"","",,,,,"False",,
"https://mgm.ibos.io/purchase/purchaseOrder","tab:LOCAL PO","input","text",,"","",,,,,"False",,
"https://mgm.ibos.io/purchase/purchaseOrder","tab:LOCAL PO","input","hidden",,"","",,,,,"False",,
"https://mgm.ibos.io/purchase/purchaseOrder","tab:LOCAL PO","input","text",,"","",,,,,"False",,
"https://mgm.ibos.io/purchase/purchaseOrder","tab:LOCAL PO","input","date",,"","2026-08-13","From Date",,,,"False",,
"https://mgm.ibos.io/purchase/purchaseOrder","tab:LOCAL PO","input","date",,"","2026-09-13","To Date",,,,"False",,
"https://mgm.ibos.io/purchase/purchaseOrder","tab:LOCAL PO","button","submit",,"View","",,,,,"False",,
"https://mgm.ibos.io/purchase/purchaseOrder","tab:FOREIGN PO","input","text",,"","","Go to page...",,,,"False",,
"https://mgm.ibos.io/purchase/purchaseOrder","tab:FOREIGN PO","button","button",,"","",,,,,"False",,
"https://mgm.ibos.io/purchase/purchaseOrder","tab:FOREIGN PO","button","button",,"","",,,,,"False",,
"https://mgm.ibos.io/purchase/purchaseOrder","tab:FOREIGN PO","button","button",,"","",,,,,"False",,
"https://mgm.ibos.io/purchase/purchaseOrder","tab:FOREIGN PO","button","button",,"","",,,,,"False",,
"https://mgm.ibos.io/purchase/purchaseOrder","tab:FOREIGN PO","input",,,"","",,,,,"False",,
"https://mgm.ibos.io/purchase/purchaseOrder","tab:FOREIGN PO","input","hidden",,"","40513",,,,,"False",,
"https://mgm.ibos.io/purchase/purchaseOrder","tab:FOREIGN PO","input","text",,"","","Search....",,,,"False",,
"https://mgm.ibos.io/purchase/purchaseOrder","tab:FOREIGN PO","button","button",,"","",,,,,"False",,
"https://mgm.ibos.io/purchase/purchaseOrder","tab:FOREIGN PO","button","button",,"Excel","",,,,,"False",,
"https://mgm.ibos.io/purchase/purchaseOrder","tab:FOREIGN PO","button","button",,"Create Foreign Order","",,,,,"False",,
"https://mgm.ibos.io/purchase/purchaseOrder","tab:FOREIGN PO","button","button",,"LOCAL PO","",,,,,"False",,
"https://mgm.ibos.io/purchase/purchaseOrder","tab:FOREIGN PO","button","button",,"FOREIGN PO","",,,,,"False",,
"https://mgm.ibos.io/purchase/purchaseOrder","tab:FOREIGN PO","button","button",,"INDENTING PO","",,,,,"False",,
"https://mgm.ibos.io/purchase/purchaseOrder","tab:FOREIGN PO","button","button",,"REQUISITION SUMMARY","",,,,,"False",,
"https://mgm.ibos.io/purchase/purchaseOrder","tab:FOREIGN PO","button","button",,"PURCHASE METHOD","",,,,,"False",,
"https://mgm.ibos.io/purchase/purchaseOrder","tab:FOREIGN PO","input","text",,"","",,,,,"False",,
"https://mgm.ibos.io/purchase/purchaseOrder","tab:FOREIGN PO","input","hidden",,"","",,,,,"False",,
"https://mgm.ibos.io/purchase/purchaseOrder","tab:FOREIGN PO","input","text",,"","",,,,,"False",,
"https://mgm.ibos.io/purchase/purchaseOrder","tab:FOREIGN PO","input","hidden",,"","",,,,,"False",,
"https://mgm.ibos.io/purchase/purchaseOrder","tab:FOREIGN PO","input","text",,"","",,,,,"False",,
"https://mgm.ibos.io/purchase/purchaseOrder","tab:FOREIGN PO","input","date",,"","2026-08-13","From Date",,,,"False",,
"https://mgm.ibos.io/purchase/purchaseOrder","tab:FOREIGN PO","input","date",,"","2026-09-13","To Date",,,,"False",,
"https://mgm.ibos.io/purchase/purchaseOrder","tab:FOREIGN PO","button","submit",,"View","",,,,,"False",,
"https://mgm.ibos.io/purchase/purchaseOrder","tab:INDENTING PO","input","text",,"","","Go to page...",,,,"False",,
"https://mgm.ibos.io/purchase/purchaseOrder","tab:INDENTING PO","button","button",,"","",,,,,"False",,
"https://mgm.ibos.io/purchase/purchaseOrder","tab:INDENTING PO","button","button",,"","",,,,,"False",,
"https://mgm.ibos.io/purchase/purchaseOrder","tab:INDENTING PO","button","button",,"","",,,,,"False",,
"https://mgm.ibos.io/purchase/purchaseOrder","tab:INDENTING PO","button","button",,"","",,,,,"False",,
"https://mgm.ibos.io/purchase/purchaseOrder","tab:INDENTING PO","input",,,"","",,,,,"False",,
"https://mgm.ibos.io/purchase/purchaseOrder","tab:INDENTING PO","input","hidden",,"","40513",,,,,"False",,
"https://mgm.ibos.io/purchase/purchaseOrder","tab:INDENTING PO","input","text",,"","","Search....",,,,"False",,
"https://mgm.ibos.io/purchase/purchaseOrder","tab:INDENTING PO","button","button",,"","",,,,,"False",,
"https://mgm.ibos.io/purchase/purchaseOrder","tab:INDENTING PO","button","button",,"Excel","",,,,,"False",,
"https://mgm.ibos.io/purchase/purchaseOrder","tab:INDENTING PO","button","button",,"Create Indenting Order","",,,,,"False",,
"https://mgm.ibos.io/purchase/purchaseOrder","tab:INDENTING PO","button","button",,"LOCAL PO","",,,,,"False",,
"https://mgm.ibos.io/purchase/purchaseOrder","tab:INDENTING PO","button","button",,"FOREIGN PO","",,,,,"False",,
"https://mgm.ibos.io/purchase/purchaseOrder","tab:INDENTING PO","button","button",,"INDENTING PO","",,,,,"False",,
"https://mgm.ibos.io/purchase/purchaseOrder","tab:INDENTING PO","button","button",,"REQUISITION SUMMARY","",,,,,"False",,
"https://mgm.ibos.io/purchase/purchaseOrder","tab:INDENTING PO","button","button",,"PURCHASE METHOD","",,,,,"False",,
"https://mgm.ibos.io/purchase/purchaseOrder","tab:INDENTING PO","input","text",,"","",,,,,"False",,
"https://mgm.ibos.io/purchase/purchaseOrder","tab:INDENTING PO","input","hidden",,"","",,,,,"False",,
"https://mgm.ibos.io/purchase/purchaseOrder","tab:INDENTING PO","input","text",,"","",,,,,"False",,
"https://mgm.ibos.io/purchase/purchaseOrder","tab:INDENTING PO","input","hidden",,"","",,,,,"False",,
"https://mgm.ibos.io/purchase/purchaseOrder","tab:INDENTING PO","input","date",,"","2026-08-13","From Date",,,,"False",,
"https://mgm.ibos.io/purchase/purchaseOrder","tab:INDENTING PO","input","date",,"","2026-09-13","To Date",,,,"False",,
"https://mgm.ibos.io/purchase/purchaseOrder","tab:INDENTING PO","button","submit",,"View","",,,,,"False",,
"https://mgm.ibos.io/purchase/purchaseOrder","tab:REQUISITION SUMMARY","input","text",,"","","Go to page...",,,,"False",,
"https://mgm.ibos.io/purchase/purchaseOrder","tab:REQUISITION SUMMARY","button","button",,"","",,,,,"False",,
"https://mgm.ibos.io/purchase/purchaseOrder","tab:REQUISITION SUMMARY","button","button",,"","",,,,,"False",,
"https://mgm.ibos.io/purchase/purchaseOrder","tab:REQUISITION SUMMARY","button","button",,"","",,,,,"False",,
"https://mgm.ibos.io/purchase/purchaseOrder","tab:REQUISITION SUMMARY","button","button",,"","",,,,,"False",,
"https://mgm.ibos.io/purchase/purchaseOrder","tab:REQUISITION SUMMARY","input",,,"","",,,,,"False",,
"https://mgm.ibos.io/purchase/purchaseOrder","tab:REQUISITION SUMMARY","input","hidden",,"","40513",,,,,"False",,
"https://mgm.ibos.io/purchase/purchaseOrder","tab:REQUISITION SUMMARY","input","text",,"","","Search....",,,,"False",,
"https://mgm.ibos.io/purchase/purchaseOrder","tab:REQUISITION SUMMARY","button","button",,"","",,,,,"False",,
"https://mgm.ibos.io/purchase/purchaseOrder","tab:REQUISITION SUMMARY","button","button",,"Excel","",,,,,"False",,
"https://mgm.ibos.io/purchase/purchaseOrder","tab:REQUISITION SUMMARY","button","button",,"LOCAL PO","",,,,,"False",,
"https://mgm.ibos.io/purchase/purchaseOrder","tab:REQUISITION SUMMARY","button","button",,"FOREIGN PO","",,,,,"False",,
"https://mgm.ibos.io/purchase/purchaseOrder","tab:REQUISITION SUMMARY","button","button",,"INDENTING PO","",,,,,"False",,
"https://mgm.ibos.io/purchase/purchaseOrder","tab:REQUISITION SUMMARY","button","button",,"REQUISITION SUMMARY","",,,,,"False",,
"https://mgm.ibos.io/purchase/purchaseOrder","tab:REQUISITION SUMMARY","button","button",,"PURCHASE METHOD","",,,,,"False",,
"https://mgm.ibos.io/purchase/purchaseOrder","tab:REQUISITION SUMMARY","input","text",,"","",,,,,"False",,
"https://mgm.ibos.io/purchase/purchaseOrder","tab:REQUISITION SUMMARY","input","hidden",,"","",,,,,"False",,
"https://mgm.ibos.io/purchase/purchaseOrder","tab:REQUISITION SUMMARY","input","date",,"","2026-08-13","From Date",,,,"False",,
"https://mgm.ibos.io/purchase/purchaseOrder","tab:REQUISITION SUMMARY","input","date",,"","2026-09-13","To Date",,,,"False",,
"https://mgm.ibos.io/purchase/purchaseOrder","tab:REQUISITION SUMMARY","button","submit",,"View","",,,,,"False",,
"https://mgm.ibos.io/purchase/purchaseOrder","tab:PURCHASE METHOD","input","text",,"","","Go to page...",,,,"False",,
"https://mgm.ibos.io/purchase/purchaseOrder","tab:PURCHASE METHOD","button","button",,"","",,,,,"False",,
"https://mgm.ibos.io/purchase/purchaseOrder","tab:PURCHASE METHOD","button","button",,"","",,,,,"False",,
"https://mgm.ibos.io/purchase/purchaseOrder","tab:PURCHASE METHOD","button","button",,"","",,,,,"False",,
"https://mgm.ibos.io/purchase/purchaseOrder","tab:PURCHASE METHOD","button","button",,"","",,,,,"False",,
"https://mgm.ibos.io/purchase/purchaseOrder","tab:PURCHASE METHOD","input",,,"","",,,,,"False",,
"https://mgm.ibos.io/purchase/purchaseOrder","tab:PURCHASE METHOD","input","hidden",,"","40513",,,,,"False",,
"https://mgm.ibos.io/purchase/purchaseOrder","tab:PURCHASE METHOD","input","text",,"","","Search....",,,,"False",,
"https://mgm.ibos.io/purchase/purchaseOrder","tab:PURCHASE METHOD","button","button",,"","",,,,,"False",,
"https://mgm.ibos.io/purchase/purchaseOrder","tab:PURCHASE METHOD","button","button",,"LOCAL PO","",,,,,"False",,
"https://mgm.ibos.io/purchase/purchaseOrder","tab:PURCHASE METHOD","button","button",,"FOREIGN PO","",,,,,"False",,
"https://mgm.ibos.io/purchase/purchaseOrder","tab:PURCHASE METHOD","button","button",,"INDENTING PO","",,,,,"False",,
"https://mgm.ibos.io/purchase/purchaseOrder","tab:PURCHASE METHOD","button","button",,"REQUISITION SUMMARY","",,,,,"False",,
"https://mgm.ibos.io/purchase/purchaseOrder","tab:PURCHASE METHOD","button","button",,"PURCHASE METHOD","",,,,,"False",,
"https://mgm.ibos.io/purchase/purchaseOrder","tab:PURCHASE METHOD","input","text",,"","",,,,,"False",,
"https://mgm.ibos.io/purchase/purchaseOrder","tab:PURCHASE METHOD","input","hidden",,"","",,,,,"False",,
"https://mgm.ibos.io/purchase/purchaseOrder","tab:PURCHASE METHOD","input","text",,"","",,,,,"False",,
"https://mgm.ibos.io/purchase/purchaseOrder","tab:PURCHASE METHOD","input","hidden",,"","",,,,,"False",,
"https://mgm.ibos.io/purchase/purchaseOrder","tab:PURCHASE METHOD","input","text",,"","",,,,,"False",,
"https://mgm.ibos.io/purchase/purchaseOrder","tab:PURCHASE METHOD","input","text",,"","",,,,,"False",,
"https://mgm.ibos.io/purchase/purchaseOrder","tab:PURCHASE METHOD","input","hidden",,"","",,,,,"False",,
"https://mgm.ibos.io/purchase/purchaseOrder","tab:PURCHASE METHOD","input","text",,"","",,,,,"False",,
"https://mgm.ibos.io/purchase/purchaseOrder","tab:PURCHASE METHOD","input","hidden",,"","",,,,,"False",,
"https://mgm.ibos.io/purchase/purchaseOrder","tab:PURCHASE METHOD","input","date",,"","2026-08-13","From Date",,,,"False",,
"https://mgm.ibos.io/purchase/purchaseOrder","tab:PURCHASE METHOD","input","date",,"","2026-09-13","To Date",,,,"False",,
"https://mgm.ibos.io/purchase/purchaseOrder","tab:PURCHASE METHOD","button","submit",,"View","",,,,,"False",,
"https://mgm.ibos.io/purchase/purchaseRequisition","base","input","text",,"","","Go to page...",,,,"False","False","False"
"https://mgm.ibos.io/purchase/purchaseRequisition","base","button","button",,"","",,,,,"False","False",
"https://mgm.ibos.io/purchase/purchaseRequisition","base","button","button",,"","",,,,,"False","False",
"https://mgm.ibos.io/purchase/purchaseRequisition","base","button","button",,"","",,,,,"False","False",
"https://mgm.ibos.io/purchase/purchaseRequisition","base","button","button",,"","",,,,,"False","False",
"https://mgm.ibos.io/purchase/purchaseRequisition","base","input",,"combobox","","",,,"react-select-mgm-input",,"False","False","False"
"https://mgm.ibos.io/purchase/purchaseRequisition","base","input","hidden",,"","40513",,"branchList",,,"False","False","False"
"https://mgm.ibos.io/purchase/purchaseRequisition","base","input","text",,"","","Search....",,,"search","False","False","False"
"https://mgm.ibos.io/purchase/purchaseRequisition","base","button","button",,"","",,,,"menu","False","False",
"https://mgm.ibos.io/purchase/purchaseRequisition","base","button","button",,"Requisition","",,,,,"False","False",
"https://mgm.ibos.io/purchase/purchaseRequisition","base","button","button","tab","PURCHASE REQUISITION","",,,"mui-p-41082-T-0",,"False","False",
"https://mgm.ibos.io/purchase/purchaseRequisition","base","button","button","tab","REQUISITION SUMMARY","",,,"mui-p-41082-T-1",,"False","False",
"https://mgm.ibos.io/purchase/purchaseRequisition","base","input","text","combobox","","",,,"react-select-mgm-input",,"False","False","False"
"https://mgm.ibos.io/purchase/purchaseRequisition","base","input","hidden",,"","",,"office",,,"False","False","False"
"https://mgm.ibos.io/purchase/purchaseRequisition","base","input","text","combobox","","",,,"react-select-mgm-input",,"False","False","False"
"https://mgm.ibos.io/purchase/purchaseRequisition","base","input","hidden",,"","",,"warehouse",,,"False","False","False"
"https://mgm.ibos.io/purchase/purchaseRequisition","base","input","text","combobox","","",,,"react-select-mgm-input",,"False","False","False"
"https://mgm.ibos.io/purchase/purchaseRequisition","base","input","hidden",,"","",,"useFor",,,"False","False","False"
"https://mgm.ibos.io/purchase/purchaseRequisition","base","input","text","combobox","","",,,"react-select-mgm-input",,"False","False","False"
"https://mgm.ibos.io/purchase/purchaseRequisition","base","input","hidden",,"","",,"section",,,"False","False","False"
"https://mgm.ibos.io/purchase/purchaseRequisition","base","input","date",,"","2026-08-13","From Date","fromDate",,,"False","False","False"
"https://mgm.ibos.io/purchase/purchaseRequisition","base","input","date",,"","2026-09-13","To Date","toDate",,,"False","False","False"
"https://mgm.ibos.io/purchase/purchaseRequisition","base","input","text","combobox","","",,,"react-select-mgm-input",,"False","False","False"
"https://mgm.ibos.io/purchase/purchaseRequisition","base","input","hidden",,"","",,"status",,,"False","False","False"
"https://mgm.ibos.io/purchase/purchaseRequisition","base","input","text","combobox","","",,,"react-select-mgm-input",,"False","False","False"
"https://mgm.ibos.io/purchase/purchaseRequisition","base","input","hidden",,"","",,"buyerOffice",,,"False","False","False"
"https://mgm.ibos.io/purchase/purchaseRequisition","base","button","button",,"View","",,,,,"False","False",
"https://mgm.ibos.io/purchase/purchaseRequisition","base","button","button",,"EXCEL","",,,,,"False","False",
"https://mgm.ibos.io/purchase/purchaseRequisition","tab:PURCHASE REQUISITION","input","text",,"","","Go to page...",,,,"False",,
"https://mgm.ibos.io/purchase/purchaseRequisition","tab:PURCHASE REQUISITION","button","button",,"","",,,,,"False",,
"https://mgm.ibos.io/purchase/purchaseRequisition","tab:PURCHASE REQUISITION","button","button",,"","",,,,,"False",,
"https://mgm.ibos.io/purchase/purchaseRequisition","tab:PURCHASE REQUISITION","button","button",,"","",,,,,"False",,
"https://mgm.ibos.io/purchase/purchaseRequisition","tab:PURCHASE REQUISITION","button","button",,"","",,,,,"False",,
"https://mgm.ibos.io/purchase/purchaseRequisition","tab:PURCHASE REQUISITION","input",,,"","",,,,,"False",,
"https://mgm.ibos.io/purchase/purchaseRequisition","tab:PURCHASE REQUISITION","input","hidden",,"","40513",,,,,"False",,
"https://mgm.ibos.io/purchase/purchaseRequisition","tab:PURCHASE REQUISITION","input","text",,"","","Search....",,,,"False",,
"https://mgm.ibos.io/purchase/purchaseRequisition","tab:PURCHASE REQUISITION","button","button",,"","",,,,,"False",,
"https://mgm.ibos.io/purchase/purchaseRequisition","tab:PURCHASE REQUISITION","button","button",,"Requisition","",,,,,"False",,
"https://mgm.ibos.io/purchase/purchaseRequisition","tab:PURCHASE REQUISITION","button","button",,"PURCHASE REQUISITION","",,,,,"False",,
"https://mgm.ibos.io/purchase/purchaseRequisition","tab:PURCHASE REQUISITION","button","button",,"REQUISITION SUMMARY","",,,,,"False",,
"https://mgm.ibos.io/purchase/purchaseRequisition","tab:PURCHASE REQUISITION","input","text",,"","",,,,,"False",,
"https://mgm.ibos.io/purchase/purchaseRequisition","tab:PURCHASE REQUISITION","input","hidden",,"","",,,,,"False",,
"https://mgm.ibos.io/purchase/purchaseRequisition","tab:PURCHASE REQUISITION","input","text",,"","",,,,,"False",,
"https://mgm.ibos.io/purchase/purchaseRequisition","tab:PURCHASE REQUISITION","input","hidden",,"","",,,,,"False",,
"https://mgm.ibos.io/purchase/purchaseRequisition","tab:PURCHASE REQUISITION","input","text",,"","",,,,,"False",,
"https://mgm.ibos.io/purchase/purchaseRequisition","tab:PURCHASE REQUISITION","input","hidden",,"","",,,,,"False",,
"https://mgm.ibos.io/purchase/purchaseRequisition","tab:PURCHASE REQUISITION","input","text",,"","",,,,,"False",,
"https://mgm.ibos.io/purchase/purchaseRequisition","tab:PURCHASE REQUISITION","input","hidden",,"","",,,,,"False",,
"https://mgm.ibos.io/purchase/purchaseRequisition","tab:PURCHASE REQUISITION","input","date",,"","2026-08-13","From Date",,,,"False",,
"https://mgm.ibos.io/purchase/purchaseRequisition","tab:PURCHASE REQUISITION","input","date",,"","2026-09-13","To Date",,,,"False",,
"https://mgm.ibos.io/purchase/purchaseRequisition","tab:PURCHASE REQUISITION","input","text",,"","",,,,,"False",,
"https://mgm.ibos.io/purchase/purchaseRequisition","tab:PURCHASE REQUISITION","input","hidden",,"","",,,,,"False",,
"https://mgm.ibos.io/purchase/purchaseRequisition","tab:PURCHASE REQUISITION","input","text",,"","",,,,,"False",,
"https://mgm.ibos.io/purchase/purchaseRequisition","tab:PURCHASE REQUISITION","input","hidden",,"","",,,,,"False",,
"https://mgm.ibos.io/purchase/purchaseRequisition","tab:PURCHASE REQUISITION","button","button",,"View","",,,,,"False",,
"https://mgm.ibos.io/purchase/purchaseRequisition","tab:PURCHASE REQUISITION","button","button",,"EXCEL","",,,,,"False",,
"https://mgm.ibos.io/purchase/purchaseRequisition","tab:REQUISITION SUMMARY","input","text",,"","","Go to page...",,,,"False",,
"https://mgm.ibos.io/purchase/purchaseRequisition","tab:REQUISITION SUMMARY","button","button",,"","",,,,,"False",,
"https://mgm.ibos.io/purchase/purchaseRequisition","tab:REQUISITION SUMMARY","button","button",,"","",,,,,"False",,
"https://mgm.ibos.io/purchase/purchaseRequisition","tab:REQUISITION SUMMARY","button","button",,"","",,,,,"False",,
"https://mgm.ibos.io/purchase/purchaseRequisition","tab:REQUISITION SUMMARY","button","button",,"","",,,,,"False",,
"https://mgm.ibos.io/purchase/purchaseRequisition","tab:REQUISITION SUMMARY","input",,,"","",,,,,"False",,
"https://mgm.ibos.io/purchase/purchaseRequisition","tab:REQUISITION SUMMARY","input","hidden",,"","40513",,,,,"False",,
"https://mgm.ibos.io/purchase/purchaseRequisition","tab:REQUISITION SUMMARY","input","text",,"","","Search....",,,,"False",,
"https://mgm.ibos.io/purchase/purchaseRequisition","tab:REQUISITION SUMMARY","button","button",,"","",,,,,"False",,
"https://mgm.ibos.io/purchase/purchaseRequisition","tab:REQUISITION SUMMARY","button","button",,"PURCHASE REQUISITION","",,,,,"False",,
"https://mgm.ibos.io/purchase/purchaseRequisition","tab:REQUISITION SUMMARY","button","button",,"REQUISITION SUMMARY","",,,,,"False",,
"https://mgm.ibos.io/purchase/purchaseRequisition","tab:REQUISITION SUMMARY","input","text",,"","",,,,,"False",,
"https://mgm.ibos.io/purchase/purchaseRequisition","tab:REQUISITION SUMMARY","input","hidden",,"","0",,,,,"False",,
"https://mgm.ibos.io/purchase/purchaseRequisition","tab:REQUISITION SUMMARY","input","text",,"","",,,,,"False",,
"https://mgm.ibos.io/purchase/purchaseRequisition","tab:REQUISITION SUMMARY","input","hidden",,"","0",,,,,"False",,
"https://mgm.ibos.io/purchase/purchaseRequisition","tab:REQUISITION SUMMARY","input","date",,"","2026-08-13","From Date",,,,"False",,
"https://mgm.ibos.io/purchase/purchaseRequisition","tab:REQUISITION SUMMARY","input","date",,"","2026-09-13","To Date",,,,"False",,
"https://mgm.ibos.io/purchase/purchaseRequisition","tab:REQUISITION SUMMARY","input","text",,"","",,,,,"False",,
"https://mgm.ibos.io/purchase/purchaseRequisition","tab:REQUISITION SUMMARY","input","hidden",,"","0",,,,,"False",,
"https://mgm.ibos.io/purchase/purchaseRequisition","tab:REQUISITION SUMMARY","input","text",,"","",,,,,"False",,
"https://mgm.ibos.io/purchase/purchaseRequisition","tab:REQUISITION SUMMARY","input","hidden",,"","0",,,,,"False",,
"https://mgm.ibos.io/purchase/purchaseRequisition","tab:REQUISITION SUMMARY","input","text",,"","",,,,,"False",,
"https://mgm.ibos.io/purchase/purchaseRequisition","tab:REQUISITION SUMMARY","input","hidden",,"","",,,,,"False",,
"https://mgm.ibos.io/purchase/purchaseRequisition","tab:REQUISITION SUMMARY","input","checkbox",,"","on",,,,,"False",,
"https://mgm.ibos.io/purchase/purchaseRequisition","tab:REQUISITION SUMMARY","button","button",,"View","",,,,,"False",,
"https://mgm.ibos.io/purchase/purchaseRequisition","tab:REQUISITION SUMMARY","button","button",,"EXCEL","",,,,,"False",,
"https://mgm.ibos.io/purchase/purchaseReturn","base","input","text",,"","","Go to page...",,,,"False","False","False"
"https://mgm.ibos.io/purchase/purchaseReturn","base","button","button",,"","",,,,,"False","False",
"https://mgm.ibos.io/purchase/purchaseReturn","base","button","button",,"","",,,,,"False","False",
"https://mgm.ibos.io/purchase/purchaseReturn","base","button","button",,"","",,,,,"False","False",
"https://mgm.ibos.io/purchase/purchaseReturn","base","button","button",,"","",,,,,"False","False",
"https://mgm.ibos.io/purchase/purchaseReturn","base","input",,"combobox","","",,,"react-select-mgm-input",,"False","False","False"
"https://mgm.ibos.io/purchase/purchaseReturn","base","input","hidden",,"","40513",,"branchList",,,"False","False","False"
"https://mgm.ibos.io/purchase/purchaseReturn","base","input","text",,"","","Search....",,,"search","False","False","False"
"https://mgm.ibos.io/purchase/purchaseReturn","base","button","button",,"","",,,,"menu","False","False",
"https://mgm.ibos.io/purchase/purchaseReturn","base","button","button",,"Return Without Ref.","",,,"demo-positioned-button",,"False","False",
"https://mgm.ibos.io/purchase/purchaseReturn","base","button","button","tab","RECEIVED LIST","",,,"simple-tab-0",,"False","False",
"https://mgm.ibos.io/purchase/purchaseReturn","base","button","button","tab","RETURN LIST","",,,"simple-tab-1",,"False","False",
"https://mgm.ibos.io/purchase/purchaseReturn","tab:RECEIVED LIST","input","text",,"","","Go to page...",,,,"False",,
"https://mgm.ibos.io/purchase/purchaseReturn","tab:RECEIVED LIST","button","button",,"","",,,,,"False",,
"https://mgm.ibos.io/purchase/purchaseReturn","tab:RECEIVED LIST","button","button",,"","",,,,,"False",,
"https://mgm.ibos.io/purchase/purchaseReturn","tab:RECEIVED LIST","button","button",,"","",,,,,"False",,
"https://mgm.ibos.io/purchase/purchaseReturn","tab:RECEIVED LIST","button","button",,"","",,,,,"False",,
"https://mgm.ibos.io/purchase/purchaseReturn","tab:RECEIVED LIST","input",,,"","",,,,,"False",,
"https://mgm.ibos.io/purchase/purchaseReturn","tab:RECEIVED LIST","input","hidden",,"","40513",,,,,"False",,
"https://mgm.ibos.io/purchase/purchaseReturn","tab:RECEIVED LIST","input","text",,"","","Search....",,,,"False",,
"https://mgm.ibos.io/purchase/purchaseReturn","tab:RECEIVED LIST","button","button",,"","",,,,,"False",,
"https://mgm.ibos.io/purchase/purchaseReturn","tab:RECEIVED LIST","button","button",,"Return Without Ref.","",,,,,"False",,
"https://mgm.ibos.io/purchase/purchaseReturn","tab:RECEIVED LIST","button","button",,"RECEIVED LIST","",,,,,"False",,
"https://mgm.ibos.io/purchase/purchaseReturn","tab:RECEIVED LIST","button","button",,"RETURN LIST","",,,,,"False",,
"https://mgm.ibos.io/purchase/purchaseReturn","tab:RETURN LIST","input","text",,"","","Go to page...",,,,"False",,
"https://mgm.ibos.io/purchase/purchaseReturn","tab:RETURN LIST","button","button",,"","",,,,,"False",,
"https://mgm.ibos.io/purchase/purchaseReturn","tab:RETURN LIST","button","button",,"","",,,,,"False",,
"https://mgm.ibos.io/purchase/purchaseReturn","tab:RETURN LIST","button","button",,"","",,,,,"False",,
"https://mgm.ibos.io/purchase/purchaseReturn","tab:RETURN LIST","button","button",,"","",,,,,"False",,
"https://mgm.ibos.io/purchase/purchaseReturn","tab:RETURN LIST","input",,,"","",,,,,"False",,
"https://mgm.ibos.io/purchase/purchaseReturn","tab:RETURN LIST","input","hidden",,"","40513",,,,,"False",,
"https://mgm.ibos.io/purchase/purchaseReturn","tab:RETURN LIST","input","text",,"","","Search....",,,,"False",,
"https://mgm.ibos.io/purchase/purchaseReturn","tab:RETURN LIST","button","button",,"","",,,,,"False",,
"https://mgm.ibos.io/purchase/purchaseReturn","tab:RETURN LIST","button","button",,"Return Without Ref.","",,,,,"False",,
"https://mgm.ibos.io/purchase/purchaseReturn","tab:RETURN LIST","button","button",,"RECEIVED LIST","",,,,,"False",,
"https://mgm.ibos.io/purchase/purchaseReturn","tab:RETURN LIST","button","button",,"RETURN LIST","",,,,,"False",,
"https://mgm.ibos.io/purchase/purchaseReturn","tab:RETURN LIST","input","text",,"","",,,,,"False",,
"https://mgm.ibos.io/purchase/purchaseReturn","tab:RETURN LIST","input","hidden",,"","0",,,,,"False",,
"https://mgm.ibos.io/purchase/purchaseReturn","tab:RETURN LIST","input","text",,"","",,,,,"False",,
"https://mgm.ibos.io/purchase/purchaseReturn","tab:RETURN LIST","input","hidden",,"","",,,,,"False",,
"https://mgm.ibos.io/purchase/purchaseReturn","tab:RETURN LIST","input","date",,"","2026-08-13","Text",,,,"False",,
"https://mgm.ibos.io/purchase/purchaseReturn","tab:RETURN LIST","input","date",,"","2026-09-13","Text",,,,"False",,
"https://mgm.ibos.io/purchase/purchaseReturn","tab:RETURN LIST","button","button",,"View","",,,,,"False",,
"https://mgm.ibos.io/purchase/quotationEntry","base","input","text",,"","","Go to page...",,,,"False","False","False"
"https://mgm.ibos.io/purchase/quotationEntry","base","button","button",,"","",,,,,"False","False",
"https://mgm.ibos.io/purchase/quotationEntry","base","button","button",,"","",,,,,"False","False",
"https://mgm.ibos.io/purchase/quotationEntry","base","button","button",,"","",,,,,"False","False",
"https://mgm.ibos.io/purchase/quotationEntry","base","button","button",,"","",,,,,"False","False",
"https://mgm.ibos.io/purchase/quotationEntry","base","input",,"combobox","","",,,"react-select-mgm-input",,"False","False","False"
"https://mgm.ibos.io/purchase/quotationEntry","base","input","hidden",,"","40513",,"branchList",,,"False","False","False"
"https://mgm.ibos.io/purchase/quotationEntry","base","input","text",,"","","Search",,,"search","False","False","False"
"https://mgm.ibos.io/purchase/quotationEntry","base","button","button",,"","",,,,"menu","False","False",
"https://mgm.ibos.io/purchase/quotationEntry","base","button","button",,"Create Quotation Entry","",,,"demo-positioned-button",,"False","False",
"https://mgm.ibos.io/purchase/quotationEntry","base","input","date",,"","2026-08-13","From Date","fromDate",,,"False","False","False"
"https://mgm.ibos.io/purchase/quotationEntry","base","input","date",,"","2026-09-13","To Date","toDate",,,"False","False","False"
"https://mgm.ibos.io/purchase/quotationEntry","base","input","text","combobox","","",,,"react-select-mgm-input",,"False","False","False"
"https://mgm.ibos.io/purchase/quotationEntry","base","input","hidden",,"","1",,"rfqType",,,"False","False","False"
"https://mgm.ibos.io/purchase/quotationEntry","base","button","submit",,"View","",,,,,"False","False",
"https://mgm.ibos.io/purchase/rfq","base","input","text",,"","","Go to page...",,,,"False","False","False"
"https://mgm.ibos.io/purchase/rfq","base","button","button",,"","",,,,,"False","False",
"https://mgm.ibos.io/purchase/rfq","base","button","button",,"","",,,,,"False","False",
"https://mgm.ibos.io/purchase/rfq","base","button","button",,"","",,,,,"False","False",
"https://mgm.ibos.io/purchase/rfq","base","button","button",,"","",,,,,"False","False",
"https://mgm.ibos.io/purchase/rfq","base","input",,"combobox","","",,,"react-select-mgm-input",,"False","False","False"
"https://mgm.ibos.io/purchase/rfq","base","input","hidden",,"","40513",,"branchList",,,"False","False","False"
"https://mgm.ibos.io/purchase/rfq","base","input","text",,"","","Search....",,,"search","False","False","False"
"https://mgm.ibos.io/purchase/rfq","base","button","button",,"","",,,,"menu","False","False",
"https://mgm.ibos.io/purchase/rfq","base","button","button",,"Create RFQ","",,,"demo-positioned-button",,"False","False",
"https://mgm.ibos.io/purchase/rfq","base","input","text","combobox","","",,,"react-select-mgm-input",,"False","False","False"
"https://mgm.ibos.io/purchase/rfq","base","input","hidden",,"","",,"itemTypeName",,,"False","False","False"
"https://mgm.ibos.io/purchase/rfq","base","input","date",,"","2026-08-13","From Date","fromDate",,,"False","False","False"
"https://mgm.ibos.io/purchase/rfq","base","input","date",,"","2026-09-13","To Date","toDate",,,"False","False","False"
"https://mgm.ibos.io/purchase/rfq","base","button","submit",,"View","",,,,,"False","False",
"https://mgm.ibos.io/sales/deliverySchedule","base","input","text",,"","","Go to page...",,,,"False","False","False"
"https://mgm.ibos.io/sales/deliverySchedule","base","button","button",,"","",,,,,"False","False",
"https://mgm.ibos.io/sales/deliverySchedule","base","button","button",,"","",,,,,"False","False",
"https://mgm.ibos.io/sales/deliverySchedule","base","button","button",,"","",,,,,"False","False",
"https://mgm.ibos.io/sales/deliverySchedule","base","button","button",,"","",,,,,"False","False",
"https://mgm.ibos.io/sales/deliverySchedule","base","input",,"combobox","","",,,"react-select-mgm-input",,"False","False","False"
"https://mgm.ibos.io/sales/deliverySchedule","base","input","hidden",,"","40513",,"branchList",,,"False","False","False"
"https://mgm.ibos.io/sales/deliverySchedule","base","input","text",,"","","Search....",,,"search","False","False","False"
"https://mgm.ibos.io/sales/deliverySchedule","base","button","button",,"","",,,,"menu","False","False",
"https://mgm.ibos.io/sales/deliverySchedule","base","button","button",,"Excel","",,,,,"False","False",
"https://mgm.ibos.io/sales/deliverySchedule","base","button","button","tab","APPROVED SO","",,,,,"False","False",
"https://mgm.ibos.io/sales/deliverySchedule","tab:APPROVED SO","input","text",,"","","Go to page...",,,,"False",,
"https://mgm.ibos.io/sales/deliverySchedule","tab:APPROVED SO","button","button",,"","",,,,,"False",,
"https://mgm.ibos.io/sales/deliverySchedule","tab:APPROVED SO","button","button",,"","",,,,,"False",,
"https://mgm.ibos.io/sales/deliverySchedule","tab:APPROVED SO","button","button",,"","",,,,,"False",,
"https://mgm.ibos.io/sales/deliverySchedule","tab:APPROVED SO","button","button",,"","",,,,,"False",,
"https://mgm.ibos.io/sales/deliverySchedule","tab:APPROVED SO","input",,,"","",,,,,"False",,
"https://mgm.ibos.io/sales/deliverySchedule","tab:APPROVED SO","input","hidden",,"","40513",,,,,"False",,
"https://mgm.ibos.io/sales/deliverySchedule","tab:APPROVED SO","input","text",,"","","Search....",,,,"False",,
"https://mgm.ibos.io/sales/deliverySchedule","tab:APPROVED SO","button","button",,"","",,,,,"False",,
"https://mgm.ibos.io/sales/deliverySchedule","tab:APPROVED SO","button","button",,"Excel","",,,,,"False",,
"https://mgm.ibos.io/sales/deliverySchedule","tab:APPROVED SO","button","button",,"Create Schedule","",,,,,"False",,
"https://mgm.ibos.io/sales/deliverySchedule","tab:APPROVED SO","button","button",,"APPROVED SO","",,,,,"False",,
"https://mgm.ibos.io/sales/deliverySchedule","tab:APPROVED SO","input","text",,"","",,,,,"False",,
"https://mgm.ibos.io/sales/deliverySchedule","tab:APPROVED SO","input","hidden",,"","",,,,,"False",,
"https://mgm.ibos.io/sales/deliverySchedule","tab:APPROVED SO","input","text",,"","",,,,,"False",,
"https://mgm.ibos.io/sales/deliverySchedule","tab:APPROVED SO","input","hidden",,"","",,,,,"False",,
"https://mgm.ibos.io/sales/deliverySchedule","tab:APPROVED SO","input","text",,"","",,,,,"False",,
"https://mgm.ibos.io/sales/deliverySchedule","tab:APPROVED SO","input","text",,"","",,,,,"False",,
"https://mgm.ibos.io/sales/deliverySchedule","tab:APPROVED SO","input","hidden",,"","",,,,,"False",,
"https://mgm.ibos.io/sales/deliverySchedule","tab:APPROVED SO","input","text",,"","",,,,,"False",,
"https://mgm.ibos.io/sales/deliverySchedule","tab:APPROVED SO","input","hidden",,"","",,,,,"False",,
"https://mgm.ibos.io/sales/deliverySchedule","tab:APPROVED SO","input","text",,"","",,,,,"False",,
"https://mgm.ibos.io/sales/deliverySchedule","tab:APPROVED SO","input","hidden",,"","",,,,,"False",,
"https://mgm.ibos.io/sales/deliverySchedule","tab:APPROVED SO","input","date",,"","2026-09-07","Text",,,,"False",,
"https://mgm.ibos.io/sales/deliverySchedule","tab:APPROVED SO","input","date",,"","2026-09-13","Text",,,,"False",,
"https://mgm.ibos.io/sales/deliverySchedule","tab:APPROVED SO","input","text",,"","",,,,,"False",,
"https://mgm.ibos.io/sales/deliverySchedule","tab:APPROVED SO","input","hidden",,"","",,,,,"False",,
"https://mgm.ibos.io/sales/deliverySchedule","tab:APPROVED SO","input","text",,"","",,,,,"False",,
"https://mgm.ibos.io/sales/deliverySchedule","tab:APPROVED SO","input","hidden",,"","",,,,,"False",,
"https://mgm.ibos.io/sales/deliverySchedule","tab:APPROVED SO","input","text",,"","",,,,,"False",,
"https://mgm.ibos.io/sales/deliverySchedule","tab:APPROVED SO","input","hidden",,"","",,,,,"False",,
"https://mgm.ibos.io/sales/deliverySchedule","tab:APPROVED SO","input","text",,"","",,,,,"True",,
"https://mgm.ibos.io/sales/deliverySchedule","tab:APPROVED SO","input","text",,"","",,,,,"False",,
"https://mgm.ibos.io/sales/deliverySchedule","tab:APPROVED SO","input","hidden",,"","",,,,,"False",,
"https://mgm.ibos.io/sales/deliverySchedule","tab:APPROVED SO","button","button",,"View","",,,,,"False",,
"https://mgm.ibos.io/sales/fieldCollection","base","input","text",,"","","Go to page...",,,,"False","False","False"
"https://mgm.ibos.io/sales/fieldCollection","base","button","button",,"","",,,,,"False","False",
"https://mgm.ibos.io/sales/fieldCollection","base","button","button",,"","",,,,,"False","False",
"https://mgm.ibos.io/sales/fieldCollection","base","button","button",,"","",,,,,"False","False",
"https://mgm.ibos.io/sales/fieldCollection","base","button","button",,"","",,,,,"False","False",
"https://mgm.ibos.io/sales/fieldCollection","base","input",,"combobox","","",,,"react-select-mgm-input",,"False","False","False"
"https://mgm.ibos.io/sales/fieldCollection","base","input","hidden",,"","40513",,"branchList",,,"False","False","False"
"https://mgm.ibos.io/sales/fieldCollection","base","input","text",,"","","Search....",,,"search","False","False","False"
"https://mgm.ibos.io/sales/fieldCollection","base","button","button",,"","",,,,"menu","False","False",
"https://mgm.ibos.io/sales/fieldCollection","base","button","button",,"Create Collection","",,,,,"False","False",
"https://mgm.ibos.io/sales/fieldCollection","base","button","button","tab","FIELD COLLECTION","",,,"simple-tab-0",,"False","False",
"https://mgm.ibos.io/sales/fieldCollection","base","button","button","tab","FIELD COLLECTION REPORT","",,,"simple-tab-1",,"False","False",
"https://mgm.ibos.io/sales/fieldCollection","base","input","text","combobox","","",,,"react-select-mgm-input",,"False","False","False"
"https://mgm.ibos.io/sales/fieldCollection","base","input","hidden",,"","",,"office",,,"False","False","False"
"https://mgm.ibos.io/sales/fieldCollection","base","input","text","combobox","","",,,"react-select-mgm-input",,"False","False","False"
"https://mgm.ibos.io/sales/fieldCollection","base","input","hidden",,"","",,"employee",,,"False","False","False"
"https://mgm.ibos.io/sales/fieldCollection","base","input","text","combobox","","",,,"react-select-mgm-input",,"False","False","False"
"https://mgm.ibos.io/sales/fieldCollection","base","input","hidden",,"","",,"collectionType",,,"False","False","False"
"https://mgm.ibos.io/sales/fieldCollection","base","button","button",,"View","",,,,,"False","False",
"https://mgm.ibos.io/sales/fieldCollection","base","button",,,"Other Deposit","",,,,,"True","False",
"https://mgm.ibos.io/sales/fieldCollection","base","button",,,"Deposit","",,,,,"True","False",
"https://mgm.ibos.io/sales/fieldCollection","base","input","checkbox",,"","on",,"isAllCheck",,"Select all","False","False","False"
"https://mgm.ibos.io/sales/fieldCollection","base","input","checkbox",,"","on",,"isCheck",,,"False","False","False"
"https://mgm.ibos.io/sales/fieldCollection","base","button","button",,"","",,,,,"False","False",
"https://mgm.ibos.io/sales/fieldCollection","base","button",,,"","",,,,,"False","False",
"https://mgm.ibos.io/sales/fieldCollection","base","input","checkbox",,"","on",,"isCheck",,,"False","False","False"
"https://mgm.ibos.io/sales/fieldCollection","base","button","button",,"","",,,,,"False","False",
"https://mgm.ibos.io/sales/fieldCollection","base","button",,,"","",,,,,"False","False",
"https://mgm.ibos.io/sales/fieldCollection","base","input","checkbox",,"","on",,"isCheck",,,"False","False","False"
"https://mgm.ibos.io/sales/fieldCollection","base","button","button",,"","",,,,,"False","False",
"https://mgm.ibos.io/sales/fieldCollection","base","button",,,"","",,,,,"False","False",
"https://mgm.ibos.io/sales/fieldCollection","base","input","checkbox",,"","on",,"isCheck",,,"False","False","False"
"https://mgm.ibos.io/sales/fieldCollection","base","button","button",,"","",,,,,"False","False",
"https://mgm.ibos.io/sales/fieldCollection","base","button",,,"","",,,,,"False","False",
"https://mgm.ibos.io/sales/fieldCollection","base","input","checkbox",,"","on",,"isCheck",,,"False","False","False"
"https://mgm.ibos.io/sales/fieldCollection","base","button","button",,"","",,,,,"False","False",
"https://mgm.ibos.io/sales/fieldCollection","base","button",,,"","",,,,,"False","False",
"https://mgm.ibos.io/sales/fieldCollection","base","input","checkbox",,"","on",,"isCheck",,,"False","False","False"
"https://mgm.ibos.io/sales/fieldCollection","base","button","button",,"","",,,,,"False","False",
"https://mgm.ibos.io/sales/fieldCollection","base","button",,,"","",,,,,"False","False",
"https://mgm.ibos.io/sales/fieldCollection","base","input","checkbox",,"","on",,"isCheck",,,"False","False","False"
"https://mgm.ibos.io/sales/fieldCollection","base","button","button",,"","",,,,,"False","False",
"https://mgm.ibos.io/sales/fieldCollection","base","button",,,"","",,,,,"False","False",
"https://mgm.ibos.io/sales/fieldCollection","base","input","checkbox",,"","on",,"isCheck",,,"False","False","False"
"https://mgm.ibos.io/sales/fieldCollection","base","button","button",,"","",,,,,"False","False",
"https://mgm.ibos.io/sales/fieldCollection","base","button",,,"","",,,,,"False","False",
"https://mgm.ibos.io/sales/fieldCollection","base","div",,"combobox","50",,,,"_r_10_",,"False","False",
"https://mgm.ibos.io/sales/fieldCollection","base","input",,,"","50",,,,,"False","False","False"
"https://mgm.ibos.io/sales/fieldCollection","base","button","button",,"","",,,,"Go to previous page","True","False",
"https://mgm.ibos.io/sales/fieldCollection","base","button","button",,"","",,,,"Go to next page","True","False",
"https://mgm.ibos.io/sales/fieldCollection","tab:FIELD COLLECTION","input","text",,"","","Go to page...",,,,"False",,
"https://mgm.ibos.io/sales/fieldCollection","tab:FIELD COLLECTION","button","button",,"","",,,,,"False",,
"https://mgm.ibos.io/sales/fieldCollection","tab:FIELD COLLECTION","button","button",,"","",,,,,"False",,
"https://mgm.ibos.io/sales/fieldCollection","tab:FIELD COLLECTION","button","button",,"","",,,,,"False",,
"https://mgm.ibos.io/sales/fieldCollection","tab:FIELD COLLECTION","button","button",,"","",,,,,"False",,
"https://mgm.ibos.io/sales/fieldCollection","tab:FIELD COLLECTION","input",,,"","",,,,,"False",,
"https://mgm.ibos.io/sales/fieldCollection","tab:FIELD COLLECTION","input","hidden",,"","40513",,,,,"False",,
"https://mgm.ibos.io/sales/fieldCollection","tab:FIELD COLLECTION","input","text",,"","","Search....",,,,"False",,
"https://mgm.ibos.io/sales/fieldCollection","tab:FIELD COLLECTION","button","button",,"","",,,,,"False",,
"https://mgm.ibos.io/sales/fieldCollection","tab:FIELD COLLECTION","button","button",,"Create Collection","",,,,,"False",,
"https://mgm.ibos.io/sales/fieldCollection","tab:FIELD COLLECTION","button","button",,"FIELD COLLECTION","",,,,,"False",,
"https://mgm.ibos.io/sales/fieldCollection","tab:FIELD COLLECTION","button","button",,"FIELD COLLECTION REPORT","",,,,,"False",,
"https://mgm.ibos.io/sales/fieldCollection","tab:FIELD COLLECTION","input","text",,"","",,,,,"False",,
"https://mgm.ibos.io/sales/fieldCollection","tab:FIELD COLLECTION","input","hidden",,"","",,,,,"False",,
"https://mgm.ibos.io/sales/fieldCollection","tab:FIELD COLLECTION","input","text",,"","",,,,,"False",,
"https://mgm.ibos.io/sales/fieldCollection","tab:FIELD COLLECTION","input","hidden",,"","",,,,,"False",,
"https://mgm.ibos.io/sales/fieldCollection","tab:FIELD COLLECTION","input","text",,"","",,,,,"False",,
"https://mgm.ibos.io/sales/fieldCollection","tab:FIELD COLLECTION","input","hidden",,"","",,,,,"False",,
"https://mgm.ibos.io/sales/fieldCollection","tab:FIELD COLLECTION","button","button",,"View","",,,,,"False",,
"https://mgm.ibos.io/sales/fieldCollection","tab:FIELD COLLECTION","button",,,"Other Deposit","",,,,,"True",,
"https://mgm.ibos.io/sales/fieldCollection","tab:FIELD COLLECTION","button",,,"Deposit","",,,,,"True",,
"https://mgm.ibos.io/sales/fieldCollection","tab:FIELD COLLECTION","input","checkbox",,"","on",,,,,"False",,
"https://mgm.ibos.io/sales/fieldCollection","tab:FIELD COLLECTION","input","checkbox",,"","on",,,,,"False",,
"https://mgm.ibos.io/sales/fieldCollection","tab:FIELD COLLECTION","button","button",,"","",,,,,"False",,
"https://mgm.ibos.io/sales/fieldCollection","tab:FIELD COLLECTION","button",,,"","",,,,,"False",,
"https://mgm.ibos.io/sales/fieldCollection","tab:FIELD COLLECTION","input","checkbox",,"","on",,,,,"False",,
"https://mgm.ibos.io/sales/fieldCollection","tab:FIELD COLLECTION","button","button",,"","",,,,,"False",,
"https://mgm.ibos.io/sales/fieldCollection","tab:FIELD COLLECTION","button",,,"","",,,,,"False",,
"https://mgm.ibos.io/sales/fieldCollection","tab:FIELD COLLECTION","input","checkbox",,"","on",,,,,"False",,
"https://mgm.ibos.io/sales/fieldCollection","tab:FIELD COLLECTION","button","button",,"","",,,,,"False",,
"https://mgm.ibos.io/sales/fieldCollection","tab:FIELD COLLECTION","button",,,"","",,,,,"False",,
"https://mgm.ibos.io/sales/fieldCollection","tab:FIELD COLLECTION","input","checkbox",,"","on",,,,,"False",,
"https://mgm.ibos.io/sales/fieldCollection","tab:FIELD COLLECTION","button","button",,"","",,,,,"False",,
"https://mgm.ibos.io/sales/fieldCollection","tab:FIELD COLLECTION","button",,,"","",,,,,"False",,
"https://mgm.ibos.io/sales/fieldCollection","tab:FIELD COLLECTION","input","checkbox",,"","on",,,,,"False",,
"https://mgm.ibos.io/sales/fieldCollection","tab:FIELD COLLECTION","button","button",,"","",,,,,"False",,
"https://mgm.ibos.io/sales/fieldCollection","tab:FIELD COLLECTION","button",,,"","",,,,,"False",,
"https://mgm.ibos.io/sales/fieldCollection","tab:FIELD COLLECTION","input","checkbox",,"","on",,,,,"False",,
"https://mgm.ibos.io/sales/fieldCollection","tab:FIELD COLLECTION","button","button",,"","",,,,,"False",,
"https://mgm.ibos.io/sales/fieldCollection","tab:FIELD COLLECTION","button",,,"","",,,,,"False",,
"https://mgm.ibos.io/sales/fieldCollection","tab:FIELD COLLECTION","input","checkbox",,"","on",,,,,"False",,
"https://mgm.ibos.io/sales/fieldCollection","tab:FIELD COLLECTION","button","button",,"","",,,,,"False",,
"https://mgm.ibos.io/sales/fieldCollection","tab:FIELD COLLECTION","button",,,"","",,,,,"False",,
"https://mgm.ibos.io/sales/fieldCollection","tab:FIELD COLLECTION","input","checkbox",,"","on",,,,,"False",,
"https://mgm.ibos.io/sales/fieldCollection","tab:FIELD COLLECTION","button","button",,"","",,,,,"False",,
"https://mgm.ibos.io/sales/fieldCollection","tab:FIELD COLLECTION","button",,,"","",,,,,"False",,
"https://mgm.ibos.io/sales/fieldCollection","tab:FIELD COLLECTION","div",,,"50",,,,,,"False",,
"https://mgm.ibos.io/sales/fieldCollection","tab:FIELD COLLECTION","input",,,"","50",,,,,"False",,
"https://mgm.ibos.io/sales/fieldCollection","tab:FIELD COLLECTION","button","button",,"","",,,,,"True",,
"https://mgm.ibos.io/sales/fieldCollection","tab:FIELD COLLECTION","button","button",,"","",,,,,"True",,
"https://mgm.ibos.io/sales/fieldCollection","tab:FIELD COLLECTION REPORT","input","text",,"","","Go to page...",,,,"False",,
"https://mgm.ibos.io/sales/fieldCollection","tab:FIELD COLLECTION REPORT","button","button",,"","",,,,,"False",,
"https://mgm.ibos.io/sales/fieldCollection","tab:FIELD COLLECTION REPORT","button","button",,"","",,,,,"False",,
"https://mgm.ibos.io/sales/fieldCollection","tab:FIELD COLLECTION REPORT","button","button",,"","",,,,,"False",,
"https://mgm.ibos.io/sales/fieldCollection","tab:FIELD COLLECTION REPORT","button","button",,"","",,,,,"False",,
"https://mgm.ibos.io/sales/fieldCollection","tab:FIELD COLLECTION REPORT","input",,,"","",,,,,"False",,
"https://mgm.ibos.io/sales/fieldCollection","tab:FIELD COLLECTION REPORT","input","hidden",,"","40513",,,,,"False",,
"https://mgm.ibos.io/sales/fieldCollection","tab:FIELD COLLECTION REPORT","button","button",,"PDF","",,,,,"False",,
"https://mgm.ibos.io/sales/fieldCollection","tab:FIELD COLLECTION REPORT","input","text",,"","","Search....",,,,"False",,
"https://mgm.ibos.io/sales/fieldCollection","tab:FIELD COLLECTION REPORT","button","button",,"","",,,,,"False",,
"https://mgm.ibos.io/sales/fieldCollection","tab:FIELD COLLECTION REPORT","button","button",,"FIELD COLLECTION","",,,,,"False",,
"https://mgm.ibos.io/sales/fieldCollection","tab:FIELD COLLECTION REPORT","button","button",,"FIELD COLLECTION REPORT","",,,,,"False",,
"https://mgm.ibos.io/sales/fieldCollection","tab:FIELD COLLECTION REPORT","input","text",,"","",,,,,"False",,
"https://mgm.ibos.io/sales/fieldCollection","tab:FIELD COLLECTION REPORT","input","hidden",,"","",,,,,"False",,
"https://mgm.ibos.io/sales/fieldCollection","tab:FIELD COLLECTION REPORT","input","text",,"","",,,,,"False",,
"https://mgm.ibos.io/sales/fieldCollection","tab:FIELD COLLECTION REPORT","input","date",,"","2026-09-13","Text",,,,"False",,
"https://mgm.ibos.io/sales/fieldCollection","tab:FIELD COLLECTION REPORT","input","date",,"","2026-09-13","Text",,,,"False",,
"https://mgm.ibos.io/sales/fieldCollection","tab:FIELD COLLECTION REPORT","button","button",,"View","",,,,,"False",,
"https://mgm.ibos.io/sales/goodsSales","base","input","text",,"","","Go to page...",,,,"False","False","False"
"https://mgm.ibos.io/sales/goodsSales","base","button","button",,"","",,,,,"False","False",
"https://mgm.ibos.io/sales/goodsSales","base","button","button",,"","",,,,,"False","False",
"https://mgm.ibos.io/sales/goodsSales","base","button","button",,"","",,,,,"False","False",
"https://mgm.ibos.io/sales/goodsSales","base","button","button",,"","",,,,,"False","False",
"https://mgm.ibos.io/sales/goodsSales","base","input",,"combobox","","",,,"react-select-mgm-input",,"False","False","False"
"https://mgm.ibos.io/sales/goodsSales","base","input","hidden",,"","40513",,"branchList",,,"False","False","False"
"https://mgm.ibos.io/sales/goodsSales","base","input","text",,"","","Search....",,,"search","False","False","False"
"https://mgm.ibos.io/sales/goodsSales","base","button","button",,"","",,,,"menu","False","False",
"https://mgm.ibos.io/sales/goodsSales","base","button",,,"Excel","",,,,,"False","False",
"https://mgm.ibos.io/sales/goodsSales","base","button","button",,"Direct Delivery","",,,"demo-positioned-button",,"False","False",
"https://mgm.ibos.io/sales/goodsSales","base","button","button","tab","APPROVED SO","",,,,,"False","False",
"https://mgm.ibos.io/sales/goodsSales","base","button","button","tab","DELIVERY LIST","",,,,,"False","False",
"https://mgm.ibos.io/sales/goodsSales","base","button","button","tab","EXCHANGE LIST","",,,,,"False","False",
"https://mgm.ibos.io/sales/goodsSales","base","button","button","tab","CHALLAN LIST","",,,,,"False","False",
"https://mgm.ibos.io/sales/goodsSales","base","input","text","combobox","","",,,"react-select-mgm-input",,"False","False","False"
"https://mgm.ibos.io/sales/goodsSales","base","input","hidden",,"","",,"office",,,"False","False","False"
"https://mgm.ibos.io/sales/goodsSales","base","input","text","combobox","","",,,"react-select-mgm-input",,"False","False","False"
"https://mgm.ibos.io/sales/goodsSales","base","input","hidden",,"","",,"freeType",,,"False","False","False"
"https://mgm.ibos.io/sales/goodsSales","base","input","text","combobox","","",,,"react-select-mgm-input",,"False","False","False"
"https://mgm.ibos.io/sales/goodsSales","base","input","hidden",,"","",,"confirmationStatus",,,"False","False","False"
"https://mgm.ibos.io/sales/goodsSales","base","input","text","combobox","","",,,"react-select-mgm-input",,"False","False","False"
"https://mgm.ibos.io/sales/goodsSales","base","input","hidden",,"","",,"customerGroup",,,"False","False","False"
"https://mgm.ibos.io/sales/goodsSales","base","input","text","combobox","","",,,"react-select-mgm-input",,"False","False","False"
"https://mgm.ibos.io/sales/goodsSales","base","input","hidden",,"","",,"zone",,,"False","False","False"
"https://mgm.ibos.io/sales/goodsSales","base","input","text","combobox","","",,,"react-select-mgm-input",,"True","False","False"
"https://mgm.ibos.io/sales/goodsSales","base","input","text","combobox","","",,,"react-select-mgm-input",,"False","False","False"
"https://mgm.ibos.io/sales/goodsSales","base","input","hidden",,"","",,"section",,,"False","False","False"
"https://mgm.ibos.io/sales/goodsSales","base","input","date",,"","","Text","fromDate",,,"False","False","False"
"https://mgm.ibos.io/sales/goodsSales","base","input","date",,"","","Text","toDate",,,"False","False","False"
"https://mgm.ibos.io/sales/goodsSales","base","input","text","combobox","","",,,"react-select-mgm-input",,"False","False","False"
"https://mgm.ibos.io/sales/goodsSales","base","input","hidden",,"","",,"wallet",,,"False","False","False"
"https://mgm.ibos.io/sales/goodsSales","base","input","text","combobox","","",,,"react-select-mgm-input",,"False","False","False"
"https://mgm.ibos.io/sales/goodsSales","base","input","hidden",,"","",,"vehicleNo",,,"False","False","False"
"https://mgm.ibos.io/sales/goodsSales","base","input","checkbox",,"","on",,"isDeleted",,,"False","False","False"
"https://mgm.ibos.io/sales/goodsSales","base","button","button",,"View","",,,,,"False","False",
"https://mgm.ibos.io/sales/goodsSales","base","button","button",,"","",,,,,"False","False",
"https://mgm.ibos.io/sales/goodsSales","base","button","button",,"","",,,,,"False","False",
"https://mgm.ibos.io/sales/goodsSales","base","button","button",,"","",,,,,"False","False",
"https://mgm.ibos.io/sales/goodsSales","base","button","button",,"","",,,,,"False","False",
"https://mgm.ibos.io/sales/goodsSales","base","button","button",,"","",,,,,"False","False",
"https://mgm.ibos.io/sales/goodsSales","base","button","button",,"","",,,,,"True","False",
"https://mgm.ibos.io/sales/goodsSales","base","button","button",,"","",,,,,"False","False",
"https://mgm.ibos.io/sales/goodsSales","base","button","button",,"","",,,,,"False","False",
"https://mgm.ibos.io/sales/goodsSales","base","button","button",,"","",,,,,"False","False",
"https://mgm.ibos.io/sales/goodsSales","base","button","button",,"","",,,,,"True","False",
"https://mgm.ibos.io/sales/goodsSales","base","button","button",,"","",,,,,"False","False",
"https://mgm.ibos.io/sales/goodsSales","base","button","button",,"","",,,,,"False","False",
"https://mgm.ibos.io/sales/goodsSales","base","button","button",,"","",,,,,"False","False",
"https://mgm.ibos.io/sales/goodsSales","base","button","button",,"","",,,,,"True","False",
"https://mgm.ibos.io/sales/goodsSales","base","button","button",,"","",,,,,"False","False",
"https://mgm.ibos.io/sales/goodsSales","base","button","button",,"","",,,,,"False","False",
"https://mgm.ibos.io/sales/goodsSales","base","button","button",,"","",,,,,"False","False",
"https://mgm.ibos.io/sales/goodsSales","base","button","button",,"","",,,,,"True","False",
"https://mgm.ibos.io/sales/goodsSales","base","button","button",,"","",,,,,"False","False",
"https://mgm.ibos.io/sales/goodsSales","base","button","button",,"","",,,,,"False","False",
"https://mgm.ibos.io/sales/goodsSales","base","button","button",,"","",,,,,"False","False",
"https://mgm.ibos.io/sales/goodsSales","base","button","button",,"","",,,,,"True","False",
"https://mgm.ibos.io/sales/goodsSales","base","button","button",,"","",,,,,"False","False",
"https://mgm.ibos.io/sales/goodsSales","base","button","button",,"","",,,,,"False","False",
"https://mgm.ibos.io/sales/goodsSales","base","button","button",,"","",,,,,"False","False",
"https://mgm.ibos.io/sales/goodsSales","base","button","button",,"","",,,,,"True","False",
"https://mgm.ibos.io/sales/goodsSales","base","button","button",,"","",,,,,"False","False",
"https://mgm.ibos.io/sales/goodsSales","base","button","button",,"","",,,,,"False","False",
"https://mgm.ibos.io/sales/goodsSales","base","button","button",,"","",,,,,"False","False",
"https://mgm.ibos.io/sales/goodsSales","base","button","button",,"","",,,,,"True","False",
"https://mgm.ibos.io/sales/goodsSales","base","button","button",,"","",,,,,"False","False",
"https://mgm.ibos.io/sales/goodsSales","base","button","button",,"","",,,,,"False","False",
"https://mgm.ibos.io/sales/goodsSales","base","button","button",,"","",,,,,"False","False",
"https://mgm.ibos.io/sales/goodsSales","base","button","button",,"","",,,,,"True","False",
"https://mgm.ibos.io/sales/goodsSales","base","button","button",,"","",,,,,"False","False",
"https://mgm.ibos.io/sales/goodsSales","base","button","button",,"","",,,,,"False","False",
"https://mgm.ibos.io/sales/goodsSales","base","button","button",,"","",,,,,"False","False",
"https://mgm.ibos.io/sales/goodsSales","base","button","button",,"","",,,,,"True","False",
"https://mgm.ibos.io/sales/goodsSales","base","button","button",,"","",,,,,"False","False",
"https://mgm.ibos.io/sales/goodsSales","base","button","button",,"","",,,,,"False","False",
"https://mgm.ibos.io/sales/goodsSales","base","button","button",,"","",,,,,"False","False",
"https://mgm.ibos.io/sales/goodsSales","base","button","button",,"","",,,,,"True","False",
"https://mgm.ibos.io/sales/goodsSales","base","button","button",,"","",,,,,"False","False",
"https://mgm.ibos.io/sales/goodsSales","base","button","button",,"","",,,,,"False","False",
"https://mgm.ibos.io/sales/goodsSales","base","button","button",,"","",,,,,"False","False",
"https://mgm.ibos.io/sales/goodsSales","base","button","button",,"","",,,,,"True","False",
"https://mgm.ibos.io/sales/goodsSales","base","button","button",,"","",,,,,"False","False",
"https://mgm.ibos.io/sales/goodsSales","base","button","button",,"","",,,,,"False","False",
"https://mgm.ibos.io/sales/goodsSales","base","button","button",,"","",,,,,"False","False",
"https://mgm.ibos.io/sales/goodsSales","base","button","button",,"","",,,,,"True","False",
"https://mgm.ibos.io/sales/goodsSales","base","button","button",,"","",,,,,"False","False",
"https://mgm.ibos.io/sales/goodsSales","base","button","button",,"","",,,,,"False","False",
"https://mgm.ibos.io/sales/goodsSales","base","button","button",,"","",,,,,"False","False",
"https://mgm.ibos.io/sales/goodsSales","base","button","button",,"","",,,,,"True","False",
"https://mgm.ibos.io/sales/goodsSales","base","button","button",,"","",,,,,"False","False",
"https://mgm.ibos.io/sales/goodsSales","base","button","button",,"","",,,,,"False","False",
"https://mgm.ibos.io/sales/goodsSales","base","button","button",,"","",,,,,"False","False",
"https://mgm.ibos.io/sales/goodsSales","base","button","button",,"","",,,,,"True","False",
"https://mgm.ibos.io/sales/goodsSales","base","button","button",,"","",,,,,"False","False",
"https://mgm.ibos.io/sales/goodsSales","base","button","button",,"","",,,,,"False","False",
"https://mgm.ibos.io/sales/goodsSales","base","button","button",,"","",,,,,"False","False",
"https://mgm.ibos.io/sales/goodsSales","base","button","button",,"","",,,,,"True","False",
"https://mgm.ibos.io/sales/goodsSales","base","button","button",,"","",,,,,"False","False",
"https://mgm.ibos.io/sales/goodsSales","base","button","button",,"","",,,,,"False","False",
"https://mgm.ibos.io/sales/goodsSales","base","button","button",,"","",,,,,"False","False",
"https://mgm.ibos.io/sales/goodsSales","base","button","button",,"","",,,,,"True","False",
"https://mgm.ibos.io/sales/goodsSales","base","button","button",,"","",,,,,"False","False",
"https://mgm.ibos.io/sales/goodsSales","base","button","button",,"","",,,,,"False","False",
"https://mgm.ibos.io/sales/goodsSales","base","button","button",,"","",,,,,"False","False",
"https://mgm.ibos.io/sales/goodsSales","base","button","button",,"","",,,,,"True","False",
"https://mgm.ibos.io/sales/goodsSales","base","button","button",,"","",,,,,"False","False",
"https://mgm.ibos.io/sales/goodsSales","base","button","button",,"","",,,,,"False","False",
"https://mgm.ibos.io/sales/goodsSales","base","button","button",,"","",,,,,"False","False",
"https://mgm.ibos.io/sales/goodsSales","base","button","button",,"","",,,,,"True","False",
"https://mgm.ibos.io/sales/goodsSales","base","button","button",,"","",,,,,"False","False",
"https://mgm.ibos.io/sales/goodsSales","base","button","button",,"","",,,,,"False","False",
"https://mgm.ibos.io/sales/goodsSales","base","button","button",,"","",,,,,"False","False",
"https://mgm.ibos.io/sales/goodsSales","base","button","button",,"","",,,,,"True","False",
"https://mgm.ibos.io/sales/goodsSales","base","button","button",,"","",,,,,"False","False",
"https://mgm.ibos.io/sales/goodsSales","base","button","button",,"","",,,,,"False","False",
"https://mgm.ibos.io/sales/goodsSales","base","button","button",,"","",,,,,"False","False",
"https://mgm.ibos.io/sales/goodsSales","base","button","button",,"","",,,,,"True","False",
"https://mgm.ibos.io/sales/goodsSales","base","button","button",,"","",,,,,"False","False",
"https://mgm.ibos.io/sales/goodsSales","base","button","button",,"","",,,,,"False","False",
"https://mgm.ibos.io/sales/goodsSales","base","button","button",,"","",,,,,"False","False",
"https://mgm.ibos.io/sales/goodsSales","base","button","button",,"","",,,,,"True","False",
"https://mgm.ibos.io/sales/goodsSales","base","button","button",,"","",,,,,"False","False",
"https://mgm.ibos.io/sales/goodsSales","base","button","button",,"","",,,,,"False","False",
"https://mgm.ibos.io/sales/goodsSales","base","button","button",,"","",,,,,"False","False",
"https://mgm.ibos.io/sales/goodsSales","base","button","button",,"","",,,,,"True","False",
"https://mgm.ibos.io/sales/goodsSales","base","button","button",,"","",,,,,"False","False",
"https://mgm.ibos.io/sales/goodsSales","base","button","button",,"","",,,,,"False","False",
"https://mgm.ibos.io/sales/goodsSales","base","button","button",,"","",,,,,"False","False",
"https://mgm.ibos.io/sales/goodsSales","base","button","button",,"","",,,,,"True","False",
"https://mgm.ibos.io/sales/goodsSales","base","button","button",,"","",,,,,"False","False",
"https://mgm.ibos.io/sales/goodsSales","base","button","button",,"","",,,,,"False","False",
"https://mgm.ibos.io/sales/goodsSales","base","button","button",,"","",,,,,"False","False",
"https://mgm.ibos.io/sales/goodsSales","base","button","button",,"","",,,,,"True","False",
"https://mgm.ibos.io/sales/goodsSales","base","button","button",,"","",,,,,"False","False",
"https://mgm.ibos.io/sales/goodsSales","base","button","button",,"","",,,,,"False","False",
"https://mgm.ibos.io/sales/goodsSales","base","button","button",,"","",,,,,"False","False",
"https://mgm.ibos.io/sales/goodsSales","base","button","button",,"","",,,,,"True","False",
"https://mgm.ibos.io/sales/goodsSales","base","button","button",,"","",,,,,"False","False",
"https://mgm.ibos.io/sales/goodsSales","base","button","button",,"","",,,,,"False","False",
"https://mgm.ibos.io/sales/goodsSales","base","div",,"combobox","50",,,,"_r_99_",,"False","False",
"https://mgm.ibos.io/sales/goodsSales","base","input",,,"","50",,,,,"False","False","False"
"https://mgm.ibos.io/sales/goodsSales","base","button","button",,"","",,,,"Go to previous page","True","False",
"https://mgm.ibos.io/sales/goodsSales","base","button","button",,"","",,,,"Go to next page","True","False",
"https://mgm.ibos.io/sales/goodsSales","tab:APPROVED SO","input","text",,"","","Go to page...",,,,"False",,
"https://mgm.ibos.io/sales/goodsSales","tab:APPROVED SO","button","button",,"","",,,,,"False",,
"https://mgm.ibos.io/sales/goodsSales","tab:APPROVED SO","button","button",,"","",,,,,"False",,
"https://mgm.ibos.io/sales/goodsSales","tab:APPROVED SO","button","button",,"","",,,,,"False",,
"https://mgm.ibos.io/sales/goodsSales","tab:APPROVED SO","button","button",,"","",,,,,"False",,
"https://mgm.ibos.io/sales/goodsSales","tab:APPROVED SO","input",,,"","",,,,,"False",,
"https://mgm.ibos.io/sales/goodsSales","tab:APPROVED SO","input","hidden",,"","40513",,,,,"False",,
"https://mgm.ibos.io/sales/goodsSales","tab:APPROVED SO","input","text",,"","","Search....",,,,"False",,
"https://mgm.ibos.io/sales/goodsSales","tab:APPROVED SO","button","button",,"","",,,,,"False",,
"https://mgm.ibos.io/sales/goodsSales","tab:APPROVED SO","button",,,"Excel","",,,,,"False",,
"https://mgm.ibos.io/sales/goodsSales","tab:APPROVED SO","button","button",,"Direct Delivery","",,,,,"False",,
"https://mgm.ibos.io/sales/goodsSales","tab:APPROVED SO","button","button",,"APPROVED SO","",,,,,"False",,
"https://mgm.ibos.io/sales/goodsSales","tab:APPROVED SO","button","button",,"DELIVERY LIST","",,,,,"False",,
"https://mgm.ibos.io/sales/goodsSales","tab:APPROVED SO","button","button",,"EXCHANGE LIST","",,,,,"False",,
"https://mgm.ibos.io/sales/goodsSales","tab:APPROVED SO","button","button",,"CHALLAN LIST","",,,,,"False",,
"https://mgm.ibos.io/sales/goodsSales","tab:APPROVED SO","input","text",,"","",,,,,"False",,
"https://mgm.ibos.io/sales/goodsSales","tab:APPROVED SO","input","hidden",,"","",,,,,"False",,
"https://mgm.ibos.io/sales/goodsSales","tab:APPROVED SO","input","text",,"","",,,,,"False",,
"https://mgm.ibos.io/sales/goodsSales","tab:APPROVED SO","input","hidden",,"","",,,,,"False",,
"https://mgm.ibos.io/sales/goodsSales","tab:APPROVED SO","input","text",,"","",,,,,"False",,
"https://mgm.ibos.io/sales/goodsSales","tab:APPROVED SO","input","hidden",,"","",,,,,"False",,
"https://mgm.ibos.io/sales/goodsSales","tab:APPROVED SO","input","text",,"","",,,,,"False",,
"https://mgm.ibos.io/sales/goodsSales","tab:APPROVED SO","input","hidden",,"","",,,,,"False",,
"https://mgm.ibos.io/sales/goodsSales","tab:APPROVED SO","input","text",,"","",,,,,"True",,
"https://mgm.ibos.io/sales/goodsSales","tab:APPROVED SO","input","text",,"","",,,,,"False",,
"https://mgm.ibos.io/sales/goodsSales","tab:APPROVED SO","input","hidden",,"","",,,,,"False",,
"https://mgm.ibos.io/sales/goodsSales","tab:APPROVED SO","input","date",,"","2026-09-06","Text",,,,"False",,
"https://mgm.ibos.io/sales/goodsSales","tab:APPROVED SO","input","date",,"","2026-09-13","Text",,,,"False",,
"https://mgm.ibos.io/sales/goodsSales","tab:APPROVED SO","input","text",,"","",,,,,"False",,
"https://mgm.ibos.io/sales/goodsSales","tab:APPROVED SO","input","text",,"","",,,,,"False",,
"https://mgm.ibos.io/sales/goodsSales","tab:APPROVED SO","input","hidden",,"","",,,,,"False",,
"https://mgm.ibos.io/sales/goodsSales","tab:APPROVED SO","input","text",,"","",,,,,"False",,
"https://mgm.ibos.io/sales/goodsSales","tab:APPROVED SO","input","hidden",,"","",,,,,"False",,
"https://mgm.ibos.io/sales/goodsSales","tab:APPROVED SO","button","button",,"View","",,,,,"False",,
"https://mgm.ibos.io/sales/goodsSales","tab:APPROVED SO","button","button",,"Create Reason","",,,,,"False",,
"https://mgm.ibos.io/sales/goodsSales","tab:DELIVERY LIST","input","text",,"","","Go to page...",,,,"False",,
"https://mgm.ibos.io/sales/goodsSales","tab:DELIVERY LIST","button","button",,"","",,,,,"False",,
"https://mgm.ibos.io/sales/goodsSales","tab:DELIVERY LIST","button","button",,"","",,,,,"False",,
"https://mgm.ibos.io/sales/goodsSales","tab:DELIVERY LIST","button","button",,"","",,,,,"False",,
"https://mgm.ibos.io/sales/goodsSales","tab:DELIVERY LIST","button","button",,"","",,,,,"False",,
"https://mgm.ibos.io/sales/goodsSales","tab:DELIVERY LIST","input",,,"","",,,,,"False",,
"https://mgm.ibos.io/sales/goodsSales","tab:DELIVERY LIST","input","hidden",,"","40513",,,,,"False",,
"https://mgm.ibos.io/sales/goodsSales","tab:DELIVERY LIST","input","text",,"","","Search....",,,,"False",,
"https://mgm.ibos.io/sales/goodsSales","tab:DELIVERY LIST","button","button",,"","",,,,,"False",,
"https://mgm.ibos.io/sales/goodsSales","tab:DELIVERY LIST","button",,,"Excel","",,,,,"False",,
"https://mgm.ibos.io/sales/goodsSales","tab:DELIVERY LIST","button","button",,"Direct Delivery","",,,,,"False",,
"https://mgm.ibos.io/sales/goodsSales","tab:DELIVERY LIST","button","button",,"APPROVED SO","",,,,,"False",,
"https://mgm.ibos.io/sales/goodsSales","tab:DELIVERY LIST","button","button",,"DELIVERY LIST","",,,,,"False",,
"https://mgm.ibos.io/sales/goodsSales","tab:DELIVERY LIST","button","button",,"EXCHANGE LIST","",,,,,"False",,
"https://mgm.ibos.io/sales/goodsSales","tab:DELIVERY LIST","button","button",,"CHALLAN LIST","",,,,,"False",,
"https://mgm.ibos.io/sales/goodsSales","tab:DELIVERY LIST","input","text",,"","",,,,,"False",,
"https://mgm.ibos.io/sales/goodsSales","tab:DELIVERY LIST","input","hidden",,"","",,,,,"False",,
"https://mgm.ibos.io/sales/goodsSales","tab:DELIVERY LIST","input","text",,"","",,,,,"False",,
"https://mgm.ibos.io/sales/goodsSales","tab:DELIVERY LIST","input","hidden",,"","",,,,,"False",,
"https://mgm.ibos.io/sales/goodsSales","tab:DELIVERY LIST","input","text",,"","",,,,,"False",,
"https://mgm.ibos.io/sales/goodsSales","tab:DELIVERY LIST","input","hidden",,"","",,,,,"False",,
"https://mgm.ibos.io/sales/goodsSales","tab:DELIVERY LIST","input","text",,"","",,,,,"False",,
"https://mgm.ibos.io/sales/goodsSales","tab:DELIVERY LIST","input","hidden",,"","",,,,,"False",,
"https://mgm.ibos.io/sales/goodsSales","tab:DELIVERY LIST","input","text",,"","",,,,,"False",,
"https://mgm.ibos.io/sales/goodsSales","tab:DELIVERY LIST","input","hidden",,"","",,,,,"False",,
"https://mgm.ibos.io/sales/goodsSales","tab:DELIVERY LIST","input","text",,"","",,,,,"True",,
"https://mgm.ibos.io/sales/goodsSales","tab:DELIVERY LIST","input","text",,"","",,,,,"False",,
"https://mgm.ibos.io/sales/goodsSales","tab:DELIVERY LIST","input","hidden",,"","",,,,,"False",,
"https://mgm.ibos.io/sales/goodsSales","tab:DELIVERY LIST","input","date",,"","2026-09-06","Text",,,,"False",,
"https://mgm.ibos.io/sales/goodsSales","tab:DELIVERY LIST","input","date",,"","2026-09-13","Text",,,,"False",,
"https://mgm.ibos.io/sales/goodsSales","tab:DELIVERY LIST","input","text",,"","",,,,,"False",,
"https://mgm.ibos.io/sales/goodsSales","tab:DELIVERY LIST","input","hidden",,"","",,,,,"False",,
"https://mgm.ibos.io/sales/goodsSales","tab:DELIVERY LIST","input","text",,"","",,,,,"False",,
"https://mgm.ibos.io/sales/goodsSales","tab:DELIVERY LIST","input","hidden",,"","",,,,,"False",,
"https://mgm.ibos.io/sales/goodsSales","tab:DELIVERY LIST","input","checkbox",,"","on",,,,,"False",,
"https://mgm.ibos.io/sales/goodsSales","tab:DELIVERY LIST","button","button",,"View","",,,,,"False",,
"https://mgm.ibos.io/sales/goodsSales","tab:EXCHANGE LIST","input","text",,"","","Go to page...",,,,"False",,
"https://mgm.ibos.io/sales/goodsSales","tab:EXCHANGE LIST","button","button",,"","",,,,,"False",,
"https://mgm.ibos.io/sales/goodsSales","tab:EXCHANGE LIST","button","button",,"","",,,,,"False",,
"https://mgm.ibos.io/sales/goodsSales","tab:EXCHANGE LIST","button","button",,"","",,,,,"False",,
"https://mgm.ibos.io/sales/goodsSales","tab:EXCHANGE LIST","button","button",,"","",,,,,"False",,
"https://mgm.ibos.io/sales/goodsSales","tab:EXCHANGE LIST","input",,,"","",,,,,"False",,
"https://mgm.ibos.io/sales/goodsSales","tab:EXCHANGE LIST","input","hidden",,"","40513",,,,,"False",,
"https://mgm.ibos.io/sales/goodsSales","tab:EXCHANGE LIST","input","text",,"","","Search....",,,,"False",,
"https://mgm.ibos.io/sales/goodsSales","tab:EXCHANGE LIST","button","button",,"","",,,,,"False",,
"https://mgm.ibos.io/sales/goodsSales","tab:EXCHANGE LIST","button",,,"Excel","",,,,,"False",,
"https://mgm.ibos.io/sales/goodsSales","tab:EXCHANGE LIST","button","button",,"Exchange","",,,,,"False",,
"https://mgm.ibos.io/sales/goodsSales","tab:EXCHANGE LIST","button","button",,"APPROVED SO","",,,,,"False",,
"https://mgm.ibos.io/sales/goodsSales","tab:EXCHANGE LIST","button","button",,"DELIVERY LIST","",,,,,"False",,
"https://mgm.ibos.io/sales/goodsSales","tab:EXCHANGE LIST","button","button",,"EXCHANGE LIST","",,,,,"False",,
"https://mgm.ibos.io/sales/goodsSales","tab:EXCHANGE LIST","button","button",,"CHALLAN LIST","",,,,,"False",,
"https://mgm.ibos.io/sales/goodsSales","tab:EXCHANGE LIST","input","text",,"","",,,,,"False",,
"https://mgm.ibos.io/sales/goodsSales","tab:EXCHANGE LIST","input","hidden",,"","",,,,,"False",,
"https://mgm.ibos.io/sales/goodsSales","tab:EXCHANGE LIST","input","text",,"","",,,,,"False",,
"https://mgm.ibos.io/sales/goodsSales","tab:EXCHANGE LIST","input","hidden",,"","",,,,,"False",,
"https://mgm.ibos.io/sales/goodsSales","tab:EXCHANGE LIST","input","text",,"","",,,,,"False",,
"https://mgm.ibos.io/sales/goodsSales","tab:EXCHANGE LIST","input","hidden",,"","",,,,,"False",,
"https://mgm.ibos.io/sales/goodsSales","tab:EXCHANGE LIST","input","text",,"","",,,,,"False",,
"https://mgm.ibos.io/sales/goodsSales","tab:EXCHANGE LIST","input","hidden",,"","",,,,,"False",,
"https://mgm.ibos.io/sales/goodsSales","tab:EXCHANGE LIST","input","date",,"","2026-09-06","Text",,,,"False",,
"https://mgm.ibos.io/sales/goodsSales","tab:EXCHANGE LIST","input","date",,"","2026-09-13","Text",,,,"False",,
"https://mgm.ibos.io/sales/goodsSales","tab:EXCHANGE LIST","input","text",,"","",,,,,"False",,
"https://mgm.ibos.io/sales/goodsSales","tab:EXCHANGE LIST","input","hidden",,"","",,,,,"False",,
"https://mgm.ibos.io/sales/goodsSales","tab:EXCHANGE LIST","button","button",,"View","",,,,,"False",,
"https://mgm.ibos.io/sales/goodsSales","tab:CHALLAN LIST","input","text",,"","","Go to page...",,,,"False",,
"https://mgm.ibos.io/sales/goodsSales","tab:CHALLAN LIST","button","button",,"","",,,,,"False",,
"https://mgm.ibos.io/sales/goodsSales","tab:CHALLAN LIST","button","button",,"","",,,,,"False",,
"https://mgm.ibos.io/sales/goodsSales","tab:CHALLAN LIST","button","button",,"","",,,,,"False",,
"https://mgm.ibos.io/sales/goodsSales","tab:CHALLAN LIST","button","button",,"","",,,,,"False",,
"https://mgm.ibos.io/sales/goodsSales","tab:CHALLAN LIST","input",,,"","",,,,,"False",,
"https://mgm.ibos.io/sales/goodsSales","tab:CHALLAN LIST","input","hidden",,"","40513",,,,,"False",,
"https://mgm.ibos.io/sales/goodsSales","tab:CHALLAN LIST","input","text",,"","","Search....",,,,"False",,
"https://mgm.ibos.io/sales/goodsSales","tab:CHALLAN LIST","button","button",,"","",,,,,"False",,
"https://mgm.ibos.io/sales/goodsSales","tab:CHALLAN LIST","button",,,"Excel","",,,,,"False",,
"https://mgm.ibos.io/sales/goodsSales","tab:CHALLAN LIST","button","button",,"Direct Delivery","",,,,,"False",,
"https://mgm.ibos.io/sales/goodsSales","tab:CHALLAN LIST","button","button",,"APPROVED SO","",,,,,"False",,
"https://mgm.ibos.io/sales/goodsSales","tab:CHALLAN LIST","button","button",,"DELIVERY LIST","",,,,,"False",,
"https://mgm.ibos.io/sales/goodsSales","tab:CHALLAN LIST","button","button",,"EXCHANGE LIST","",,,,,"False",,
"https://mgm.ibos.io/sales/goodsSales","tab:CHALLAN LIST","button","button",,"CHALLAN LIST","",,,,,"False",,
"https://mgm.ibos.io/sales/goodsSales","tab:CHALLAN LIST","input","text",,"","",,,,,"False",,
"https://mgm.ibos.io/sales/goodsSales","tab:CHALLAN LIST","input","hidden",,"","",,,,,"False",,
"https://mgm.ibos.io/sales/goodsSales","tab:CHALLAN LIST","input","date",,"","2026-09-06","Text",,,,"False",,
"https://mgm.ibos.io/sales/goodsSales","tab:CHALLAN LIST","input","date",,"","2026-09-13","Text",,,,"False",,
"https://mgm.ibos.io/sales/goodsSales","tab:CHALLAN LIST","button","button",,"View","",,,,,"False",,
"https://mgm.ibos.io/sales/sales","base","input","text",,"","","Go to page...",,,,"False","False","False"
"https://mgm.ibos.io/sales/sales","base","button","button",,"","",,,,,"False","False",
"https://mgm.ibos.io/sales/sales","base","button","button",,"","",,,,,"False","False",
"https://mgm.ibos.io/sales/sales","base","button","button",,"","",,,,,"False","False",
"https://mgm.ibos.io/sales/sales","base","button","button",,"","",,,,,"False","False",
"https://mgm.ibos.io/sales/sales","base","input",,"combobox","","",,,"react-select-mgm-input",,"False","False","False"
"https://mgm.ibos.io/sales/sales","base","input","hidden",,"","40513",,"branchList",,,"False","False","False"
"https://mgm.ibos.io/sales/sales","base","input","text","combobox","","",,,"react-select-2-input",,"False","False","False"
"https://mgm.ibos.io/sales/salesAnalytics","base","input","text",,"","","Go to page...",,,,"False","False","False"
"https://mgm.ibos.io/sales/salesAnalytics","base","button","button",,"","",,,,,"False","False",
"https://mgm.ibos.io/sales/salesAnalytics","base","button","button",,"","",,,,,"False","False",
"https://mgm.ibos.io/sales/salesAnalytics","base","button","button",,"","",,,,,"False","False",
"https://mgm.ibos.io/sales/salesAnalytics","base","button","button",,"","",,,,,"False","False",
"https://mgm.ibos.io/sales/salesAnalytics","base","input",,"combobox","","",,,"react-select-mgm-input",,"False","False","False"
"https://mgm.ibos.io/sales/salesAnalytics","base","input","hidden",,"","40513",,"branchList",,,"False","False","False"
"https://mgm.ibos.io/sales/salesAnalytics","base","button","button",,"PRINT/PDF","",,,,,"False","False",
"https://mgm.ibos.io/sales/salesAnalytics","base","button","button",,"EXCEL","",,,,,"False","False",
"https://mgm.ibos.io/sales/salesAnalytics","base","input","text","combobox","","",,,"react-select-mgm-input",,"False","False","False"
"https://mgm.ibos.io/sales/salesAnalytics","base","input","hidden",,"","",,"reportType",,,"False","False","False"
"https://mgm.ibos.io/sales/salesAnalytics","base","input","text","combobox","","",,,"react-select-mgm-input",,"False","False","False"
"https://mgm.ibos.io/sales/salesAnalytics","base","input","hidden",,"","0",,"office",,,"False","False","False"
"https://mgm.ibos.io/sales/salesAnalytics","base","input","date",,"","2026-09-01","Text","fromDate",,,"False","False","False"
"https://mgm.ibos.io/sales/salesAnalytics","base","input","date",,"","2026-09-13","Text","toDate",,,"False","False","False"
"https://mgm.ibos.io/sales/salesAnalytics","base","button","button",,"View","",,,,,"True","False",
"https://mgm.ibos.io/sales/salesAnalytics","base","button","button",,"View Details","",,,,,"False","False",
"https://mgm.ibos.io/sales/SalesCollection","base","input","text",,"","","Go to page...",,,,"False","False","False"
"https://mgm.ibos.io/sales/SalesCollection","base","button","button",,"","",,,,,"False","False",
"https://mgm.ibos.io/sales/SalesCollection","base","button","button",,"","",,,,,"False","False",
"https://mgm.ibos.io/sales/SalesCollection","base","button","button",,"","",,,,,"False","False",
"https://mgm.ibos.io/sales/SalesCollection","base","button","button",,"","",,,,,"False","False",
"https://mgm.ibos.io/sales/SalesCollection","base","input",,"combobox","","",,,"react-select-mgm-input",,"False","False","False"
"https://mgm.ibos.io/sales/SalesCollection","base","input","hidden",,"","40513",,"branchList",,,"False","False","False"
"https://mgm.ibos.io/sales/SalesCollection","base","input","text",,"","","Search....",,,"search","False","False","False"
"https://mgm.ibos.io/sales/SalesCollection","base","button","button",,"","",,,,"menu","False","False",
"https://mgm.ibos.io/sales/SalesCollection","base","button","button",,"Excel","",,,,,"False","False",
"https://mgm.ibos.io/sales/SalesCollection","base","button","button",,"PDF","",,,,,"False","False",
"https://mgm.ibos.io/sales/SalesCollection","base","button","button",,"Advance","",,,,,"False","False",
"https://mgm.ibos.io/sales/SalesCollection","base","button","button",,"Create Bill","",,,,,"False","False",
"https://mgm.ibos.io/sales/SalesCollection","base","button","button",,"Collection By Invoice","",,,,,"False","False",
"https://mgm.ibos.io/sales/SalesCollection","base","button","button","tab","DUE LIST","",,,"simple-tab-0",,"False","False",
"https://mgm.ibos.io/sales/SalesCollection","base","button","button","tab","DUE BILL","",,,"simple-tab-1",,"False","False",
"https://mgm.ibos.io/sales/SalesCollection","base","button","button","tab","COLLECTED INVOICE","",,,"simple-tab-2",,"False","False",
"https://mgm.ibos.io/sales/SalesCollection","base","button","button","tab","DUE INVOICE REPORT","",,,"simple-tab-3",,"False","False",
"https://mgm.ibos.io/sales/SalesCollection","base","button","button","tab","CUSTOMER SALES VS LEDGER BALANCE","",,,"simple-tab-4",,"False","False",
"https://mgm.ibos.io/sales/SalesCollection","base","button","button","tab","ADVANCE COLLECTION","",,,"simple-tab-5",,"False","False",
"https://mgm.ibos.io/sales/SalesCollection","base","input","text","combobox","","",,,"react-select-mgm-input",,"False","False","False"
"https://mgm.ibos.io/sales/SalesCollection","base","input","hidden",,"","0",,"dueListOffice",,,"False","False","False"
"https://mgm.ibos.io/sales/SalesCollection","base","button",,,"View","",,,,,"False","False",
"https://mgm.ibos.io/sales/SalesCollection","tab:DUE LIST","input","text",,"","","Go to page...",,,,"False",,
"https://mgm.ibos.io/sales/SalesCollection","tab:DUE LIST","button","button",,"","",,,,,"False",,
"https://mgm.ibos.io/sales/SalesCollection","tab:DUE LIST","button","button",,"","",,,,,"False",,
"https://mgm.ibos.io/sales/SalesCollection","tab:DUE LIST","button","button",,"","",,,,,"False",,
"https://mgm.ibos.io/sales/SalesCollection","tab:DUE LIST","button","button",,"","",,,,,"False",,
"https://mgm.ibos.io/sales/SalesCollection","tab:DUE LIST","input",,,"","",,,,,"False",,
"https://mgm.ibos.io/sales/SalesCollection","tab:DUE LIST","input","hidden",,"","40513",,,,,"False",,
"https://mgm.ibos.io/sales/SalesCollection","tab:DUE LIST","input","text",,"","","Search....",,,,"False",,
"https://mgm.ibos.io/sales/SalesCollection","tab:DUE LIST","button","button",,"","",,,,,"False",,
"https://mgm.ibos.io/sales/SalesCollection","tab:DUE LIST","button","button",,"Excel","",,,,,"False",,
"https://mgm.ibos.io/sales/SalesCollection","tab:DUE LIST","button","button",,"PDF","",,,,,"False",,
"https://mgm.ibos.io/sales/SalesCollection","tab:DUE LIST","button","button",,"Advance","",,,,,"False",,
"https://mgm.ibos.io/sales/SalesCollection","tab:DUE LIST","button","button",,"Create Bill","",,,,,"False",,
"https://mgm.ibos.io/sales/SalesCollection","tab:DUE LIST","button","button",,"Collection By Invoice","",,,,,"False",,
"https://mgm.ibos.io/sales/SalesCollection","tab:DUE LIST","button","button",,"DUE LIST","",,,,,"False",,
"https://mgm.ibos.io/sales/SalesCollection","tab:DUE LIST","button","button",,"DUE BILL","",,,,,"False",,
"https://mgm.ibos.io/sales/SalesCollection","tab:DUE LIST","button","button",,"COLLECTED INVOICE","",,,,,"False",,
"https://mgm.ibos.io/sales/SalesCollection","tab:DUE LIST","button","button",,"DUE INVOICE REPORT","",,,,,"False",,
"https://mgm.ibos.io/sales/SalesCollection","tab:DUE LIST","button","button",,"CUSTOMER SALES VS LEDGER BALANCE","",,,,,"False",,
"https://mgm.ibos.io/sales/SalesCollection","tab:DUE LIST","button","button",,"ADVANCE COLLECTION","",,,,,"False",,
"https://mgm.ibos.io/sales/SalesCollection","tab:DUE LIST","input","text",,"","",,,,,"False",,
"https://mgm.ibos.io/sales/SalesCollection","tab:DUE LIST","input","hidden",,"","0",,,,,"False",,
"https://mgm.ibos.io/sales/SalesCollection","tab:DUE LIST","button",,,"View","",,,,,"False",,
"https://mgm.ibos.io/sales/SalesCollection","tab:DUE BILL","input","text",,"","","Go to page...",,,,"False",,
"https://mgm.ibos.io/sales/SalesCollection","tab:DUE BILL","button","button",,"","",,,,,"False",,
"https://mgm.ibos.io/sales/SalesCollection","tab:DUE BILL","button","button",,"","",,,,,"False",,
"https://mgm.ibos.io/sales/SalesCollection","tab:DUE BILL","button","button",,"","",,,,,"False",,
"https://mgm.ibos.io/sales/SalesCollection","tab:DUE BILL","button","button",,"","",,,,,"False",,
"https://mgm.ibos.io/sales/SalesCollection","tab:DUE BILL","input",,,"","",,,,,"False",,
"https://mgm.ibos.io/sales/SalesCollection","tab:DUE BILL","input","hidden",,"","40513",,,,,"False",,
"https://mgm.ibos.io/sales/SalesCollection","tab:DUE BILL","input","text",,"","","Search....",,,,"False",,
"https://mgm.ibos.io/sales/SalesCollection","tab:DUE BILL","button","button",,"","",,,,,"False",,
"https://mgm.ibos.io/sales/SalesCollection","tab:DUE BILL","button","button",,"Advance","",,,,,"False",,
"https://mgm.ibos.io/sales/SalesCollection","tab:DUE BILL","button","button",,"Create Bill","",,,,,"False",,
"https://mgm.ibos.io/sales/SalesCollection","tab:DUE BILL","button","button",,"Collection By Invoice","",,,,,"False",,
"https://mgm.ibos.io/sales/SalesCollection","tab:DUE BILL","button","button",,"DUE LIST","",,,,,"False",,
"https://mgm.ibos.io/sales/SalesCollection","tab:DUE BILL","button","button",,"DUE BILL","",,,,,"False",,
"https://mgm.ibos.io/sales/SalesCollection","tab:DUE BILL","button","button",,"COLLECTED INVOICE","",,,,,"False",,
"https://mgm.ibos.io/sales/SalesCollection","tab:DUE BILL","button","button",,"DUE INVOICE REPORT","",,,,,"False",,
"https://mgm.ibos.io/sales/SalesCollection","tab:DUE BILL","button","button",,"CUSTOMER SALES VS LEDGER BALANCE","",,,,,"False",,
"https://mgm.ibos.io/sales/SalesCollection","tab:DUE BILL","button","button",,"ADVANCE COLLECTION","",,,,,"False",,
"https://mgm.ibos.io/sales/SalesCollection","tab:DUE BILL","input","text",,"","",,,,,"False",,
"https://mgm.ibos.io/sales/SalesCollection","tab:DUE BILL","input","hidden",,"","0",,,,,"False",,
"https://mgm.ibos.io/sales/SalesCollection","tab:DUE BILL","button",,,"View","",,,,,"False",,
"https://mgm.ibos.io/sales/SalesCollection","tab:COLLECTED INVOICE","input","text",,"","","Go to page...",,,,"False",,
"https://mgm.ibos.io/sales/SalesCollection","tab:COLLECTED INVOICE","button","button",,"","",,,,,"False",,
"https://mgm.ibos.io/sales/SalesCollection","tab:COLLECTED INVOICE","button","button",,"","",,,,,"False",,
"https://mgm.ibos.io/sales/SalesCollection","tab:COLLECTED INVOICE","button","button",,"","",,,,,"False",,
"https://mgm.ibos.io/sales/SalesCollection","tab:COLLECTED INVOICE","button","button",,"","",,,,,"False",,
"https://mgm.ibos.io/sales/SalesCollection","tab:COLLECTED INVOICE","input",,,"","",,,,,"False",,
"https://mgm.ibos.io/sales/SalesCollection","tab:COLLECTED INVOICE","input","hidden",,"","40513",,,,,"False",,
"https://mgm.ibos.io/sales/SalesCollection","tab:COLLECTED INVOICE","input","text",,"","","Search....",,,,"False",,
"https://mgm.ibos.io/sales/SalesCollection","tab:COLLECTED INVOICE","button","button",,"","",,,,,"False",,
"https://mgm.ibos.io/sales/SalesCollection","tab:COLLECTED INVOICE","button","button",,"Excel","",,,,,"False",,
"https://mgm.ibos.io/sales/SalesCollection","tab:COLLECTED INVOICE","button","button",,"PDF","",,,,,"False",,
"https://mgm.ibos.io/sales/SalesCollection","tab:COLLECTED INVOICE","button","button",,"Advance","",,,,,"False",,
"https://mgm.ibos.io/sales/SalesCollection","tab:COLLECTED INVOICE","button","button",,"Create Bill","",,,,,"False",,
"https://mgm.ibos.io/sales/SalesCollection","tab:COLLECTED INVOICE","button","button",,"Collection By Invoice","",,,,,"False",,
"https://mgm.ibos.io/sales/SalesCollection","tab:COLLECTED INVOICE","button","button",,"DUE LIST","",,,,,"False",,
"https://mgm.ibos.io/sales/SalesCollection","tab:COLLECTED INVOICE","button","button",,"DUE BILL","",,,,,"False",,
"https://mgm.ibos.io/sales/SalesCollection","tab:COLLECTED INVOICE","button","button",,"COLLECTED INVOICE","",,,,,"False",,
"https://mgm.ibos.io/sales/SalesCollection","tab:COLLECTED INVOICE","button","button",,"DUE INVOICE REPORT","",,,,,"False",,
"https://mgm.ibos.io/sales/SalesCollection","tab:COLLECTED INVOICE","button","button",,"CUSTOMER SALES VS LEDGER BALANCE","",,,,,"False",,
"https://mgm.ibos.io/sales/SalesCollection","tab:COLLECTED INVOICE","button","button",,"ADVANCE COLLECTION","",,,,,"False",,
"https://mgm.ibos.io/sales/SalesCollection","tab:COLLECTED INVOICE","input","date",,"","2026-08-13","Text",,,,"False",,
"https://mgm.ibos.io/sales/SalesCollection","tab:COLLECTED INVOICE","input","date",,"","2026-09-13",,,,,"False",,
"https://mgm.ibos.io/sales/SalesCollection","tab:COLLECTED INVOICE","input","text",,"","",,,,,"False",,
"https://mgm.ibos.io/sales/SalesCollection","tab:COLLECTED INVOICE","input","hidden",,"","",,,,,"False",,
"https://mgm.ibos.io/sales/SalesCollection","tab:COLLECTED INVOICE","input","text",,"","",,,,,"False",,
"https://mgm.ibos.io/sales/SalesCollection","tab:COLLECTED INVOICE","input","hidden",,"","",,,,,"False",,
"https://mgm.ibos.io/sales/SalesCollection","tab:COLLECTED INVOICE","input","checkbox",,"","false",,,,,"False",,
"https://mgm.ibos.io/sales/SalesCollection","tab:COLLECTED INVOICE","button","button",,"View","",,,,,"False",,
"https://mgm.ibos.io/sales/SalesCollection","tab:DUE INVOICE REPORT","input","text",,"","","Go to page...",,,,"False",,
"https://mgm.ibos.io/sales/SalesCollection","tab:DUE INVOICE REPORT","button","button",,"","",,,,,"False",,
"https://mgm.ibos.io/sales/SalesCollection","tab:DUE INVOICE REPORT","button","button",,"","",,,,,"False",,
"https://mgm.ibos.io/sales/SalesCollection","tab:DUE INVOICE REPORT","button","button",,"","",,,,,"False",,
"https://mgm.ibos.io/sales/SalesCollection","tab:DUE INVOICE REPORT","button","button",,"","",,,,,"False",,
"https://mgm.ibos.io/sales/SalesCollection","tab:DUE INVOICE REPORT","input",,,"","",,,,,"False",,
"https://mgm.ibos.io/sales/SalesCollection","tab:DUE INVOICE REPORT","input","hidden",,"","40513",,,,,"False",,
"https://mgm.ibos.io/sales/SalesCollection","tab:DUE INVOICE REPORT","input","text",,"","","Search....",,,,"False",,
"https://mgm.ibos.io/sales/SalesCollection","tab:DUE INVOICE REPORT","button","button",,"","",,,,,"False",,
"https://mgm.ibos.io/sales/SalesCollection","tab:DUE INVOICE REPORT","button","button",,"Excel","",,,,,"False",,
"https://mgm.ibos.io/sales/SalesCollection","tab:DUE INVOICE REPORT","button","button",,"PDF","",,,,,"False",,
"https://mgm.ibos.io/sales/SalesCollection","tab:DUE INVOICE REPORT","button","button",,"Advance","",,,,,"False",,
"https://mgm.ibos.io/sales/SalesCollection","tab:DUE INVOICE REPORT","button","button",,"Create Bill","",,,,,"False",,
"https://mgm.ibos.io/sales/SalesCollection","tab:DUE INVOICE REPORT","button","button",,"Collection By Invoice","",,,,,"False",,
"https://mgm.ibos.io/sales/SalesCollection","tab:DUE INVOICE REPORT","button","button",,"DUE LIST","",,,,,"False",,
"https://mgm.ibos.io/sales/SalesCollection","tab:DUE INVOICE REPORT","button","button",,"DUE BILL","",,,,,"False",,
"https://mgm.ibos.io/sales/SalesCollection","tab:DUE INVOICE REPORT","button","button",,"COLLECTED INVOICE","",,,,,"False",,
"https://mgm.ibos.io/sales/SalesCollection","tab:DUE INVOICE REPORT","button","button",,"DUE INVOICE REPORT","",,,,,"False",,
"https://mgm.ibos.io/sales/SalesCollection","tab:DUE INVOICE REPORT","button","button",,"CUSTOMER SALES VS LEDGER BALANCE","",,,,,"False",,
"https://mgm.ibos.io/sales/SalesCollection","tab:DUE INVOICE REPORT","button","button",,"ADVANCE COLLECTION","",,,,,"False",,
"https://mgm.ibos.io/sales/SalesCollection","tab:DUE INVOICE REPORT","input","date",,"","2026-08-13","Text",,,,"False",,
"https://mgm.ibos.io/sales/SalesCollection","tab:DUE INVOICE REPORT","input","date",,"","2026-09-13",,,,,"False",,
"https://mgm.ibos.io/sales/SalesCollection","tab:DUE INVOICE REPORT","input","text",,"","",,,,,"False",,
"https://mgm.ibos.io/sales/SalesCollection","tab:DUE INVOICE REPORT","input","hidden",,"","",,,,,"False",,
"https://mgm.ibos.io/sales/SalesCollection","tab:DUE INVOICE REPORT","input","text",,"","",,,,,"False",,
"https://mgm.ibos.io/sales/SalesCollection","tab:DUE INVOICE REPORT","input","hidden",,"","",,,,,"False",,
"https://mgm.ibos.io/sales/SalesCollection","tab:DUE INVOICE REPORT","input","text",,"","",,,,,"False",,
"https://mgm.ibos.io/sales/SalesCollection","tab:DUE INVOICE REPORT","input","hidden",,"","",,,,,"False",,
"https://mgm.ibos.io/sales/SalesCollection","tab:DUE INVOICE REPORT","button","button",,"View","",,,,,"False",,
"https://mgm.ibos.io/sales/SalesCollection","tab:DUE INVOICE REPORT","input","checkbox",,"","on",,,,,"False",,
"https://mgm.ibos.io/sales/SalesCollection","tab:CUSTOMER SALES VS LEDGER BALANCE","input","text",,"","","Go to page...",,,,"False",,
"https://mgm.ibos.io/sales/SalesCollection","tab:CUSTOMER SALES VS LEDGER BALANCE","button","button",,"","",,,,,"False",,
"https://mgm.ibos.io/sales/SalesCollection","tab:CUSTOMER SALES VS LEDGER BALANCE","button","button",,"","",,,,,"False",,
"https://mgm.ibos.io/sales/SalesCollection","tab:CUSTOMER SALES VS LEDGER BALANCE","button","button",,"","",,,,,"False",,
"https://mgm.ibos.io/sales/SalesCollection","tab:CUSTOMER SALES VS LEDGER BALANCE","button","button",,"","",,,,,"False",,
"https://mgm.ibos.io/sales/SalesCollection","tab:CUSTOMER SALES VS LEDGER BALANCE","input",,,"","",,,,,"False",,
"https://mgm.ibos.io/sales/SalesCollection","tab:CUSTOMER SALES VS LEDGER BALANCE","input","hidden",,"","40513",,,,,"False",,
"https://mgm.ibos.io/sales/SalesCollection","tab:CUSTOMER SALES VS LEDGER BALANCE","button","button",,"Excel","",,,,,"False",,
"https://mgm.ibos.io/sales/SalesCollection","tab:CUSTOMER SALES VS LEDGER BALANCE","button","button",,"PDF","",,,,,"False",,
"https://mgm.ibos.io/sales/SalesCollection","tab:CUSTOMER SALES VS LEDGER BALANCE","button","button",,"DUE LIST","",,,,,"False",,
"https://mgm.ibos.io/sales/SalesCollection","tab:CUSTOMER SALES VS LEDGER BALANCE","button","button",,"DUE BILL","",,,,,"False",,
"https://mgm.ibos.io/sales/SalesCollection","tab:CUSTOMER SALES VS LEDGER BALANCE","button","button",,"COLLECTED INVOICE","",,,,,"False",,
"https://mgm.ibos.io/sales/SalesCollection","tab:CUSTOMER SALES VS LEDGER BALANCE","button","button",,"DUE INVOICE REPORT","",,,,,"False",,
"https://mgm.ibos.io/sales/SalesCollection","tab:CUSTOMER SALES VS LEDGER BALANCE","button","button",,"CUSTOMER SALES VS LEDGER BALANCE","",,,,,"False",,
"https://mgm.ibos.io/sales/SalesCollection","tab:CUSTOMER SALES VS LEDGER BALANCE","button","button",,"ADVANCE COLLECTION","",,,,,"False",,
"https://mgm.ibos.io/sales/SalesCollection","tab:ADVANCE COLLECTION","input","text",,"","","Go to page...",,,,"False",,
"https://mgm.ibos.io/sales/SalesCollection","tab:ADVANCE COLLECTION","button","button",,"","",,,,,"False",,
"https://mgm.ibos.io/sales/SalesCollection","tab:ADVANCE COLLECTION","button","button",,"","",,,,,"False",,
"https://mgm.ibos.io/sales/SalesCollection","tab:ADVANCE COLLECTION","button","button",,"","",,,,,"False",,
"https://mgm.ibos.io/sales/SalesCollection","tab:ADVANCE COLLECTION","button","button",,"","",,,,,"False",,
"https://mgm.ibos.io/sales/SalesCollection","tab:ADVANCE COLLECTION","input",,,"","",,,,,"False",,
"https://mgm.ibos.io/sales/SalesCollection","tab:ADVANCE COLLECTION","input","hidden",,"","40513",,,,,"False",,
"https://mgm.ibos.io/sales/SalesCollection","tab:ADVANCE COLLECTION","input","text",,"","","Search....",,,,"False",,
"https://mgm.ibos.io/sales/SalesCollection","tab:ADVANCE COLLECTION","button","button",,"","",,,,,"False",,
"https://mgm.ibos.io/sales/SalesCollection","tab:ADVANCE COLLECTION","button","button",,"Excel","",,,,,"False",,
"https://mgm.ibos.io/sales/SalesCollection","tab:ADVANCE COLLECTION","button","button",,"PDF","",,,,,"False",,
"https://mgm.ibos.io/sales/SalesCollection","tab:ADVANCE COLLECTION","button","button",,"Advance","",,,,,"False",,
"https://mgm.ibos.io/sales/SalesCollection","tab:ADVANCE COLLECTION","button","button",,"Create Bill","",,,,,"False",,
"https://mgm.ibos.io/sales/SalesCollection","tab:ADVANCE COLLECTION","button","button",,"Collection By Invoice","",,,,,"False",,
"https://mgm.ibos.io/sales/SalesCollection","tab:ADVANCE COLLECTION","button","button",,"DUE LIST","",,,,,"False",,
"https://mgm.ibos.io/sales/SalesCollection","tab:ADVANCE COLLECTION","button","button",,"DUE BILL","",,,,,"False",,
"https://mgm.ibos.io/sales/SalesCollection","tab:ADVANCE COLLECTION","button","button",,"COLLECTED INVOICE","",,,,,"False",,
"https://mgm.ibos.io/sales/SalesCollection","tab:ADVANCE COLLECTION","button","button",,"DUE INVOICE REPORT","",,,,,"False",,
"https://mgm.ibos.io/sales/SalesCollection","tab:ADVANCE COLLECTION","button","button",,"CUSTOMER SALES VS LEDGER BALANCE","",,,,,"False",,
"https://mgm.ibos.io/sales/SalesCollection","tab:ADVANCE COLLECTION","button","button",,"ADVANCE COLLECTION","",,,,,"False",,
"https://mgm.ibos.io/sales/SalesCollection","tab:ADVANCE COLLECTION","input","date",,"","2026-08-13","Text",,,,"False",,
"https://mgm.ibos.io/sales/SalesCollection","tab:ADVANCE COLLECTION","input","date",,"","2026-09-13",,,,,"False",,
"https://mgm.ibos.io/sales/SalesCollection","tab:ADVANCE COLLECTION","input","text",,"","",,,,,"False",,
"https://mgm.ibos.io/sales/SalesCollection","tab:ADVANCE COLLECTION","input","hidden",,"","",,,,,"False",,
"https://mgm.ibos.io/sales/SalesCollection","tab:ADVANCE COLLECTION","input","checkbox",,"","on",,,,,"False",,
"https://mgm.ibos.io/sales/SalesCollection","tab:ADVANCE COLLECTION","button","button",,"View","",,,,,"False",,
"https://mgm.ibos.io/sales/salesDashboard","base","input","text",,"","","Go to page...",,,,"False","False","False"
"https://mgm.ibos.io/sales/salesDashboard","base","button","button",,"","",,,,,"False","False",
"https://mgm.ibos.io/sales/salesDashboard","base","button","button",,"","",,,,,"False","False",
"https://mgm.ibos.io/sales/salesDashboard","base","button","button",,"","",,,,,"False","False",
"https://mgm.ibos.io/sales/salesDashboard","base","button","button",,"","",,,,,"False","False",
"https://mgm.ibos.io/sales/salesDashboard","base","input",,"combobox","","",,,"react-select-mgm-input",,"False","False","False"
"https://mgm.ibos.io/sales/salesDashboard","base","input","hidden",,"","40513",,"branchList",,,"False","False","False"
"https://mgm.ibos.io/sales/salesDashboard","base","input","date",,"","2026-09-01",,"fromDate",,,"False","False","False"
"https://mgm.ibos.io/sales/salesDashboard","base","input","date",,"","2026-09-13",,"toDate",,,"False","False","False"
"https://mgm.ibos.io/sales/salesDashboard","base","button","button",,"View","",,,,,"False","False",
"https://mgm.ibos.io/sales/salesQuotation","base","input","text",,"","","Go to page...",,,,"False","False","False"
"https://mgm.ibos.io/sales/salesQuotation","base","button","button",,"","",,,,,"False","False",
"https://mgm.ibos.io/sales/salesQuotation","base","button","button",,"","",,,,,"False","False",
"https://mgm.ibos.io/sales/salesQuotation","base","button","button",,"","",,,,,"False","False",
"https://mgm.ibos.io/sales/salesQuotation","base","button","button",,"","",,,,,"False","False",
"https://mgm.ibos.io/sales/salesQuotation","base","input",,"combobox","","",,,"react-select-mgm-input",,"False","False","False"
"https://mgm.ibos.io/sales/salesQuotation","base","input","hidden",,"","40513",,"branchList",,,"False","False","False"
"https://mgm.ibos.io/sales/salesQuotation","base","input","text",,"","","Search....",,,"search","False","False","False"
"https://mgm.ibos.io/sales/salesQuotation","base","button","button",,"","",,,,"menu","False","False",
"https://mgm.ibos.io/sales/salesQuotation","base","button","button",,"Create Quotation","",,,"demo-positioned-button",,"False","False",
"https://mgm.ibos.io/sales/salesQuotation","base","input","text","combobox","","",,,"react-select-mgm-input",,"False","False","False"
"https://mgm.ibos.io/sales/salesQuotation","base","input","hidden",,"","0",,"office",,,"False","False","False"
"https://mgm.ibos.io/sales/salesQuotation","base","input","date",,"","","Text","fromDate",,,"False","False","False"
"https://mgm.ibos.io/sales/salesQuotation","base","input","date",,"","","Text","toDate",,,"False","False","False"
"https://mgm.ibos.io/sales/salesQuotation","base","input","text","combobox","","",,,"react-select-mgm-input",,"False","False","False"
"https://mgm.ibos.io/sales/salesQuotation","base","input","hidden",,"","",,"filterBy",,,"False","False","False"
"https://mgm.ibos.io/sales/salesQuotation","base","button","button",,"View","",,,,,"False","False",
"https://mgm.ibos.io/sales/salesQuotation","base","button","button",,"","",,,,,"False","False",
"https://mgm.ibos.io/sales/salesQuotation","base","button","button",,"","",,,,,"False","False",
"https://mgm.ibos.io/sales/salesQuotation","base","button","button",,"","",,,,,"False","False",
"https://mgm.ibos.io/sales/salesQuotation","base","button","button",,"","",,,,,"True","False",
"https://mgm.ibos.io/sales/salesQuotation","base","button","button",,"","",,,,"expand row","False","False",
"https://mgm.ibos.io/sales/salesQuotation","base","button","button",,"","",,,,,"False","False",
"https://mgm.ibos.io/sales/salesQuotation","base","button","button",,"","",,,,,"False","False",
"https://mgm.ibos.io/sales/salesQuotation","base","button","button",,"","",,,,,"False","False",
"https://mgm.ibos.io/sales/salesQuotation","base","button","button",,"","",,,,,"True","False",
"https://mgm.ibos.io/sales/salesQuotation","base","button","button",,"","",,,,"expand row","False","False",
"https://mgm.ibos.io/sales/salesQuotation","base","button","button",,"","",,,,,"False","False",
"https://mgm.ibos.io/sales/salesQuotation","base","button","button",,"","",,,,,"False","False",
"https://mgm.ibos.io/sales/salesQuotation","base","button","button",,"","",,,,,"False","False",
"https://mgm.ibos.io/sales/salesQuotation","base","button","button",,"","",,,,,"False","False",
"https://mgm.ibos.io/sales/salesQuotation","base","button","button",,"","",,,,"expand row","False","False",
"https://mgm.ibos.io/sales/salesQuotation","base","div",,"combobox","50",,,,"_r_n_",,"False","False",
"https://mgm.ibos.io/sales/salesQuotation","base","input",,,"","50",,,,,"False","False","False"
"https://mgm.ibos.io/sales/salesQuotation","base","button","button",,"","",,,,"Go to previous page","True","False",
"https://mgm.ibos.io/sales/salesQuotation","base","button","button",,"","",,,,"Go to next page","True","False",
"https://mgm.ibos.io/sales/salesReturn","base","input","text",,"","","Go to page...",,,,"False","False","False"
"https://mgm.ibos.io/sales/salesReturn","base","button","button",,"","",,,,,"False","False",
"https://mgm.ibos.io/sales/salesReturn","base","button","button",,"","",,,,,"False","False",
"https://mgm.ibos.io/sales/salesReturn","base","button","button",,"","",,,,,"False","False",
"https://mgm.ibos.io/sales/salesReturn","base","button","button",,"","",,,,,"False","False",
"https://mgm.ibos.io/sales/salesReturn","base","input",,"combobox","","",,,"react-select-mgm-input",,"False","False","False"
"https://mgm.ibos.io/sales/salesReturn","base","input","hidden",,"","40513",,"branchList",,,"False","False","False"
"https://mgm.ibos.io/sales/salesReturn","base","input","text",,"","","Search....",,,"search","False","False","False"
"https://mgm.ibos.io/sales/salesReturn","base","button","button",,"","",,,,"menu","False","False",
"https://mgm.ibos.io/sales/salesReturn","base","button","button",,"Return Without Ref.","",,,"demo-positioned-button",,"False","False",
"https://mgm.ibos.io/sales/salesReturn","base","button","button","tab","DELIVERY LIST","",,,"simple-tab-0",,"False","False",
"https://mgm.ibos.io/sales/salesReturn","base","button","button","tab","RETURN LIST","",,,"simple-tab-1",,"False","False",
"https://mgm.ibos.io/sales/salesReturn","base","button","button","tab","MARKET RETURN","",,,"simple-tab-2",,"False","False",
"https://mgm.ibos.io/sales/salesReturn","tab:DELIVERY LIST","input","text",,"","","Go to page...",,,,"False",,
"https://mgm.ibos.io/sales/salesReturn","tab:DELIVERY LIST","button","button",,"","",,,,,"False",,
"https://mgm.ibos.io/sales/salesReturn","tab:DELIVERY LIST","button","button",,"","",,,,,"False",,
"https://mgm.ibos.io/sales/salesReturn","tab:DELIVERY LIST","button","button",,"","",,,,,"False",,
"https://mgm.ibos.io/sales/salesReturn","tab:DELIVERY LIST","button","button",,"","",,,,,"False",,
"https://mgm.ibos.io/sales/salesReturn","tab:DELIVERY LIST","input",,,"","",,,,,"False",,
"https://mgm.ibos.io/sales/salesReturn","tab:DELIVERY LIST","input","hidden",,"","40513",,,,,"False",,
"https://mgm.ibos.io/sales/salesReturn","tab:DELIVERY LIST","input","text",,"","","Search....",,,,"False",,
"https://mgm.ibos.io/sales/salesReturn","tab:DELIVERY LIST","button","button",,"","",,,,,"False",,
"https://mgm.ibos.io/sales/salesReturn","tab:DELIVERY LIST","button","button",,"Return Without Ref.","",,,,,"False",,
"https://mgm.ibos.io/sales/salesReturn","tab:DELIVERY LIST","button","button",,"DELIVERY LIST","",,,,,"False",,
"https://mgm.ibos.io/sales/salesReturn","tab:DELIVERY LIST","button","button",,"RETURN LIST","",,,,,"False",,
"https://mgm.ibos.io/sales/salesReturn","tab:DELIVERY LIST","button","button",,"MARKET RETURN","",,,,,"False",,
"https://mgm.ibos.io/sales/salesReturn","tab:DELIVERY LIST","input","date",,"","2026-08-13","Text",,,,"False",,
"https://mgm.ibos.io/sales/salesReturn","tab:DELIVERY LIST","input","date",,"","2026-09-13","Text",,,,"False",,
"https://mgm.ibos.io/sales/salesReturn","tab:DELIVERY LIST","button","submit",,"View","",,,,,"False",,
"https://mgm.ibos.io/sales/salesReturn","tab:RETURN LIST","input","text",,"","","Go to page...",,,,"False",,
"https://mgm.ibos.io/sales/salesReturn","tab:RETURN LIST","button","button",,"","",,,,,"False",,
"https://mgm.ibos.io/sales/salesReturn","tab:RETURN LIST","button","button",,"","",,,,,"False",,
"https://mgm.ibos.io/sales/salesReturn","tab:RETURN LIST","button","button",,"","",,,,,"False",,
"https://mgm.ibos.io/sales/salesReturn","tab:RETURN LIST","button","button",,"","",,,,,"False",,
"https://mgm.ibos.io/sales/salesReturn","tab:RETURN LIST","input",,,"","",,,,,"False",,
"https://mgm.ibos.io/sales/salesReturn","tab:RETURN LIST","input","hidden",,"","40513",,,,,"False",,
"https://mgm.ibos.io/sales/salesReturn","tab:RETURN LIST","input","text",,"","","Search....",,,,"False",,
"https://mgm.ibos.io/sales/salesReturn","tab:RETURN LIST","button","button",,"","",,,,,"False",,
"https://mgm.ibos.io/sales/salesReturn","tab:RETURN LIST","button","button",,"Excel","",,,,,"False",,
"https://mgm.ibos.io/sales/salesReturn","tab:RETURN LIST","button","button",,"Return Without Ref.","",,,,,"False",,
"https://mgm.ibos.io/sales/salesReturn","tab:RETURN LIST","button","button",,"DELIVERY LIST","",,,,,"False",,
"https://mgm.ibos.io/sales/salesReturn","tab:RETURN LIST","button","button",,"RETURN LIST","",,,,,"False",,
"https://mgm.ibos.io/sales/salesReturn","tab:RETURN LIST","button","button",,"MARKET RETURN","",,,,,"False",,
"https://mgm.ibos.io/sales/salesReturn","tab:RETURN LIST","input","text",,"","",,,,,"False",,
"https://mgm.ibos.io/sales/salesReturn","tab:RETURN LIST","input","hidden",,"","",,,,,"False",,
"https://mgm.ibos.io/sales/salesReturn","tab:RETURN LIST","input","text",,"","",,,,,"False",,
"https://mgm.ibos.io/sales/salesReturn","tab:RETURN LIST","input","text",,"","",,,,,"False",,
"https://mgm.ibos.io/sales/salesReturn","tab:RETURN LIST","input","hidden",,"","",,,,,"False",,
"https://mgm.ibos.io/sales/salesReturn","tab:RETURN LIST","input","text",,"","",,,,,"False",,
"https://mgm.ibos.io/sales/salesReturn","tab:RETURN LIST","input","hidden",,"","",,,,,"False",,
"https://mgm.ibos.io/sales/salesReturn","tab:RETURN LIST","input","date",,"","2026-08-13","Text",,,,"False",,
"https://mgm.ibos.io/sales/salesReturn","tab:RETURN LIST","input","date",,"","2026-09-13","Text",,,,"False",,
"https://mgm.ibos.io/sales/salesReturn","tab:RETURN LIST","button","submit",,"View","",,,,,"False",,
"https://mgm.ibos.io/sales/salesReturn","tab:MARKET RETURN","input","text",,"","","Go to page...",,,,"False",,
"https://mgm.ibos.io/sales/salesReturn","tab:MARKET RETURN","button","button",,"","",,,,,"False",,
"https://mgm.ibos.io/sales/salesReturn","tab:MARKET RETURN","button","button",,"","",,,,,"False",,
"https://mgm.ibos.io/sales/salesReturn","tab:MARKET RETURN","button","button",,"","",,,,,"False",,
"https://mgm.ibos.io/sales/salesReturn","tab:MARKET RETURN","button","button",,"","",,,,,"False",,
"https://mgm.ibos.io/sales/salesReturn","tab:MARKET RETURN","input",,,"","",,,,,"False",,
"https://mgm.ibos.io/sales/salesReturn","tab:MARKET RETURN","input","hidden",,"","40513",,,,,"False",,
"https://mgm.ibos.io/sales/salesReturn","tab:MARKET RETURN","input","text",,"","","Search....",,,,"False",,
"https://mgm.ibos.io/sales/salesReturn","tab:MARKET RETURN","button","button",,"","",,,,,"False",,
"https://mgm.ibos.io/sales/salesReturn","tab:MARKET RETURN","button","button",,"Return Without Ref.","",,,,,"False",,
"https://mgm.ibos.io/sales/salesReturn","tab:MARKET RETURN","button","button",,"DELIVERY LIST","",,,,,"False",,
"https://mgm.ibos.io/sales/salesReturn","tab:MARKET RETURN","button","button",,"RETURN LIST","",,,,,"False",,
"https://mgm.ibos.io/sales/salesReturn","tab:MARKET RETURN","button","button",,"MARKET RETURN","",,,,,"False",,
"https://mgm.ibos.io/sales/salesReturn","tab:MARKET RETURN","input","date",,"","2026-09-13","Text",,,,"False",,
"https://mgm.ibos.io/sales/salesReturn","tab:MARKET RETURN","input","date",,"","2026-09-13","Text",,,,"False",,
"https://mgm.ibos.io/sales/salesReturn","tab:MARKET RETURN","button","submit",,"View","",,,,,"False",,
"https://mgm.ibos.io/sales/target","base","input","text",,"","","Go to page...",,,,"False","False","False"
"https://mgm.ibos.io/sales/target","base","button","button",,"","",,,,,"False","False",
"https://mgm.ibos.io/sales/target","base","button","button",,"","",,,,,"False","False",
"https://mgm.ibos.io/sales/target","base","button","button",,"","",,,,,"False","False",
"https://mgm.ibos.io/sales/target","base","button","button",,"","",,,,,"False","False",
"https://mgm.ibos.io/sales/target","base","input",,"combobox","","",,,"react-select-mgm-input",,"False","False","False"
"https://mgm.ibos.io/sales/target","base","input","hidden",,"","40513",,"branchList",,,"False","False","False"
"https://mgm.ibos.io/sales/target","base","button","button",,"Assign","",,,"demo-positioned-button",,"False","False",
"https://mgm.ibos.io/sales/target","base","button","button",,"Sales Target","",,,"demo-positioned-button",,"False","False",
"https://mgm.ibos.io/sales/target","base","button","button","tab","TARGET","",,,"mui-p-35650-T-0",,"False","False",
"https://mgm.ibos.io/sales/target","base","button","button","tab","TARGET REPORT","",,,"mui-p-35650-T-1",,"False","False",
"https://mgm.ibos.io/sales/target","base","button","button","tab","SALES TARGET","",,,"mui-p-35650-T-2",,"False","False",
"https://mgm.ibos.io/sales/target","base","button","button","tab","SALES TARGET REPORT","",,,"mui-p-35650-T-3",,"False","False",
"https://mgm.ibos.io/sales/target","base","button","button","tab","COMMISSION SETUP","",,,"mui-p-35650-T-4",,"False","False",
"https://mgm.ibos.io/sales/target","base","button","button","tab","COMMISSION REPORT","",,,"mui-p-35650-T-5",,"False","False",
"https://mgm.ibos.io/sales/target","base","input","text","combobox","","",,,"react-select-mgm-input",,"False","False","False"
"https://mgm.ibos.io/sales/target","base","input","hidden",,"","",,"office",,,"False","False","False"
"https://mgm.ibos.io/sales/target","base","input","date",,"","2026-08-13",,"fromDate",,,"False","False","False"
"https://mgm.ibos.io/sales/target","base","input","date",,"","2026-09-13",,"toDate",,,"False","False","False"
"https://mgm.ibos.io/sales/target","base","input","text","combobox","","",,,"react-select-mgm-input",,"False","False","False"
"https://mgm.ibos.io/sales/target","base","input","hidden",,"","",,"targetType",,,"False","False","False"
"https://mgm.ibos.io/sales/target","base","input","text",,"","","Target Name","targetName",,,"False","False","False"
"https://mgm.ibos.io/sales/target","base","button","submit",,"View","",,,,,"False","False",
"https://mgm.ibos.io/sales/target","tab:TARGET","input","text",,"","","Go to page...",,,,"False",,
"https://mgm.ibos.io/sales/target","tab:TARGET","button","button",,"","",,,,,"False",,
"https://mgm.ibos.io/sales/target","tab:TARGET","button","button",,"","",,,,,"False",,
"https://mgm.ibos.io/sales/target","tab:TARGET","button","button",,"","",,,,,"False",,
"https://mgm.ibos.io/sales/target","tab:TARGET","button","button",,"","",,,,,"False",,
"https://mgm.ibos.io/sales/target","tab:TARGET","input",,,"","",,,,,"False",,
"https://mgm.ibos.io/sales/target","tab:TARGET","input","hidden",,"","40513",,,,,"False",,
"https://mgm.ibos.io/sales/target","tab:TARGET","button","button",,"Target","",,,,,"False",,
"https://mgm.ibos.io/sales/target","tab:TARGET","button","button",,"TARGET","",,,,,"False",,
"https://mgm.ibos.io/sales/target","tab:TARGET","button","button",,"TARGET REPORT","",,,,,"False",,
"https://mgm.ibos.io/sales/target","tab:TARGET","button","button",,"SALES TARGET","",,,,,"False",,
"https://mgm.ibos.io/sales/target","tab:TARGET","button","button",,"SALES TARGET REPORT","",,,,,"False",,
"https://mgm.ibos.io/sales/target","tab:TARGET","button","button",,"COMMISSION SETUP","",,,,,"False",,
"https://mgm.ibos.io/sales/target","tab:TARGET","button","button",,"COMMISSION REPORT","",,,,,"False",,
"https://mgm.ibos.io/sales/target","tab:TARGET REPORT","input","text",,"","","Go to page...",,,,"False",,
"https://mgm.ibos.io/sales/target","tab:TARGET REPORT","button","button",,"","",,,,,"False",,
"https://mgm.ibos.io/sales/target","tab:TARGET REPORT","button","button",,"","",,,,,"False",,
"https://mgm.ibos.io/sales/target","tab:TARGET REPORT","button","button",,"","",,,,,"False",,
"https://mgm.ibos.io/sales/target","tab:TARGET REPORT","button","button",,"","",,,,,"False",,
"https://mgm.ibos.io/sales/target","tab:TARGET REPORT","input",,,"","",,,,,"False",,
"https://mgm.ibos.io/sales/target","tab:TARGET REPORT","input","hidden",,"","40513",,,,,"False",,
"https://mgm.ibos.io/sales/target","tab:TARGET REPORT","button","button",,"EXCEL","",,,,,"True",,
"https://mgm.ibos.io/sales/target","tab:TARGET REPORT","button","button",,"Target Report","",,,,,"False",,
"https://mgm.ibos.io/sales/target","tab:TARGET REPORT","button","button",,"TARGET","",,,,,"False",,
"https://mgm.ibos.io/sales/target","tab:TARGET REPORT","button","button",,"TARGET REPORT","",,,,,"False",,
"https://mgm.ibos.io/sales/target","tab:TARGET REPORT","button","button",,"SALES TARGET","",,,,,"False",,
"https://mgm.ibos.io/sales/target","tab:TARGET REPORT","button","button",,"SALES TARGET REPORT","",,,,,"False",,
"https://mgm.ibos.io/sales/target","tab:TARGET REPORT","button","button",,"COMMISSION SETUP","",,,,,"False",,
"https://mgm.ibos.io/sales/target","tab:TARGET REPORT","button","button",,"COMMISSION REPORT","",,,,,"False",,
"https://mgm.ibos.io/sales/target","tab:TARGET REPORT","input","text",,"","",,,,,"False",,
"https://mgm.ibos.io/sales/target","tab:TARGET REPORT","input","hidden",,"","",,,,,"False",,
"https://mgm.ibos.io/sales/target","tab:TARGET REPORT","input","text",,"","",,,,,"False",,
"https://mgm.ibos.io/sales/target","tab:TARGET REPORT","input","text",,"","",,,,,"False",,
"https://mgm.ibos.io/sales/target","tab:TARGET REPORT","input","hidden",,"","",,,,,"False",,
"https://mgm.ibos.io/sales/target","tab:TARGET REPORT","input","text",,"","",,,,,"False",,
"https://mgm.ibos.io/sales/target","tab:TARGET REPORT","input","hidden",,"","",,,,,"False",,
"https://mgm.ibos.io/sales/target","tab:TARGET REPORT","input","text",,"","",,,,,"False",,
"https://mgm.ibos.io/sales/target","tab:TARGET REPORT","input","hidden",,"","",,,,,"False",,
"https://mgm.ibos.io/sales/target","tab:TARGET REPORT","input","text",,"","",,,,,"False",,
"https://mgm.ibos.io/sales/target","tab:TARGET REPORT","input","hidden",,"","",,,,,"False",,
"https://mgm.ibos.io/sales/target","tab:TARGET REPORT","button","submit",,"View","",,,,,"True",,
"https://mgm.ibos.io/sales/target","tab:SALES TARGET","input","text",,"","","Go to page...",,,,"False",,
"https://mgm.ibos.io/sales/target","tab:SALES TARGET","button","button",,"","",,,,,"False",,
"https://mgm.ibos.io/sales/target","tab:SALES TARGET","button","button",,"","",,,,,"False",,
"https://mgm.ibos.io/sales/target","tab:SALES TARGET","button","button",,"","",,,,,"False",,
"https://mgm.ibos.io/sales/target","tab:SALES TARGET","button","button",,"","",,,,,"False",,
"https://mgm.ibos.io/sales/target","tab:SALES TARGET","input",,,"","",,,,,"False",,
"https://mgm.ibos.io/sales/target","tab:SALES TARGET","input","hidden",,"","40513",,,,,"False",,
"https://mgm.ibos.io/sales/target","tab:SALES TARGET","button","button",,"Assign","",,,,,"False",,
"https://mgm.ibos.io/sales/target","tab:SALES TARGET","button","button",,"Sales Target","",,,,,"False",,
"https://mgm.ibos.io/sales/target","tab:SALES TARGET","button","button",,"TARGET","",,,,,"False",,
"https://mgm.ibos.io/sales/target","tab:SALES TARGET","button","button",,"TARGET REPORT","",,,,,"False",,
"https://mgm.ibos.io/sales/target","tab:SALES TARGET","button","button",,"SALES TARGET","",,,,,"False",,
"https://mgm.ibos.io/sales/target","tab:SALES TARGET","button","button",,"SALES TARGET REPORT","",,,,,"False",,
"https://mgm.ibos.io/sales/target","tab:SALES TARGET","button","button",,"COMMISSION SETUP","",,,,,"False",,
"https://mgm.ibos.io/sales/target","tab:SALES TARGET","button","button",,"COMMISSION REPORT","",,,,,"False",,
"https://mgm.ibos.io/sales/target","tab:SALES TARGET","input","text",,"","",,,,,"False",,
"https://mgm.ibos.io/sales/target","tab:SALES TARGET","input","hidden",,"","",,,,,"False",,
"https://mgm.ibos.io/sales/target","tab:SALES TARGET","input","date",,"","2026-08-13",,,,,"False",,
"https://mgm.ibos.io/sales/target","tab:SALES TARGET","input","date",,"","2026-09-13",,,,,"False",,
"https://mgm.ibos.io/sales/target","tab:SALES TARGET","input","text",,"","",,,,,"False",,
"https://mgm.ibos.io/sales/target","tab:SALES TARGET","input","hidden",,"","",,,,,"False",,
"https://mgm.ibos.io/sales/target","tab:SALES TARGET","input","text",,"","","Target Name",,,,"False",,
"https://mgm.ibos.io/sales/target","tab:SALES TARGET","button","submit",,"View","",,,,,"False",,
"https://mgm.ibos.io/sales/target","tab:SALES TARGET REPORT","input","text",,"","","Go to page...",,,,"False",,
"https://mgm.ibos.io/sales/target","tab:SALES TARGET REPORT","button","button",,"","",,,,,"False",,
"https://mgm.ibos.io/sales/target","tab:SALES TARGET REPORT","button","button",,"","",,,,,"False",,
"https://mgm.ibos.io/sales/target","tab:SALES TARGET REPORT","button","button",,"","",,,,,"False",,
"https://mgm.ibos.io/sales/target","tab:SALES TARGET REPORT","button","button",,"","",,,,,"False",,
"https://mgm.ibos.io/sales/target","tab:SALES TARGET REPORT","input",,,"","",,,,,"False",,
"https://mgm.ibos.io/sales/target","tab:SALES TARGET REPORT","input","hidden",,"","40513",,,,,"False",,
"https://mgm.ibos.io/sales/target","tab:SALES TARGET REPORT","button","button",,"TARGET","",,,,,"False",,
"https://mgm.ibos.io/sales/target","tab:SALES TARGET REPORT","button","button",,"TARGET REPORT","",,,,,"False",,
"https://mgm.ibos.io/sales/target","tab:SALES TARGET REPORT","button","button",,"SALES TARGET","",,,,,"False",,
"https://mgm.ibos.io/sales/target","tab:SALES TARGET REPORT","button","button",,"SALES TARGET REPORT","",,,,,"False",,
"https://mgm.ibos.io/sales/target","tab:SALES TARGET REPORT","button","button",,"COMMISSION SETUP","",,,,,"False",,
"https://mgm.ibos.io/sales/target","tab:SALES TARGET REPORT","button","button",,"COMMISSION REPORT","",,,,,"False",,
"https://mgm.ibos.io/sales/target","tab:SALES TARGET REPORT","input","text",,"","",,,,,"False",,
"https://mgm.ibos.io/sales/target","tab:SALES TARGET REPORT","input","hidden",,"","",,,,,"False",,
"https://mgm.ibos.io/sales/target","tab:SALES TARGET REPORT","input","text",,"","",,,,,"False",,
"https://mgm.ibos.io/sales/target","tab:SALES TARGET REPORT","input","hidden",,"","",,,,,"False",,
"https://mgm.ibos.io/sales/target","tab:SALES TARGET REPORT","input","text",,"","",,,,,"False",,
"https://mgm.ibos.io/sales/target","tab:SALES TARGET REPORT","input","text",,"","",,,,,"False",,
"https://mgm.ibos.io/sales/target","tab:SALES TARGET REPORT","input","hidden",,"","",,,,,"False",,
"https://mgm.ibos.io/sales/target","tab:SALES TARGET REPORT","input","date",,"","2026-08-13",,,,,"False",,
"https://mgm.ibos.io/sales/target","tab:SALES TARGET REPORT","input","date",,"","2026-09-13",,,,,"False",,
"https://mgm.ibos.io/sales/target","tab:SALES TARGET REPORT","input","checkbox",,"","on",,,,,"False",,
"https://mgm.ibos.io/sales/target","tab:SALES TARGET REPORT","button","submit",,"View","",,,,,"False",,
"https://mgm.ibos.io/sales/target","tab:COMMISSION SETUP","input","text",,"","","Go to page...",,,,"False",,
"https://mgm.ibos.io/sales/target","tab:COMMISSION SETUP","button","button",,"","",,,,,"False",,
"https://mgm.ibos.io/sales/target","tab:COMMISSION SETUP","button","button",,"","",,,,,"False",,
"https://mgm.ibos.io/sales/target","tab:COMMISSION SETUP","button","button",,"","",,,,,"False",,
"https://mgm.ibos.io/sales/target","tab:COMMISSION SETUP","button","button",,"","",,,,,"False",,
"https://mgm.ibos.io/sales/target","tab:COMMISSION SETUP","input",,,"","",,,,,"False",,
"https://mgm.ibos.io/sales/target","tab:COMMISSION SETUP","input","hidden",,"","40513",,,,,"False",,
"https://mgm.ibos.io/sales/target","tab:COMMISSION SETUP","button","button",,"Commission Setup","",,,,,"False",,
"https://mgm.ibos.io/sales/target","tab:COMMISSION SETUP","button","button",,"TARGET","",,,,,"False",,
"https://mgm.ibos.io/sales/target","tab:COMMISSION SETUP","button","button",,"TARGET REPORT","",,,,,"False",,
"https://mgm.ibos.io/sales/target","tab:COMMISSION SETUP","button","button",,"SALES TARGET","",,,,,"False",,
"https://mgm.ibos.io/sales/target","tab:COMMISSION SETUP","button","button",,"SALES TARGET REPORT","",,,,,"False",,
"https://mgm.ibos.io/sales/target","tab:COMMISSION SETUP","button","button",,"COMMISSION SETUP","",,,,,"False",,
"https://mgm.ibos.io/sales/target","tab:COMMISSION SETUP","button","button",,"COMMISSION REPORT","",,,,,"False",,
"https://mgm.ibos.io/sales/target","tab:COMMISSION SETUP","input","radio",,"","item",,,,,"False",,
"https://mgm.ibos.io/sales/target","tab:COMMISSION REPORT","input","text",,"","","Go to page...",,,,"False",,
"https://mgm.ibos.io/sales/target","tab:COMMISSION REPORT","button","button",,"","",,,,,"False",,
"https://mgm.ibos.io/sales/target","tab:COMMISSION REPORT","button","button",,"","",,,,,"False",,
"https://mgm.ibos.io/sales/target","tab:COMMISSION REPORT","button","button",,"","",,,,,"False",,
"https://mgm.ibos.io/sales/target","tab:COMMISSION REPORT","button","button",,"","",,,,,"False",,
"https://mgm.ibos.io/sales/target","tab:COMMISSION REPORT","input",,,"","",,,,,"False",,
"https://mgm.ibos.io/sales/target","tab:COMMISSION REPORT","input","hidden",,"","40513",,,,,"False",,
"https://mgm.ibos.io/sales/target","tab:COMMISSION REPORT","button","button",,"PRINT/PDF","",,,,,"False",,
"https://mgm.ibos.io/sales/target","tab:COMMISSION REPORT","button","button",,"TARGET","",,,,,"False",,
"https://mgm.ibos.io/sales/target","tab:COMMISSION REPORT","button","button",,"TARGET REPORT","",,,,,"False",,
"https://mgm.ibos.io/sales/target","tab:COMMISSION REPORT","button","button",,"SALES TARGET","",,,,,"False",,
"https://mgm.ibos.io/sales/target","tab:COMMISSION REPORT","button","button",,"SALES TARGET REPORT","",,,,,"False",,
"https://mgm.ibos.io/sales/target","tab:COMMISSION REPORT","button","button",,"COMMISSION SETUP","",,,,,"False",,
"https://mgm.ibos.io/sales/target","tab:COMMISSION REPORT","button","button",,"COMMISSION REPORT","",,,,,"False",,
"https://mgm.ibos.io/sales/target","tab:COMMISSION REPORT","input","text",,"","",,,,,"False",,
"https://mgm.ibos.io/sales/target","tab:COMMISSION REPORT","input","hidden",,"","",,,,,"False",,
"https://mgm.ibos.io/sales/target","tab:COMMISSION REPORT","input","text",,"","",,,,,"False",,
"https://mgm.ibos.io/sales/target","tab:COMMISSION REPORT","input","hidden",,"","",,,,,"False",,
"https://mgm.ibos.io/sales/target","tab:COMMISSION REPORT","input","text",,"","",,,,,"False",,
"https://mgm.ibos.io/sales/target","tab:COMMISSION REPORT","input","hidden",,"","",,,,,"False",,
"https://mgm.ibos.io/sales/target","tab:COMMISSION REPORT","input","date",,"","2026-08-13","Text",,,,"False",,
"https://mgm.ibos.io/sales/target","tab:COMMISSION REPORT","input","date",,"","2026-09-13","Text",,,,"False",,
"https://mgm.ibos.io/sales/target","tab:COMMISSION REPORT","input","checkbox",,"","on",,,,,"False",,
"https://mgm.ibos.io/sales/target","tab:COMMISSION REPORT","button","button",,"View","",,,,,"True",,
"https://mgm.ibos.io/accounts/budgetSetup/create","create:Budget Create","input","text",,"","","Go to page...",,,,"False","False","False"
"https://mgm.ibos.io/accounts/budgetSetup/create","create:Budget Create","button","button",,"","",,,,,"False","False",
"https://mgm.ibos.io/accounts/budgetSetup/create","create:Budget Create","button","button",,"","",,,,,"False","False",
"https://mgm.ibos.io/accounts/budgetSetup/create","create:Budget Create","button","button",,"","",,,,,"False","False",
"https://mgm.ibos.io/accounts/budgetSetup/create","create:Budget Create","button","button",,"","",,,,,"False","False",
"https://mgm.ibos.io/accounts/budgetSetup/create","create:Budget Create","input",,"combobox","","",,,"react-select-mgm-input",,"False","False","False"
"https://mgm.ibos.io/accounts/budgetSetup/create","create:Budget Create","input","hidden",,"","40513",,"branchList",,,"False","False","False"
"https://mgm.ibos.io/accounts/budgetSetup/create","create:Budget Create","button","button",,"","",,,,,"False","False",
"https://mgm.ibos.io/accounts/budgetSetup/create","create:Budget Create","button","submit",,"Save","",,,,,"False","False",
"https://mgm.ibos.io/accounts/budgetSetup/create","create:Budget Create","div",,"tab","Details",,,,"rc-tabs-1-tab-details",,"False","False",
"https://mgm.ibos.io/accounts/budgetSetup/create","create:Budget Create","button","button",,"","",,,"rc-tabs-1-more",,"False","False",
"https://mgm.ibos.io/accounts/budgetSetup/create","create:Budget Create","button","button",,"","",,,,,"False","False",
"https://mgm.ibos.io/accounts/budgetSetup/create","create:Budget Create","input","date",,"","2026-09-13","Create Date",,,,"False","False","False"
"https://mgm.ibos.io/accounts/budgetSetup/create","create:Budget Create","input","text","combobox","","",,,"MGMForm_office",,"False","True","False"
"https://mgm.ibos.io/accounts/budgetSetup/create","create:Budget Create","input","text","combobox","","",,,"MGMForm_budgetType",,"False","True","False"
"https://mgm.ibos.io/accounts/budgetSetup/create","create:Budget Create","input","text",,"","","Budget Name",,"MGMForm_budgetName",,"False","True","False"
"https://mgm.ibos.io/accounts/budgetSetup/create","create:Budget Create","input","date",,"","2026-09-13","From Period",,,,"False","False","False"
"https://mgm.ibos.io/accounts/budgetSetup/create","create:Budget Create","input","date",,"","2026-11-13","To Period",,,,"False","False","False"
"https://mgm.ibos.io/accounts/budgetSetup/create","create:Budget Create","input","text",,"","Test Remarks","Remarks",,"MGMForm_remarks",,"False","False","False"
"https://mgm.ibos.io/accounts/budgetSetup/create","create:Budget Create","input","text","combobox","","",,,"MGMForm_accountHead",,"False","False","False"
"https://mgm.ibos.io/accounts/budgetSetup/create","create:Budget Create","input","text","combobox","","",,,"MGMForm_expenseName",,"False","False","False"
"https://mgm.ibos.io/accounts/budgetSetup/create","create:Budget Create","input","number",,"","","Amount",,,,"True","False","False"
"https://mgm.ibos.io/accounts/budgetSetup/create","create:Budget Create","input","number",,"","","Amount",,,,"True","False","False"
"https://mgm.ibos.io/accounts/budgetSetup/create","create:Budget Create","input","number",,"","","Amount",,,,"True","False","False"
"https://mgm.ibos.io/accounts/budgetSetup/create","create:Budget Create","button","button",,"Add","",,,,,"False","False",
"https://mgm.ibos.io/accounts/budgetSetup/create","create:Budget Create / tab:Budget","input","text",,"","","Go to page...",,,,"False","False","False"
"https://mgm.ibos.io/accounts/budgetSetup/create","create:Budget Create / tab:Budget","button","button",,"","",,,,,"False","False",
"https://mgm.ibos.io/accounts/budgetSetup/create","create:Budget Create / tab:Budget","button","button",,"","",,,,,"False","False",
"https://mgm.ibos.io/accounts/budgetSetup/create","create:Budget Create / tab:Budget","button","button",,"","",,,,,"False","False",
"https://mgm.ibos.io/accounts/budgetSetup/create","create:Budget Create / tab:Budget","button","button",,"","",,,,,"False","False",
"https://mgm.ibos.io/accounts/budgetSetup/create","create:Budget Create / tab:Budget","input",,"combobox","","",,,"react-select-mgm-input",,"False","False","False"
"https://mgm.ibos.io/accounts/budgetSetup/create","create:Budget Create / tab:Budget","input","hidden",,"","40513",,"branchList",,,"False","False","False"
"https://mgm.ibos.io/accounts/budgetSetup/create","create:Budget Create / tab:Budget","button","button",,"","",,,,,"False","False",
"https://mgm.ibos.io/accounts/budgetSetup/create","create:Budget Create / tab:Budget","button","submit",,"Save","",,,,,"False","False",
"https://mgm.ibos.io/accounts/budgetSetup/create","create:Budget Create / tab:Budget","div",,"tab","Details",,,,"rc-tabs-1-tab-details",,"False","False",
"https://mgm.ibos.io/accounts/budgetSetup/create","create:Budget Create / tab:Budget","button","button",,"","",,,"rc-tabs-1-more",,"False","False",
"https://mgm.ibos.io/accounts/budgetSetup/create","create:Budget Create / tab:Budget","button","button",,"","",,,,,"False","False",
"https://mgm.ibos.io/accounts/budgetSetup/create","create:Budget Create / tab:Budget","input","date",,"","2026-09-13","Create Date",,,,"False","False","False"
"https://mgm.ibos.io/accounts/budgetSetup/create","create:Budget Create / tab:Budget","input","text","combobox","","",,,"MGMForm_office",,"False","True","False"
"https://mgm.ibos.io/accounts/budgetSetup/create","create:Budget Create / tab:Budget","input","text","combobox","","",,,"MGMForm_budgetType",,"False","True","False"
"https://mgm.ibos.io/accounts/budgetSetup/create","create:Budget Create / tab:Budget","input","text",,"","","Budget Name",,"MGMForm_budgetName",,"False","True","False"
"https://mgm.ibos.io/accounts/budgetSetup/create","create:Budget Create / tab:Budget","input","date",,"","2026-09-13","From Period",,,,"False","False","False"
"https://mgm.ibos.io/accounts/budgetSetup/create","create:Budget Create / tab:Budget","input","date",,"","2026-11-13","To Period",,,,"False","False","False"
"https://mgm.ibos.io/accounts/budgetSetup/create","create:Budget Create / tab:Budget","input","text",,"","Test Remarks","Remarks",,"MGMForm_remarks",,"False","False","False"
"https://mgm.ibos.io/accounts/budgetSetup/create","create:Budget Create / tab:Budget","input","text","combobox","","",,,"MGMForm_accountHead",,"False","False","False"
"https://mgm.ibos.io/accounts/budgetSetup/create","create:Budget Create / tab:Budget","input","text","combobox","","",,,"MGMForm_expenseName",,"False","False","False"
"https://mgm.ibos.io/accounts/budgetSetup/create","create:Budget Create / tab:Budget","input","number",,"","","Amount",,,,"True","False","False"
"https://mgm.ibos.io/accounts/budgetSetup/create","create:Budget Create / tab:Budget","input","number",,"","","Amount",,,,"True","False","False"
"https://mgm.ibos.io/accounts/budgetSetup/create","create:Budget Create / tab:Budget","input","number",,"","","Amount",,,,"True","False","False"
"https://mgm.ibos.io/accounts/budgetSetup/create","create:Budget Create / tab:Budget","button","button",,"Add","",,,,,"False","False",
"https://mgm.ibos.io/accounts/chequeDesign/create","create:Create","input","text",,"","","Go to page...",,,,"False","False","False"
"https://mgm.ibos.io/accounts/chequeDesign/create","create:Create","button","button",,"","",,,,,"False","False",
"https://mgm.ibos.io/accounts/chequeDesign/create","create:Create","button","button",,"","",,,,,"False","False",
"https://mgm.ibos.io/accounts/chequeDesign/create","create:Create","button","button",,"","",,,,,"False","False",
"https://mgm.ibos.io/accounts/chequeDesign/create","create:Create","button","button",,"","",,,,,"False","False",
"https://mgm.ibos.io/accounts/chequeDesign/create","create:Create","input",,"combobox","","",,,"react-select-mgm-input",,"False","False","False"
"https://mgm.ibos.io/accounts/chequeDesign/create","create:Create","input","hidden",,"","40513",,"branchList",,,"False","False","False"
"https://mgm.ibos.io/accounts/chequeDesign/create","create:Create","button","button",,"","",,,,,"False","False",
"https://mgm.ibos.io/accounts/chequeDesign/create","create:Create","button","button",,"View Print","",,,,,"False","False",
"https://mgm.ibos.io/accounts/chequeDesign/create","create:Create","button","button",,"Save","",,,,,"False","False",
"https://mgm.ibos.io/accounts/chequeDesign/create","create:Create","button","button","tab","GLOBAL","",,,"mui-p-74124-T-1",,"False","False",
"https://mgm.ibos.io/accounts/chequeDesign/create","create:Create","button","button","tab","PAYEE","",,,"mui-p-74124-T-2",,"False","False",
"https://mgm.ibos.io/accounts/chequeDesign/create","create:Create","button","button","tab","AMOUNT","",,,"mui-p-74124-T-3",,"False","False",
"https://mgm.ibos.io/accounts/chequeDesign/create","create:Create","button","button","tab","IN WORD (LINE 1)","",,,"mui-p-74124-T-4",,"False","False",
"https://mgm.ibos.io/accounts/chequeDesign/create","create:Create","button","button","tab","IN WORD (LINE 2)","",,,"mui-p-74124-T-5",,"False","False",
"https://mgm.ibos.io/accounts/chequeDesign/create","create:Create","button","button","tab","ACCOUNT PAYEE","",,,"mui-p-74124-T-6",,"False","False",
"https://mgm.ibos.io/accounts/chequeDesign/create","create:Create","button","button","tab","DATE","",,,"mui-p-74124-T-7",,"False","False",
"https://mgm.ibos.io/accounts/chequeDesign/create","create:Create","input","text","combobox","","",,,"react-select-mgm-input",,"False","False","False"
"https://mgm.ibos.io/accounts/chequeDesign/create","create:Create","input","hidden",,"","",,"bank",,,"False","False","False"
"https://mgm.ibos.io/accounts/chequeDesign/create","create:Create","input","number",,"","200","Weight","weight",,,"False","False","False"
"https://mgm.ibos.io/accounts/chequeDesign/create","create:Create","input","number",,"","70","Height","height",,,"False","False","False"
"https://mgm.ibos.io/accounts/chequeDesign/create","create:Create","button","submit",,"","",,,,,"False","False",
"https://mgm.ibos.io/accounts/chequeIssue/create","create:Create","input","text",,"","","Go to page...",,,,"False","False","False"
"https://mgm.ibos.io/accounts/chequeIssue/create","create:Create","button","button",,"","",,,,,"False","False",
"https://mgm.ibos.io/accounts/chequeIssue/create","create:Create","button","button",,"","",,,,,"False","False",
"https://mgm.ibos.io/accounts/chequeIssue/create","create:Create","button","button",,"","",,,,,"False","False",
"https://mgm.ibos.io/accounts/chequeIssue/create","create:Create","button","button",,"","",,,,,"False","False",
"https://mgm.ibos.io/accounts/chequeIssue/create","create:Create","input",,"combobox","","",,,"react-select-mgm-input",,"False","False","False"
"https://mgm.ibos.io/accounts/chequeIssue/create","create:Create","input","hidden",,"","40513",,"branchList",,,"False","False","False"
"https://mgm.ibos.io/accounts/chequeIssue/create","create:Create","button","button",,"","",,,,,"False","False",
"https://mgm.ibos.io/accounts/chequeIssue/create","create:Create","button","button",,"Print","",,,,,"False","False",
"https://mgm.ibos.io/accounts/chequeIssue/create","create:Create","button","submit",,"Save","",,,,,"False","False",
"https://mgm.ibos.io/accounts/chequeIssue/create","create:Create","input","text","combobox","","",,,"react-select-mgm-input",,"False","False","False"
"https://mgm.ibos.io/accounts/chequeIssue/create","create:Create","input","hidden",,"","",,"bank",,,"False","False","False"
"https://mgm.ibos.io/accounts/chequeIssue/create","create:Create","input","text","combobox","","",,,"react-select-mgm-input",,"False","False","False"
"https://mgm.ibos.io/accounts/chequeIssue/create","create:Create","input","text",,"","","Payee","payee",,,"False","False","False"
"https://mgm.ibos.io/accounts/chequeIssue/create","create:Create","input","date",,"","","Cheque Date","chequeDate",,,"False","False","False"
"https://mgm.ibos.io/accounts/chequeIssue/create","create:Create","input","date",,"","","Transaction Date","transactionDate",,,"True","False","False"
"https://mgm.ibos.io/accounts/chequeIssue/create","create:Create","input","number",,"","","Amount","amount",,,"False","False","False"
"https://mgm.ibos.io/accounts/chequeIssue/create","create:Create","input","checkbox",,"","on",,"isACPayableOnly",,,"False","False","False"
"https://mgm.ibos.io/accounts/chequeIssue/create","create:Create","button","submit",,"","",,,,,"False","False",
"https://mgm.ibos.io/accounts/chequeSetup/create","create:New Cheque","input","text",,"","","Go to page...",,,,"False","False","False"
"https://mgm.ibos.io/accounts/chequeSetup/create","create:New Cheque","button","button",,"","",,,,,"False","False",
"https://mgm.ibos.io/accounts/chequeSetup/create","create:New Cheque","button","button",,"","",,,,,"False","False",
"https://mgm.ibos.io/accounts/chequeSetup/create","create:New Cheque","button","button",,"","",,,,,"False","False",
"https://mgm.ibos.io/accounts/chequeSetup/create","create:New Cheque","button","button",,"","",,,,,"False","False",
"https://mgm.ibos.io/accounts/chequeSetup/create","create:New Cheque","input",,"combobox","","",,,"react-select-mgm-input",,"False","False","False"
"https://mgm.ibos.io/accounts/chequeSetup/create","create:New Cheque","input","hidden",,"","40513",,"branchList",,,"False","False","False"
"https://mgm.ibos.io/accounts/chequeSetup/create","create:New Cheque","button","button",,"","",,,,,"False","False",
"https://mgm.ibos.io/accounts/chequeSetup/create","create:New Cheque","button","submit",,"SAVE","",,,,,"False","False",
"https://mgm.ibos.io/accounts/chequeSetup/create","create:New Cheque","input","text","combobox","","",,,"react-select-mgm-input",,"False","False","False"
"https://mgm.ibos.io/accounts/chequeSetup/create","create:New Cheque","input","hidden",,"","",,"bankAccount",,,"False","False","False"
"https://mgm.ibos.io/accounts/chequeSetup/create","create:New Cheque","input","string",,"","","Account Number","accountNumber",,,"True","False","False"
"https://mgm.ibos.io/accounts/chequeSetup/create","create:New Cheque","input","string",,"","","Bank Name","bankName",,,"True","False","False"
"https://mgm.ibos.io/accounts/chequeSetup/create","create:New Cheque","input",,,"","","Branch Name","branchName",,,"True","False","False"
"https://mgm.ibos.io/accounts/chequeSetup/create","create:New Cheque","input","string",,"","","Prefix","prefix",,,"False","False","False"
"https://mgm.ibos.io/accounts/chequeSetup/create","create:New Cheque","input","string",,"","0","Start No","startNo",,,"False","False","False"
"https://mgm.ibos.io/accounts/chequeSetup/create","create:New Cheque","input","number",,"","0","End No","endNo",,,"False","False","False"
"https://mgm.ibos.io/accounts/chequeSetup/create","create:New Cheque","input","number",,"","","Total Leaf","leaf",,,"True","False","False"
"https://mgm.ibos.io/accounts/chequeSetup/create","create:New Cheque","input","string",,"","","Book Name","bookName",,,"False","False","False"
"https://mgm.ibos.io/accounts/chequeSetup/create","create:New Cheque","button","submit",,"","",,,,,"False","False",
"https://mgm.ibos.io/accounts/chequeSetup/create","create:New Cheque","button","reset",,"","",,,,,"False","False",
"https://mgm.ibos.io/accounts/chequeSetup/create","create:New Cheque / tab:CHEQUE REGISTER","input","text",,"","","Go to page...",,,,"False","False","False"
"https://mgm.ibos.io/accounts/chequeSetup/create","create:New Cheque / tab:CHEQUE REGISTER","button","button",,"","",,,,,"False","False",
"https://mgm.ibos.io/accounts/chequeSetup/create","create:New Cheque / tab:CHEQUE REGISTER","button","button",,"","",,,,,"False","False",
"https://mgm.ibos.io/accounts/chequeSetup/create","create:New Cheque / tab:CHEQUE REGISTER","button","button",,"","",,,,,"False","False",
"https://mgm.ibos.io/accounts/chequeSetup/create","create:New Cheque / tab:CHEQUE REGISTER","button","button",,"","",,,,,"False","False",
"https://mgm.ibos.io/accounts/chequeSetup/create","create:New Cheque / tab:CHEQUE REGISTER","input",,"combobox","","",,,"react-select-mgm-input",,"False","False","False"
"https://mgm.ibos.io/accounts/chequeSetup/create","create:New Cheque / tab:CHEQUE REGISTER","input","hidden",,"","40513",,"branchList",,,"False","False","False"
"https://mgm.ibos.io/accounts/chequeSetup/create","create:New Cheque / tab:CHEQUE REGISTER","button","button",,"","",,,,,"False","False",
"https://mgm.ibos.io/accounts/chequeSetup/create","create:New Cheque / tab:CHEQUE REGISTER","button","submit",,"SAVE","",,,,,"False","False",
"https://mgm.ibos.io/accounts/chequeSetup/create","create:New Cheque / tab:CHEQUE REGISTER","input","text","combobox","","",,,"react-select-mgm-input",,"False","False","False"
"https://mgm.ibos.io/accounts/chequeSetup/create","create:New Cheque / tab:CHEQUE REGISTER","input","hidden",,"","",,"bankAccount",,,"False","False","False"
"https://mgm.ibos.io/accounts/chequeSetup/create","create:New Cheque / tab:CHEQUE REGISTER","input","string",,"","","Account Number","accountNumber",,,"True","False","False"
"https://mgm.ibos.io/accounts/chequeSetup/create","create:New Cheque / tab:CHEQUE REGISTER","input","string",,"","","Bank Name","bankName",,,"True","False","False"
"https://mgm.ibos.io/accounts/chequeSetup/create","create:New Cheque / tab:CHEQUE REGISTER","input",,,"","","Branch Name","branchName",,,"True","False","False"
"https://mgm.ibos.io/accounts/chequeSetup/create","create:New Cheque / tab:CHEQUE REGISTER","input","string",,"","","Prefix","prefix",,,"False","False","False"
"https://mgm.ibos.io/accounts/chequeSetup/create","create:New Cheque / tab:CHEQUE REGISTER","input","string",,"","0","Start No","startNo",,,"False","False","False"
"https://mgm.ibos.io/accounts/chequeSetup/create","create:New Cheque / tab:CHEQUE REGISTER","input","number",,"","0","End No","endNo",,,"False","False","False"
"https://mgm.ibos.io/accounts/chequeSetup/create","create:New Cheque / tab:CHEQUE REGISTER","input","number",,"","","Total Leaf","leaf",,,"True","False","False"
"https://mgm.ibos.io/accounts/chequeSetup/create","create:New Cheque / tab:CHEQUE REGISTER","input","string",,"","","Book Name","bookName",,,"False","False","False"
"https://mgm.ibos.io/accounts/chequeSetup/create","create:New Cheque / tab:CHEQUE REGISTER","button","submit",,"","",,,,,"False","False",
"https://mgm.ibos.io/accounts/chequeSetup/create","create:New Cheque / tab:CHEQUE REGISTER","button","reset",,"","",,,,,"False","False",
"https://mgm.ibos.io/accounts/chequeSetup/create","create:New Cheque / tab:OUTGOING CHEQUE REPORT","input","text",,"","","Go to page...",,,,"False","False","False"
"https://mgm.ibos.io/accounts/chequeSetup/create","create:New Cheque / tab:OUTGOING CHEQUE REPORT","button","button",,"","",,,,,"False","False",
"https://mgm.ibos.io/accounts/chequeSetup/create","create:New Cheque / tab:OUTGOING CHEQUE REPORT","button","button",,"","",,,,,"False","False",
"https://mgm.ibos.io/accounts/chequeSetup/create","create:New Cheque / tab:OUTGOING CHEQUE REPORT","button","button",,"","",,,,,"False","False",
"https://mgm.ibos.io/accounts/chequeSetup/create","create:New Cheque / tab:OUTGOING CHEQUE REPORT","button","button",,"","",,,,,"False","False",
"https://mgm.ibos.io/accounts/chequeSetup/create","create:New Cheque / tab:OUTGOING CHEQUE REPORT","input",,"combobox","","",,,"react-select-mgm-input",,"False","False","False"
"https://mgm.ibos.io/accounts/chequeSetup/create","create:New Cheque / tab:OUTGOING CHEQUE REPORT","input","hidden",,"","40513",,"branchList",,,"False","False","False"
"https://mgm.ibos.io/accounts/chequeSetup/create","create:New Cheque / tab:OUTGOING CHEQUE REPORT","button","button",,"","",,,,,"False","False",
"https://mgm.ibos.io/accounts/chequeSetup/create","create:New Cheque / tab:OUTGOING CHEQUE REPORT","button","submit",,"SAVE","",,,,,"False","False",
"https://mgm.ibos.io/accounts/chequeSetup/create","create:New Cheque / tab:OUTGOING CHEQUE REPORT","input","text","combobox","","",,,"react-select-mgm-input",,"False","False","False"
"https://mgm.ibos.io/accounts/chequeSetup/create","create:New Cheque / tab:OUTGOING CHEQUE REPORT","input","hidden",,"","",,"bankAccount",,,"False","False","False"
"https://mgm.ibos.io/accounts/chequeSetup/create","create:New Cheque / tab:OUTGOING CHEQUE REPORT","input","string",,"","","Account Number","accountNumber",,,"True","False","False"
"https://mgm.ibos.io/accounts/chequeSetup/create","create:New Cheque / tab:OUTGOING CHEQUE REPORT","input","string",,"","","Bank Name","bankName",,,"True","False","False"
"https://mgm.ibos.io/accounts/chequeSetup/create","create:New Cheque / tab:OUTGOING CHEQUE REPORT","input",,,"","","Branch Name","branchName",,,"True","False","False"
"https://mgm.ibos.io/accounts/chequeSetup/create","create:New Cheque / tab:OUTGOING CHEQUE REPORT","input","string",,"","","Prefix","prefix",,,"False","False","False"
"https://mgm.ibos.io/accounts/chequeSetup/create","create:New Cheque / tab:OUTGOING CHEQUE REPORT","input","string",,"","0","Start No","startNo",,,"False","False","False"
"https://mgm.ibos.io/accounts/chequeSetup/create","create:New Cheque / tab:OUTGOING CHEQUE REPORT","input","number",,"","0","End No","endNo",,,"False","False","False"
"https://mgm.ibos.io/accounts/chequeSetup/create","create:New Cheque / tab:OUTGOING CHEQUE REPORT","input","number",,"","","Total Leaf","leaf",,,"True","False","False"
"https://mgm.ibos.io/accounts/chequeSetup/create","create:New Cheque / tab:OUTGOING CHEQUE REPORT","input","string",,"","","Book Name","bookName",,,"False","False","False"
"https://mgm.ibos.io/accounts/chequeSetup/create","create:New Cheque / tab:OUTGOING CHEQUE REPORT","button","submit",,"","",,,,,"False","False",
"https://mgm.ibos.io/accounts/chequeSetup/create","create:New Cheque / tab:OUTGOING CHEQUE REPORT","button","reset",,"","",,,,,"False","False",
"https://mgm.ibos.io/accounts/chequeSetup/create/new","create:New Cheque / tab:POST DATE CHEQUE REPORT","input","text",,"","","Go to page...",,,,"False","False","False"
"https://mgm.ibos.io/accounts/chequeSetup/create/new","create:New Cheque / tab:POST DATE CHEQUE REPORT","button","button",,"","",,,,,"False","False",
"https://mgm.ibos.io/accounts/chequeSetup/create/new","create:New Cheque / tab:POST DATE CHEQUE REPORT","button","button",,"","",,,,,"False","False",
"https://mgm.ibos.io/accounts/chequeSetup/create/new","create:New Cheque / tab:POST DATE CHEQUE REPORT","button","button",,"","",,,,,"False","False",
"https://mgm.ibos.io/accounts/chequeSetup/create/new","create:New Cheque / tab:POST DATE CHEQUE REPORT","button","button",,"","",,,,,"False","False",
"https://mgm.ibos.io/accounts/chequeSetup/create/new","create:New Cheque / tab:POST DATE CHEQUE REPORT","input",,"combobox","","",,,"react-select-mgm-input",,"False","False","False"
"https://mgm.ibos.io/accounts/chequeSetup/create/new","create:New Cheque / tab:POST DATE CHEQUE REPORT","input","hidden",,"","40513",,"branchList",,,"False","False","False"
"https://mgm.ibos.io/accounts/chequeSetup/create/new","create:New Cheque / tab:POST DATE CHEQUE REPORT","button","button",,"","",,,,,"False","False",
"https://mgm.ibos.io/accounts/chequeSetup/create/new","create:New Cheque / tab:POST DATE CHEQUE REPORT","button","submit",,"SAVE","",,,,,"False","False",
"https://mgm.ibos.io/accounts/chequeSetup/create/new","create:New Cheque / tab:POST DATE CHEQUE REPORT","input","date",,"","2026-09-13","Issue Date","issueDate",,,"False","False","False"
"https://mgm.ibos.io/accounts/chequeSetup/create/new","create:New Cheque / tab:POST DATE CHEQUE REPORT","input","text","combobox","","",,,"react-select-mgm-input",,"False","False","False"
"https://mgm.ibos.io/accounts/chequeSetup/create/new","create:New Cheque / tab:POST DATE CHEQUE REPORT","input","hidden",,"","",,"office",,,"False","False","False"
"https://mgm.ibos.io/accounts/chequeSetup/create/new","create:New Cheque / tab:POST DATE CHEQUE REPORT","input","text","combobox","","",,,"react-select-mgm-input",,"False","False","False"
"https://mgm.ibos.io/accounts/chequeSetup/create/new","create:New Cheque / tab:POST DATE CHEQUE REPORT","input","text","combobox","","",,,"react-select-mgm-input",,"False","False","False"
"https://mgm.ibos.io/accounts/chequeSetup/create/new","create:New Cheque / tab:POST DATE CHEQUE REPORT","input","hidden",,"","",,"bankAccount",,,"False","False","False"
"https://mgm.ibos.io/accounts/chequeSetup/create/new","create:New Cheque / tab:POST DATE CHEQUE REPORT","input","date",,"","2026-09-13","Instrument Date","instrumentDate",,,"False","False","False"
"https://mgm.ibos.io/accounts/chequeSetup/create/new","create:New Cheque / tab:POST DATE CHEQUE REPORT","input","text","combobox","","",,,"react-select-mgm-input",,"False","False","False"
"https://mgm.ibos.io/accounts/chequeSetup/create/new","create:New Cheque / tab:POST DATE CHEQUE REPORT","input","hidden",,"","",,"instruementNo",,,"False","False","False"
"https://mgm.ibos.io/accounts/chequeSetup/create/new","create:New Cheque / tab:POST DATE CHEQUE REPORT","input","string",,"","","Bank Name","bankName",,,"True","False","False"
"https://mgm.ibos.io/accounts/chequeSetup/create/new","create:New Cheque / tab:POST DATE CHEQUE REPORT","input",,,"","","Amount","amount",,,"False","False","False"
"https://mgm.ibos.io/accounts/chequeSetup/create/new","create:New Cheque / tab:POST DATE CHEQUE REPORT","input","string",,"","","Remarks","remarks",,,"False","False","False"
"https://mgm.ibos.io/accounts/chequeSetup/create/new","create:New Cheque / tab:POST DATE CHEQUE REPORT","button","submit",,"","",,,,,"False","False",
"https://mgm.ibos.io/accounts/chequeSetup/create/new","create:New Cheque / tab:POST DATE CHEQUE REPORT","button","reset",,"","",,,,,"False","False",
"https://mgm.ibos.io/accounts/expenseIncomeHead/create","create:Create Upload","input","text",,"","","Go to page...",,,,"False","False","False"
"https://mgm.ibos.io/accounts/expenseIncomeHead/create","create:Create Upload","button","button",,"","",,,,,"False","False",
"https://mgm.ibos.io/accounts/expenseIncomeHead/create","create:Create Upload","button","button",,"","",,,,,"False","False",
"https://mgm.ibos.io/accounts/expenseIncomeHead/create","create:Create Upload","button","button",,"","",,,,,"False","False",
"https://mgm.ibos.io/accounts/expenseIncomeHead/create","create:Create Upload","button","button",,"","",,,,,"False","False",
"https://mgm.ibos.io/accounts/expenseIncomeHead/create","create:Create Upload","input",,"combobox","","",,,"react-select-mgm-input",,"False","False","False"
"https://mgm.ibos.io/accounts/expenseIncomeHead/create","create:Create Upload","input","hidden",,"","40513",,"branchList",,,"False","False","False"
"https://mgm.ibos.io/accounts/expenseIncomeHead/create","create:Create Upload","button","button",,"","",,,,,"False","False",
"https://mgm.ibos.io/accounts/expenseIncomeHead/create","create:Create Upload","button","submit",,"SAVE","",,,,,"False","False",
"https://mgm.ibos.io/accounts/expenseIncomeHead/create","create:Create Upload","button","button",,"DOWNLOAD","",,,,,"False","False",
"https://mgm.ibos.io/accounts/expenseIncomeHead/create","create:Create Upload","input","file",,"","",,,"contained-button-file",,"False","False","False"
"https://mgm.ibos.io/accounts/expenseIncomeHead/create","create:Create Upload","span",,"button","UPLOAD",,,,,,"False","False",
"https://mgm.ibos.io/accounts/expenseIncomeHead/create","create:Create Upload","button","submit",,"","",,,,,"False","False",
"https://mgm.ibos.io/accounts/expenseIncomeHead","create:Create / tab:COA PERMISSION","input","text",,"","","Go to page...",,,,"False","False","False"
"https://mgm.ibos.io/accounts/expenseIncomeHead","create:Create / tab:COA PERMISSION","button","button",,"","",,,,,"False","False",
"https://mgm.ibos.io/accounts/expenseIncomeHead","create:Create / tab:COA PERMISSION","button","button",,"","",,,,,"False","False",
"https://mgm.ibos.io/accounts/expenseIncomeHead","create:Create / tab:COA PERMISSION","button","button",,"","",,,,,"False","False",
"https://mgm.ibos.io/accounts/expenseIncomeHead","create:Create / tab:COA PERMISSION","button","button",,"","",,,,,"False","False",
"https://mgm.ibos.io/accounts/expenseIncomeHead","create:Create / tab:COA PERMISSION","input",,"combobox","","",,,"react-select-mgm-input",,"False","False","False"
"https://mgm.ibos.io/accounts/expenseIncomeHead","create:Create / tab:COA PERMISSION","input","hidden",,"","40513",,"branchList",,,"False","False","False"
"https://mgm.ibos.io/accounts/expenseIncomeHead","create:Create / tab:COA PERMISSION","button","button","tab","TABLE VIEW","",,,,,"False","False",
"https://mgm.ibos.io/accounts/expenseIncomeHead","create:Create / tab:COA PERMISSION","button","button","tab","TREE VIEW","",,,,,"False","False",
"https://mgm.ibos.io/accounts/expenseIncomeHead","create:Create / tab:COA PERMISSION","button","button","tab","COA PERMISSION","",,,,,"False","False",
"https://mgm.ibos.io/accounts/expenseIncomeHead","create:Create / tab:COA PERMISSION","button","button",,"Create","",,,,,"False","False",
"https://mgm.ibos.io/accounts/expenseIncomeHead","create:Create / tab:COA PERMISSION","input","text","combobox","","",,,"react-select-mgm-input",,"False","False","False"
"https://mgm.ibos.io/accounts/expenseIncomeHead","create:Create / tab:COA PERMISSION","input","text","combobox","","",,,"react-select-mgm-input",,"False","False","False"
"https://mgm.ibos.io/accounts/expenseIncomeHead","create:Create / tab:COA PERMISSION","input","hidden",,"","",,"voucherType",,,"False","False","False"
"https://mgm.ibos.io/accounts/expenseIncomeHead","create:Create / tab:COA PERMISSION","input","text","combobox","","",,,"react-select-mgm-input",,"False","False","False"
"https://mgm.ibos.io/accounts/expenseIncomeHead","create:Create / tab:COA PERMISSION","input","hidden",,"","",,"accountHead",,,"False","False","False"
"https://mgm.ibos.io/accounts/expenseIncomeHead","create:Create / tab:COA PERMISSION","button","button",,"View","",,,,,"False","False",
"https://mgm.ibos.io/accounts/expenseIncomeHead","create:Create / tab:COA PERMISSION","div",,"combobox","50",,,,"_r_5t_",,"False","False",
"https://mgm.ibos.io/accounts/expenseIncomeHead","create:Create / tab:COA PERMISSION","input",,,"","50",,,,,"False","False","False"
"https://mgm.ibos.io/accounts/expenseIncomeHead","create:Create / tab:COA PERMISSION","button","button",,"","",,,,,"True","False",
"https://mgm.ibos.io/accounts/expenseIncomeHead","create:Create / tab:COA PERMISSION","button","button",,"","",,,,,"True","False",
"https://mgm.ibos.io/accounts/expenseIncomeHead","create:Create / tab:COA PERMISSION","input","text","combobox","","",,,"react-select-mgm-input",,"False","False","False"
"https://mgm.ibos.io/accounts/expenseIncomeHead","create:Create / tab:COA PERMISSION","input","text","combobox","","",,,"react-select-mgm-input",,"False","False","False"
"https://mgm.ibos.io/accounts/expenseIncomeHead","create:Create / tab:COA PERMISSION","input","hidden",,"","",,"voucherType",,,"False","False","False"
"https://mgm.ibos.io/accounts/expenseIncomeHead","create:Create / tab:COA PERMISSION","input","text","combobox","","",,,"react-select-mgm-input",,"False","False","False"
"https://mgm.ibos.io/accounts/expenseIncomeHead","create:Create / tab:COA PERMISSION","input","hidden",,"","",,"accountHead",,,"False","False","False"
"https://mgm.ibos.io/accounts/expenseIncomeHead","create:Create / tab:COA PERMISSION","button","button",,"Add","",,,,,"False","False",
"https://mgm.ibos.io/accounts/expenseIncomeHead","create:Create / tab:COA PERMISSION","button","submit",,"","",,,,,"False","False",
"https://mgm.ibos.io/accounts/expenseIncomeHead","create:Create / tab:COA PERMISSION","button","button",,"CLOSE","",,,,,"False","False",
"https://mgm.ibos.io/accounts/expenseIncomeHead","create:Create / tab:COA PERMISSION","button","button",,"SAVE","",,,,,"False","False",
"https://mgm.ibos.io/accounts/expenseIncomeHead/create","create:Create Upload / tab:TABLE VIEW","input","text",,"","","Go to page...",,,,"False","False","False"
"https://mgm.ibos.io/accounts/expenseIncomeHead/create","create:Create Upload / tab:TABLE VIEW","button","button",,"","",,,,,"False","False",
"https://mgm.ibos.io/accounts/expenseIncomeHead/create","create:Create Upload / tab:TABLE VIEW","button","button",,"","",,,,,"False","False",
"https://mgm.ibos.io/accounts/expenseIncomeHead/create","create:Create Upload / tab:TABLE VIEW","button","button",,"","",,,,,"False","False",
"https://mgm.ibos.io/accounts/expenseIncomeHead/create","create:Create Upload / tab:TABLE VIEW","button","button",,"","",,,,,"False","False",
"https://mgm.ibos.io/accounts/expenseIncomeHead/create","create:Create Upload / tab:TABLE VIEW","input",,"combobox","","",,,"react-select-mgm-input",,"False","False","False"
"https://mgm.ibos.io/accounts/expenseIncomeHead/create","create:Create Upload / tab:TABLE VIEW","input","hidden",,"","40513",,"branchList",,,"False","False","False"
"https://mgm.ibos.io/accounts/expenseIncomeHead/create","create:Create Upload / tab:TABLE VIEW","button","button",,"","",,,,,"False","False",
"https://mgm.ibos.io/accounts/expenseIncomeHead/create","create:Create Upload / tab:TABLE VIEW","button","submit",,"SAVE","",,,,,"False","False",
"https://mgm.ibos.io/accounts/expenseIncomeHead/create","create:Create Upload / tab:TABLE VIEW","button","button",,"DOWNLOAD","",,,,,"False","False",
"https://mgm.ibos.io/accounts/expenseIncomeHead/create","create:Create Upload / tab:TABLE VIEW","input","file",,"","",,,"contained-button-file",,"False","False","False"
"https://mgm.ibos.io/accounts/expenseIncomeHead/create","create:Create Upload / tab:TABLE VIEW","span",,"button","UPLOAD",,,,,,"False","False",
"https://mgm.ibos.io/accounts/expenseIncomeHead/create","create:Create Upload / tab:TABLE VIEW","button","submit",,"","",,,,,"False","False",
"https://mgm.ibos.io/accounts/expenseOrAdvance","create:Create Advance","input","text",,"","","Go to page...",,,,"False","False","False"
"https://mgm.ibos.io/accounts/expenseOrAdvance","create:Create Advance","button","button",,"","",,,,,"False","False",
"https://mgm.ibos.io/accounts/expenseOrAdvance","create:Create Advance","button","button",,"","",,,,,"False","False",
"https://mgm.ibos.io/accounts/expenseOrAdvance","create:Create Advance","button","button",,"","",,,,,"False","False",
"https://mgm.ibos.io/accounts/expenseOrAdvance","create:Create Advance","button","button",,"","",,,,,"False","False",
"https://mgm.ibos.io/accounts/expenseOrAdvance","create:Create Advance","input",,"combobox","","",,,"react-select-mgm-input",,"False","False","False"
"https://mgm.ibos.io/accounts/expenseOrAdvance","create:Create Advance","input","hidden",,"","40513",,"branchList",,,"False","False","False"
"https://mgm.ibos.io/accounts/expenseOrAdvance","create:Create Advance","input","text",,"","","Search....",,,,"False","False","False"
"https://mgm.ibos.io/accounts/expenseOrAdvance","create:Create Advance","button","button",,"","",,,,,"False","False",
"https://mgm.ibos.io/accounts/expenseOrAdvance","create:Create Advance","button","button",,"Create Advance","",,,"demo-positioned-button",,"False","False",
"https://mgm.ibos.io/accounts/expenseOrAdvance","create:Create Advance","button","button","tab","EXPENSE","",,,,,"False","False",
"https://mgm.ibos.io/accounts/expenseOrAdvance","create:Create Advance","button","button","tab","ADVANCE","",,,,,"False","False",
"https://mgm.ibos.io/accounts/expenseOrAdvance","create:Create Advance","button","button","tab","PROVISION","",,,,,"False","False",
"https://mgm.ibos.io/accounts/expenseOrAdvance","create:Create Advance","button","button","tab","PAID","",,,,,"False","False",
"https://mgm.ibos.io/accounts/expenseOrAdvance","create:Create Advance","input","text","combobox","","",,,"react-select-mgm-input",,"False","False","False"
"https://mgm.ibos.io/accounts/expenseOrAdvance","create:Create Advance","input","hidden",,"","",,"office",,,"False","False","False"
"https://mgm.ibos.io/accounts/expenseOrAdvance","create:Create Advance","input","date",,"","2026-08-13",,"fromDate",,,"False","False","False"
"https://mgm.ibos.io/accounts/expenseOrAdvance","create:Create Advance","input","date",,"","2026-09-13",,"toDate",,,"False","False","False"
"https://mgm.ibos.io/accounts/expenseOrAdvance","create:Create Advance","button","submit",,"View","",,,,,"False","False",
"https://mgm.ibos.io/accounts/expenseOrAdvance/createAdvance","create:Create Advance / tab:ADVANCE","input","text",,"","","Go to page...",,,,"False","False","False"
"https://mgm.ibos.io/accounts/expenseOrAdvance/createAdvance","create:Create Advance / tab:ADVANCE","button","button",,"","",,,,,"False","False",
"https://mgm.ibos.io/accounts/expenseOrAdvance/createAdvance","create:Create Advance / tab:ADVANCE","button","button",,"","",,,,,"False","False",
"https://mgm.ibos.io/accounts/expenseOrAdvance/createAdvance","create:Create Advance / tab:ADVANCE","button","button",,"","",,,,,"False","False",
"https://mgm.ibos.io/accounts/expenseOrAdvance/createAdvance","create:Create Advance / tab:ADVANCE","button","button",,"","",,,,,"False","False",
"https://mgm.ibos.io/accounts/expenseOrAdvance/createAdvance","create:Create Advance / tab:ADVANCE","input",,"combobox","","",,,"react-select-mgm-input",,"False","False","False"
"https://mgm.ibos.io/accounts/expenseOrAdvance/createAdvance","create:Create Advance / tab:ADVANCE","input","hidden",,"","40513",,"branchList",,,"False","False","False"
"https://mgm.ibos.io/accounts/expenseOrAdvance/createAdvance","create:Create Advance / tab:ADVANCE","button","button",,"","",,,,,"False","False",
"https://mgm.ibos.io/accounts/expenseOrAdvance/createAdvance","create:Create Advance / tab:ADVANCE","button","button",,"Cancel","",,,,,"False","False",
"https://mgm.ibos.io/accounts/expenseOrAdvance/createAdvance","create:Create Advance / tab:ADVANCE","button","submit",,"Save","",,,,,"False","False",
"https://mgm.ibos.io/accounts/expenseOrAdvance/createAdvance","create:Create Advance / tab:ADVANCE","input","date",,"","2026-09-13","Advance Date","headerDate",,,"False","True","False"
"https://mgm.ibos.io/accounts/expenseOrAdvance/createAdvance","create:Create Advance / tab:ADVANCE","input","text","combobox","","",,,"react-select-mgm-input",,"False","False","False"
"https://mgm.ibos.io/accounts/expenseOrAdvance/createAdvance","create:Create Advance / tab:ADVANCE","input","hidden",,"","",,"partnerPayeeName",,,"False","False","False"
"https://mgm.ibos.io/accounts/expenseOrAdvance/createAdvance","create:Create Advance / tab:ADVANCE","input","text","combobox","","",,,"react-select-mgm-input",,"False","False","False"
"https://mgm.ibos.io/accounts/expenseOrAdvance/createAdvance","create:Create Advance / tab:ADVANCE","input","hidden",,"","360",,"office",,,"False","False","False"
"https://mgm.ibos.io/accounts/expenseOrAdvance/createAdvance","create:Create Advance / tab:ADVANCE","input","text","combobox","","",,,"react-select-mgm-input",,"True","False","False"
"https://mgm.ibos.io/accounts/expenseOrAdvance/createAdvance","create:Create Advance / tab:ADVANCE","input","string",,"","","Remarks","purpose",,,"False","False","False"
"https://mgm.ibos.io/accounts/expenseOrAdvance/createAdvance","create:Create Advance / tab:ADVANCE","input","number",,"","","Amount","amount",,,"False","True","False"
"https://mgm.ibos.io/accounts/expenseOrAdvance/createAdvance","create:Create Advance / tab:ADVANCE","button","submit",,"","",,,,,"False","False",
"https://mgm.ibos.io/accounts/expenseOrAdvance/createAdvance","create:Create Advance / tab:ADVANCE","button","reset",,"","",,,,,"False","False",
"https://mgm.ibos.io/accounts/expenseOrAdvance/createExpense","create:Create Expense / tab:EXPENSE","input","text",,"","","Go to page...",,,,"False","False",
"https://mgm.ibos.io/accounts/expenseOrAdvance/createExpense","create:Create Expense / tab:EXPENSE","button","button",,"","",,,,,"False","False",
"https://mgm.ibos.io/accounts/expenseOrAdvance/createExpense","create:Create Expense / tab:EXPENSE","button","button",,"","",,,,,"False","False",
"https://mgm.ibos.io/accounts/expenseOrAdvance/createExpense","create:Create Expense / tab:EXPENSE","button","button",,"","",,,,,"False","False",
"https://mgm.ibos.io/accounts/expenseOrAdvance/createExpense","create:Create Expense / tab:EXPENSE","button","button",,"","",,,,,"False","False",
"https://mgm.ibos.io/accounts/expenseOrAdvance/createExpense","create:Create Expense / tab:EXPENSE","input",,,"","",,,"react-select-mgm-input",,"False","False",
"https://mgm.ibos.io/accounts/expenseOrAdvance/createExpense","create:Create Expense / tab:EXPENSE","input","hidden",,"","40513",,"branchList",,,"False","False",
"https://mgm.ibos.io/accounts/expenseOrAdvance/createExpense","create:Create Expense / tab:EXPENSE","button","button",,"","",,,,,"False","False",
"https://mgm.ibos.io/accounts/expenseOrAdvance/createExpense","create:Create Expense / tab:EXPENSE","button","submit",,"SAVE","",,,,,"False","False",
"https://mgm.ibos.io/accounts/expenseOrAdvance/createExpense","create:Create Expense / tab:EXPENSE","button","button",,"EXPENSE","",,,,,"False","False",
"https://mgm.ibos.io/accounts/expenseOrAdvance/createExpense","create:Create Expense / tab:EXPENSE","button","button",,"COMPENSATION AND INCENTIVE","",,,,,"False","False",
"https://mgm.ibos.io/accounts/expenseOrAdvance/createExpense","create:Create Expense / tab:EXPENSE","input","text",,"","",,,"react-select-mgm-input",,"False","False",
"https://mgm.ibos.io/accounts/expenseOrAdvance/createExpense","create:Create Expense / tab:EXPENSE","input","hidden",,"","payee",,"partnerPayee",,,"False","False",
"https://mgm.ibos.io/accounts/expenseOrAdvance/createExpense","create:Create Expense / tab:EXPENSE","input","date",,"","2026-09-13","Expense Date","headerDate",,,"False","False",
"https://mgm.ibos.io/accounts/expenseOrAdvance/createExpense","create:Create Expense / tab:EXPENSE","input","text",,"","",,,"react-select-mgm-input",,"False","False",
"https://mgm.ibos.io/accounts/expenseOrAdvance/createExpense","create:Create Expense / tab:EXPENSE","input","hidden",,"","360",,"office",,,"False","False",
"https://mgm.ibos.io/accounts/expenseOrAdvance/createExpense","create:Create Expense / tab:EXPENSE","input","text",,"","",,,"react-select-mgm-input",,"False","False",
"https://mgm.ibos.io/accounts/expenseOrAdvance/createExpense","create:Create Expense / tab:EXPENSE","input","text",,"","",,,"react-select-mgm-input",,"False","False",
"https://mgm.ibos.io/accounts/expenseOrAdvance/createExpense","create:Create Expense / tab:EXPENSE","input","hidden",,"","",,"payeeWiseDepartment",,,"False","False",
"https://mgm.ibos.io/accounts/expenseOrAdvance/createExpense","create:Create Expense / tab:EXPENSE","input","text",,"","",,,"react-select-mgm-input",,"False","False",
"https://mgm.ibos.io/accounts/expenseOrAdvance/createExpense","create:Create Expense / tab:EXPENSE","input","hidden",,"","",,"salesOrder",,,"False","False",
"https://mgm.ibos.io/accounts/expenseOrAdvance/createExpense","create:Create Expense / tab:EXPENSE","input","text",,"","",,,"react-select-mgm-input",,"False","False",
"https://mgm.ibos.io/accounts/expenseOrAdvance/createExpense","create:Create Expense / tab:EXPENSE","textarea","textarea",,"","","Description","description",,,"False","False",
"https://mgm.ibos.io/accounts/expenseOrAdvance/createExpense","create:Create Expense / tab:EXPENSE","input","file",,"","",,"files","filepond--browser-dgkqodg43",,"False","False",
"https://mgm.ibos.io/accounts/expenseOrAdvance/createExpense","create:Create Expense / tab:EXPENSE","input","date",,"","2026-09-13","Date","date",,,"False","False",
"https://mgm.ibos.io/accounts/expenseOrAdvance/createExpense","create:Create Expense / tab:EXPENSE","input","text",,"","",,,"react-select-mgm-input",,"False","False",
"https://mgm.ibos.io/accounts/expenseOrAdvance/createExpense","create:Create Expense / tab:EXPENSE","input","hidden",,"","",,"chartOfAccounts",,,"False","False",
"https://mgm.ibos.io/accounts/expenseOrAdvance/createExpense","create:Create Expense / tab:EXPENSE","textarea","textarea",,"","","Remarks","purpose",,,"False","False",
"https://mgm.ibos.io/accounts/expenseOrAdvance/createExpense","create:Create Expense / tab:EXPENSE","input","number",,"","","Amount","amount",,,"False","False",
"https://mgm.ibos.io/accounts/expenseOrAdvance/createExpense","create:Create Expense / tab:EXPENSE","button","button",,"Add","",,,,,"True","False",
"https://mgm.ibos.io/accounts/expenseOrAdvance/createExpense","create:Create Expense / tab:EXPENSE","button","submit",,"","",,,,,"False","False",
"https://mgm.ibos.io/accounts/expenseOrAdvance/createExpense","create:Create Expense / tab:EXPENSE","button","reset",,"","",,,,,"False","False",
"https://mgm.ibos.io/accounts/expenseOrAdvance","create:Create Advance / tab:PROVISION","input","text",,"","","Go to page...",,,,"False","False",
"https://mgm.ibos.io/accounts/expenseOrAdvance","create:Create Advance / tab:PROVISION","button","button",,"","",,,,,"False","False",
"https://mgm.ibos.io/accounts/expenseOrAdvance","create:Create Advance / tab:PROVISION","button","button",,"","",,,,,"False","False",
"https://mgm.ibos.io/accounts/expenseOrAdvance","create:Create Advance / tab:PROVISION","button","button",,"","",,,,,"False","False",
"https://mgm.ibos.io/accounts/expenseOrAdvance","create:Create Advance / tab:PROVISION","button","button",,"","",,,,,"False","False",
"https://mgm.ibos.io/accounts/expenseOrAdvance","create:Create Advance / tab:PROVISION","input",,,"","",,,"react-select-mgm-input",,"False","False",
"https://mgm.ibos.io/accounts/expenseOrAdvance","create:Create Advance / tab:PROVISION","input","hidden",,"","40513",,"branchList",,,"False","False",
"https://mgm.ibos.io/accounts/expenseOrAdvance","create:Create Advance / tab:PROVISION","input","text",,"","","Search....",,,,"False","False",
"https://mgm.ibos.io/accounts/expenseOrAdvance","create:Create Advance / tab:PROVISION","button","button",,"","",,,,,"False","False",
"https://mgm.ibos.io/accounts/expenseOrAdvance","create:Create Advance / tab:PROVISION","button","button",,"Create Advance","",,,"demo-positioned-button",,"False","False",
"https://mgm.ibos.io/accounts/expenseOrAdvance","create:Create Advance / tab:PROVISION","button","button",,"EXPENSE","",,,,,"False","False",
"https://mgm.ibos.io/accounts/expenseOrAdvance","create:Create Advance / tab:PROVISION","button","button",,"ADVANCE","",,,,,"False","False",
"https://mgm.ibos.io/accounts/expenseOrAdvance","create:Create Advance / tab:PROVISION","button","button",,"PROVISION","",,,,,"False","False",
"https://mgm.ibos.io/accounts/expenseOrAdvance","create:Create Advance / tab:PROVISION","button","button",,"PAID","",,,,,"False","False",
"https://mgm.ibos.io/accounts/expenseOrAdvance","create:Create Advance / tab:PROVISION","input","text",,"","",,,"react-select-mgm-input",,"False","False",
"https://mgm.ibos.io/accounts/expenseOrAdvance","create:Create Advance / tab:PROVISION","input","hidden",,"","",,"office",,,"False","False",
"https://mgm.ibos.io/accounts/expenseOrAdvance","create:Create Advance / tab:PROVISION","input","date",,"","2026-08-13",,"fromDate",,,"False","False",
"https://mgm.ibos.io/accounts/expenseOrAdvance","create:Create Advance / tab:PROVISION","input","date",,"","2026-09-13",,"toDate",,,"False","False",
"https://mgm.ibos.io/accounts/expenseOrAdvance","create:Create Advance / tab:PROVISION","button","submit",,"View","",,,,,"False","False",
"https://mgm.ibos.io/accounts/expenseOrAdvance","create:Create Advance / tab:PROVISION","button",,,"Payment","",,,,,"True","False",
"https://mgm.ibos.io/accounts/expenseOrAdvance","create:Create Advance / tab:PROVISION","input","checkbox",,"","on",,"isAllCheck",,,"True","False",
"https://mgm.ibos.io/accounts/fundTransfer/create","create:CREATE FUND TRANSFER REQUEST / tab:FUND TRANSFER REQUEST","input","text",,"","","Go to page...",,,,"False","False","False"
"https://mgm.ibos.io/accounts/fundTransfer/create","create:CREATE FUND TRANSFER REQUEST / tab:FUND TRANSFER REQUEST","button","button",,"","",,,,,"False","False",
"https://mgm.ibos.io/accounts/fundTransfer/create","create:CREATE FUND TRANSFER REQUEST / tab:FUND TRANSFER REQUEST","button","button",,"","",,,,,"False","False",
"https://mgm.ibos.io/accounts/fundTransfer/create","create:CREATE FUND TRANSFER REQUEST / tab:FUND TRANSFER REQUEST","button","button",,"","",,,,,"False","False",
"https://mgm.ibos.io/accounts/fundTransfer/create","create:CREATE FUND TRANSFER REQUEST / tab:FUND TRANSFER REQUEST","button","button",,"","",,,,,"False","False",
"https://mgm.ibos.io/accounts/fundTransfer/create","create:CREATE FUND TRANSFER REQUEST / tab:FUND TRANSFER REQUEST","input",,"combobox","","",,,"react-select-mgm-input",,"False","False","False"
"https://mgm.ibos.io/accounts/fundTransfer/create","create:CREATE FUND TRANSFER REQUEST / tab:FUND TRANSFER REQUEST","input","hidden",,"","40513",,"branchList",,,"False","False","False"
"https://mgm.ibos.io/accounts/fundTransfer/create","create:CREATE FUND TRANSFER REQUEST / tab:FUND TRANSFER REQUEST","button","button",,"","",,,,,"False","False",
"https://mgm.ibos.io/accounts/fundTransfer/create","create:CREATE FUND TRANSFER REQUEST / tab:FUND TRANSFER REQUEST","button","submit",,"SAVE","",,,,,"False","False",
"https://mgm.ibos.io/accounts/fundTransfer/create","create:CREATE FUND TRANSFER REQUEST / tab:FUND TRANSFER REQUEST","input","date",,"","2026-09-13","Create Date","createDate",,,"False","False","False"
"https://mgm.ibos.io/accounts/fundTransfer/create","create:CREATE FUND TRANSFER REQUEST / tab:FUND TRANSFER REQUEST","input","text","combobox","","",,,"react-select-mgm-input",,"False","False","False"
"https://mgm.ibos.io/accounts/fundTransfer/create","create:CREATE FUND TRANSFER REQUEST / tab:FUND TRANSFER REQUEST","input","hidden",,"","",,"requestingOffice",,,"False","False","False"
"https://mgm.ibos.io/accounts/fundTransfer/create","create:CREATE FUND TRANSFER REQUEST / tab:FUND TRANSFER REQUEST","input","text","combobox","","",,,"react-select-mgm-input",,"False","False","False"
"https://mgm.ibos.io/accounts/fundTransfer/create","create:CREATE FUND TRANSFER REQUEST / tab:FUND TRANSFER REQUEST","input","hidden",,"","1",,"requestType",,,"False","False","False"
"https://mgm.ibos.io/accounts/fundTransfer/create","create:CREATE FUND TRANSFER REQUEST / tab:FUND TRANSFER REQUEST","input","text","combobox","","",,,"react-select-mgm-input",,"False","False","False"
"https://mgm.ibos.io/accounts/fundTransfer/create","create:CREATE FUND TRANSFER REQUEST / tab:FUND TRANSFER REQUEST","input","hidden",,"","1",,"cashOrBank",,,"False","False","False"
"https://mgm.ibos.io/accounts/fundTransfer/create","create:CREATE FUND TRANSFER REQUEST / tab:FUND TRANSFER REQUEST","input","text","combobox","","",,,"react-select-mgm-input",,"False","False","False"
"https://mgm.ibos.io/accounts/fundTransfer/create","create:CREATE FUND TRANSFER REQUEST / tab:FUND TRANSFER REQUEST","input","hidden",,"","",,"employee",,,"False","False","False"
"https://mgm.ibos.io/accounts/fundTransfer/create","create:CREATE FUND TRANSFER REQUEST / tab:FUND TRANSFER REQUEST","input","date",,"","2026-09-13","Expected Date","expectedDate",,,"False","False","False"
"https://mgm.ibos.io/accounts/fundTransfer/create","create:CREATE FUND TRANSFER REQUEST / tab:FUND TRANSFER REQUEST","input","number",,"","","Request Amount","reqAmount",,,"False","False","False"
"https://mgm.ibos.io/accounts/fundTransfer/create","create:CREATE FUND TRANSFER REQUEST / tab:FUND TRANSFER REQUEST","input","text",,"","","Remarks","remarks",,,"False","False","False"
"https://mgm.ibos.io/accounts/fundTransfer/create","create:CREATE FUND TRANSFER REQUEST / tab:FUND TRANSFER REQUEST","button","submit",,"","",,,,,"False","False",
"https://mgm.ibos.io/accounts/lcmargin","create:LC Create / tab:PI/LC DETAILS","input","text",,"","","Go to page...",,,,"False","False","False"
"https://mgm.ibos.io/accounts/lcmargin","create:LC Create / tab:PI/LC DETAILS","button","button",,"","",,,,,"False","False",
"https://mgm.ibos.io/accounts/lcmargin","create:LC Create / tab:PI/LC DETAILS","button","button",,"","",,,,,"False","False",
"https://mgm.ibos.io/accounts/lcmargin","create:LC Create / tab:PI/LC DETAILS","button","button",,"","",,,,,"False","False",
"https://mgm.ibos.io/accounts/lcmargin","create:LC Create / tab:PI/LC DETAILS","button","button",,"","",,,,,"False","False",
"https://mgm.ibos.io/accounts/lcmargin","create:LC Create / tab:PI/LC DETAILS","input",,"combobox","","",,,"react-select-mgm-input",,"False","False","False"
"https://mgm.ibos.io/accounts/lcmargin","create:LC Create / tab:PI/LC DETAILS","input","hidden",,"","40513",,"branchList",,,"False","False","False"
"https://mgm.ibos.io/accounts/lcmargin","create:LC Create / tab:PI/LC DETAILS","input","text",,"","","Search....",,,,"False","False","False"
"https://mgm.ibos.io/accounts/lcmargin","create:LC Create / tab:PI/LC DETAILS","button","button",,"","",,,,,"False","False",
"https://mgm.ibos.io/accounts/lcmargin","create:LC Create / tab:PI/LC DETAILS","button","button",,"EXCEL","",,,,,"False","False",
"https://mgm.ibos.io/accounts/lcmargin","create:LC Create / tab:PI/LC DETAILS","button","button",,"PDF","",,,,,"False","False",
"https://mgm.ibos.io/accounts/lcmargin","create:LC Create / tab:PI/LC DETAILS","button","button",,"LC Create","",,,,,"False","False",
"https://mgm.ibos.io/accounts/lcmargin","create:LC Create / tab:PI/LC DETAILS","button","button","tab","PI/LC DETAILS","",,,"simple-tab-0",,"False","False",
"https://mgm.ibos.io/accounts/lcmargin","create:LC Create / tab:PI/LC DETAILS","button","button","tab","LC MARGIN","",,,"simple-tab-1",,"False","False",
"https://mgm.ibos.io/accounts/lcmargin","create:LC Create / tab:PI/LC DETAILS","input","date",,"","2026-09-01","From Date","fromDate",,,"False","False","False"
"https://mgm.ibos.io/accounts/lcmargin","create:LC Create / tab:PI/LC DETAILS","input","date",,"","2026-09-13","To Date","toDate",,,"False","False","False"
"https://mgm.ibos.io/accounts/lcmargin","create:LC Create / tab:PI/LC DETAILS","input","text","combobox","","",,,"react-select-mgm-input",,"False","False","False"
"https://mgm.ibos.io/accounts/lcmargin","create:LC Create / tab:PI/LC DETAILS","input","hidden",,"","0",,"status",,,"False","False","False"
"https://mgm.ibos.io/accounts/lcmargin","create:LC Create / tab:PI/LC DETAILS","button",,,"View","",,,,,"False","False",
"https://mgm.ibos.io/accounts/lcmargin","create:LC Create / tab:PI/LC DETAILS","input","text","combobox","","",,,"react-select-mgm-input",,"False","False","False"
"https://mgm.ibos.io/accounts/lcmargin","create:LC Create / tab:PI/LC DETAILS","input","hidden",,"","",,"office",,,"False","False","False"
"https://mgm.ibos.io/accounts/lcmargin","create:LC Create / tab:PI/LC DETAILS","input","text","combobox","","",,,"react-select-mgm-input",,"False","False","False"
"https://mgm.ibos.io/accounts/lcmargin","create:LC Create / tab:PI/LC DETAILS","input","hidden",,"","",,"bankName",,,"False","False","False"
"https://mgm.ibos.io/accounts/lcmargin","create:LC Create / tab:PI/LC DETAILS","input","text","combobox","","",,,"react-select-mgm-input",,"False","False","False"
"https://mgm.ibos.io/accounts/lcmargin","create:LC Create / tab:PI/LC DETAILS","input","hidden",,"","",,"branchName",,,"False","False","False"
"https://mgm.ibos.io/accounts/lcmargin","create:LC Create / tab:PI/LC DETAILS","input","file",,"","",,,"file",,"False","False","False"
"https://mgm.ibos.io/accounts/lcmargin","create:LC Create / tab:PI/LC DETAILS","input","text",,"","","LC NO","lcNumber",,,"False","False","False"
"https://mgm.ibos.io/accounts/lcmargin","create:LC Create / tab:PI/LC DETAILS","input","date",,"","2026-09-13","Lc Date","lcDate",,,"False","False","False"
"https://mgm.ibos.io/accounts/lcmargin","create:LC Create / tab:PI/LC DETAILS","input","file",,"","",,,"file",,"False","False","False"
"https://mgm.ibos.io/accounts/lcmargin","create:LC Create / tab:PI/LC DETAILS","input","text",,"","","PI NO","piNo",,,"False","False","False"
"https://mgm.ibos.io/accounts/lcmargin","create:LC Create / tab:PI/LC DETAILS","input","date",,"","2026-09-13","Text","piDate",,,"False","False","False"
"https://mgm.ibos.io/accounts/lcmargin","create:LC Create / tab:PI/LC DETAILS","input","text","combobox","","",,,"react-select-mgm-input",,"False","False","False"
"https://mgm.ibos.io/accounts/lcmargin","create:LC Create / tab:PI/LC DETAILS","input","hidden",,"","",,"poNo",,,"False","False","False"
"https://mgm.ibos.io/accounts/lcmargin","create:LC Create / tab:PI/LC DETAILS","input","text","combobox","","",,,"react-select-mgm-input",,"False","False","False"
"https://mgm.ibos.io/accounts/lcmargin","create:LC Create / tab:PI/LC DETAILS","input","hidden",,"","",,"incoTerms",,,"False","False","False"
"https://mgm.ibos.io/accounts/lcmargin","create:LC Create / tab:PI/LC DETAILS","input","date",,"","","ETA","shipmentEtaDate",,,"False","False","False"
"https://mgm.ibos.io/accounts/lcmargin","create:LC Create / tab:PI/LC DETAILS","input","date",,"","","ETD","etdDate",,,"False","False","False"
"https://mgm.ibos.io/accounts/lcmargin","create:LC Create / tab:PI/LC DETAILS","input","text","combobox","","",,,"react-select-mgm-input",,"False","False","False"
"https://mgm.ibos.io/accounts/lcmargin","create:LC Create / tab:PI/LC DETAILS","input","hidden",,"","",,"modeOfShipment",,,"False","False","False"
"https://mgm.ibos.io/accounts/lcmargin","create:LC Create / tab:PI/LC DETAILS","input","text",,"","","Port Of Shipment","portOfShipment",,,"False","False","False"
"https://mgm.ibos.io/accounts/lcmargin","create:LC Create / tab:PI/LC DETAILS","input","text",,"","","Port Of Destination","portOfDestination",,,"False","False","False"
"https://mgm.ibos.io/accounts/lcmargin","create:LC Create / tab:PI/LC DETAILS","input","text","combobox","","",,,"react-select-mgm-input",,"False","False","False"
"https://mgm.ibos.io/accounts/lcmargin","create:LC Create / tab:PI/LC DETAILS","input","hidden",,"","",,"paymentType",,,"False","False","False"
"https://mgm.ibos.io/accounts/lcmargin","create:LC Create / tab:PI/LC DETAILS","input","text","combobox","","",,,"react-select-mgm-input",,"False","False","False"
"https://mgm.ibos.io/accounts/lcmargin","create:LC Create / tab:PI/LC DETAILS","input","hidden",,"","",,"transShipment",,,"False","False","False"
"https://mgm.ibos.io/accounts/lcmargin","create:LC Create / tab:PI/LC DETAILS","input","text","combobox","","",,,"react-select-mgm-input",,"False","False","False"
"https://mgm.ibos.io/accounts/lcmargin","create:LC Create / tab:PI/LC DETAILS","input","hidden",,"","",,"packing",,,"False","False","False"
"https://mgm.ibos.io/accounts/lcmargin","create:LC Create / tab:PI/LC DETAILS","input","text","combobox","","",,,"react-select-mgm-input",,"False","False","False"
"https://mgm.ibos.io/accounts/lcmargin","create:LC Create / tab:PI/LC DETAILS","input","hidden",,"","",,"countryOrigin",,,"False","False","False"
"https://mgm.ibos.io/accounts/lcmargin","create:LC Create / tab:PI/LC DETAILS","input","text",,"","","+/- 5%","tolerance",,,"False","False","False"
"https://mgm.ibos.io/accounts/lcmargin","create:LC Create / tab:PI/LC DETAILS","input","text","combobox","","",,,"react-select-mgm-input",,"False","False","False"
"https://mgm.ibos.io/accounts/lcmargin","create:LC Create / tab:PI/LC DETAILS","input","hidden",,"","",,"partialShipment",,,"False","False","False"
"https://mgm.ibos.io/accounts/lcmargin","create:LC Create / tab:PI/LC DETAILS","input","text",,"","","Other Terms","otherTerms",,,"False","False","False"
"https://mgm.ibos.io/accounts/lcmargin","create:LC Create / tab:PI/LC DETAILS","button","submit",,"","",,,,,"False","False",
"https://mgm.ibos.io/accounts/lcmargin","create:LC Create / tab:PI/LC DETAILS","button","button",,"CLOSE","",,,,,"False","False",
"https://mgm.ibos.io/accounts/lcmargin","create:LC Create / tab:PI/LC DETAILS","button","button",,"SAVE","",,,,,"False","False",
"https://mgm.ibos.io/accounts/Project/create","create:Create Project / tab:PROJECT","input","text",,"","","Go to page...",,,,"False","False","False"
"https://mgm.ibos.io/accounts/Project/create","create:Create Project / tab:PROJECT","button","button",,"","",,,,,"False","False",
"https://mgm.ibos.io/accounts/Project/create","create:Create Project / tab:PROJECT","button","button",,"","",,,,,"False","False",
"https://mgm.ibos.io/accounts/Project/create","create:Create Project / tab:PROJECT","button","button",,"","",,,,,"False","False",
"https://mgm.ibos.io/accounts/Project/create","create:Create Project / tab:PROJECT","button","button",,"","",,,,,"False","False",
"https://mgm.ibos.io/accounts/Project/create","create:Create Project / tab:PROJECT","input",,"combobox","","",,,"react-select-mgm-input",,"False","False","False"
"https://mgm.ibos.io/accounts/Project/create","create:Create Project / tab:PROJECT","input","hidden",,"","40513",,"branchList",,,"False","False","False"
"https://mgm.ibos.io/accounts/Project/create","create:Create Project / tab:PROJECT","button","button",,"","",,,,,"False","False",
"https://mgm.ibos.io/accounts/Project/create","create:Create Project / tab:PROJECT","button","button",,"Save","",,,,,"True","False",
"https://mgm.ibos.io/accounts/Project/create","create:Create Project / tab:PROJECT","input","date",,"","2026-09-13","Create Date","createDate",,,"False","False","False"
"https://mgm.ibos.io/accounts/Project/create","create:Create Project / tab:PROJECT","input","text","combobox","","",,,"react-select-mgm-input",,"True","False","False"
"https://mgm.ibos.io/accounts/Project/create","create:Create Project / tab:PROJECT","input","text","combobox","","",,,"react-select-mgm-input",,"False","False","False"
"https://mgm.ibos.io/accounts/Project/create","create:Create Project / tab:PROJECT","input","hidden",,"","",,"office",,,"False","False","False"
"https://mgm.ibos.io/accounts/Project/create","create:Create Project / tab:PROJECT","input","string",,"","","Project Name","projectName",,,"False","False","False"
"https://mgm.ibos.io/accounts/Project/create","create:Create Project / tab:PROJECT","input","text","combobox","","",,,"react-select-mgm-input",,"False","False","False"
"https://mgm.ibos.io/accounts/Project/create","create:Create Project / tab:PROJECT","input","text",,"","","Location(Address)","location",,,"False","False","False"
"https://mgm.ibos.io/accounts/Project/create","create:Create Project / tab:PROJECT","input","date",,"","2026-09-13","Start Date","strDate",,,"False","False","False"
"https://mgm.ibos.io/accounts/Project/create","create:Create Project / tab:PROJECT","input","date",,"","2026-09-13","End Date","date",,,"False","False","False"
"https://mgm.ibos.io/accounts/Project/create","create:Create Project / tab:PROJECT","input","text","combobox","","",,,"react-select-mgm-input",,"False","False","False"
"https://mgm.ibos.io/accounts/Project/create","create:Create Project / tab:PROJECT","input","number",,"","","Expected Value","projectValue",,,"False","False","False"
"https://mgm.ibos.io/accounts/Project/create","create:Create Project / tab:PROJECT","input","checkbox",,"","on",,"isTangible",,,"False","False","False"
"https://mgm.ibos.io/accounts/Project/create","create:Create Project / tab:PROJECT","button","button",,"Save","",,,,,"True","False",
"https://mgm.ibos.io/accounts/Project/create","create:Create Project / tab:PROJECT","input","text","combobox","","",,,"react-select-mgm-input",,"False","False","False"
"https://mgm.ibos.io/accounts/Project/create","create:Create Project / tab:PROJECT","input","hidden",,"","",,"teamMember",,,"False","False","False"
"https://mgm.ibos.io/accounts/Project/create","create:Create Project / tab:PROJECT","button","button",,"ADD NEW","",,,,,"False","False",
"https://mgm.ibos.io/accounts/Project/create","create:Create Project / tab:PROJECT","input","text","combobox","","",,,"react-select-mgm-input",,"False","False","False"
"https://mgm.ibos.io/accounts/Project/create","create:Create Project / tab:PROJECT","input","hidden",,"","",,"role",,,"False","False","False"
"https://mgm.ibos.io/accounts/Project/create","create:Create Project / tab:PROJECT","button","button",,"Add","",,,,,"True","False",
"https://mgm.ibos.io/accounts/Project/create","create:Create Project / tab:PROJECT","button","button",,"Save","",,,,,"True","False",
"https://mgm.ibos.io/accounts/Project/create","create:Create Project / tab:PROJECT","input","text","combobox","","",,,"react-select-mgm-input",,"False","False","False"
"https://mgm.ibos.io/accounts/Project/create","create:Create Project / tab:PROJECT","input","hidden",,"","",,"costElement",,,"False","False","False"
"https://mgm.ibos.io/accounts/Project/create","create:Create Project / tab:PROJECT","input","number",,"","","Budget Amount","budgetAmount",,,"False","False","False"
"https://mgm.ibos.io/accounts/Project/create","create:Create Project / tab:PROJECT","input","text","combobox","","",,,"react-select-mgm-input",,"False","False","False"
"https://mgm.ibos.io/accounts/Project/create","create:Create Project / tab:PROJECT","input","hidden",,"","",,"responsible",,,"False","False","False"
"https://mgm.ibos.io/accounts/Project/create","create:Create Project / tab:PROJECT","button","button",,"Add","",,,,,"True","False",
"https://mgm.ibos.io/accounts/Project/create","create:Create Project / tab:PROJECT","button","button",,"Save","",,,,,"True","False",
"https://mgm.ibos.io/accounts/Project/create","create:Create Project / tab:PROJECT","input","text","combobox","","",,,"react-select-mgm-input",,"False","False","False"
"https://mgm.ibos.io/accounts/Project/create","create:Create Project / tab:PROJECT","input","number",,"","","Qty","budgetQty",,,"False","False","False"
"https://mgm.ibos.io/accounts/Project/create","create:Create Project / tab:PROJECT","input","number",,"","","Price","price",,,"False","False","False"
"https://mgm.ibos.io/accounts/Project/create","create:Create Project / tab:PROJECT","button","button",,"Add","",,,,,"True","False",
"https://mgm.ibos.io/accounts/Project/create","create:Create Project / tab:PROJECT","button","submit",,"","",,,,,"False","False",
"https://mgm.ibos.io/accounts/Project/create","create:Create Project / tab:PROJECT","button","reset",,"","",,,,,"False","False",
"https://mgm.ibos.io/accounts/Project/create","create:Create Tender / tab:TENDER","input","text",,"","","Go to page...",,,,"False","False","False"
"https://mgm.ibos.io/accounts/Project/create","create:Create Tender / tab:TENDER","button","button",,"","",,,,,"False","False",
"https://mgm.ibos.io/accounts/Project/create","create:Create Tender / tab:TENDER","button","button",,"","",,,,,"False","False",
"https://mgm.ibos.io/accounts/Project/create","create:Create Tender / tab:TENDER","button","button",,"","",,,,,"False","False",
"https://mgm.ibos.io/accounts/Project/create","create:Create Tender / tab:TENDER","button","button",,"","",,,,,"False","False",
"https://mgm.ibos.io/accounts/Project/create","create:Create Tender / tab:TENDER","input",,"combobox","","",,,"react-select-mgm-input",,"False","False","False"
"https://mgm.ibos.io/accounts/Project/create","create:Create Tender / tab:TENDER","input","hidden",,"","40513",,"branchList",,,"False","False","False"
"https://mgm.ibos.io/accounts/Project/create","create:Create Tender / tab:TENDER","button","button",,"","",,,,,"False","False",
"https://mgm.ibos.io/accounts/Project/create","create:Create Tender / tab:TENDER","button","button",,"Save","",,,,,"True","False",
"https://mgm.ibos.io/accounts/Project/create","create:Create Tender / tab:TENDER","input","text","combobox","","",,,"react-select-mgm-input",,"True","False","False"
"https://mgm.ibos.io/accounts/Project/create","create:Create Tender / tab:TENDER","input","text","combobox","","",,,"react-select-mgm-input",,"False","False","False"
"https://mgm.ibos.io/accounts/Project/create","create:Create Tender / tab:TENDER","input","hidden",,"","",,"office",,,"False","False","False"
"https://mgm.ibos.io/accounts/Project/create","create:Create Tender / tab:TENDER","input","string",,"","","Tender Name","projectName",,,"False","False","False"
"https://mgm.ibos.io/accounts/Project/create","create:Create Tender / tab:TENDER","input","text","combobox","","",,,"react-select-mgm-input",,"False","False","False"
"https://mgm.ibos.io/accounts/Project/create","create:Create Tender / tab:TENDER","input","hidden",,"","",,"owner",,,"False","False","False"
"https://mgm.ibos.io/accounts/Project/create","create:Create Tender / tab:TENDER","input","text","combobox","","",,,"react-select-mgm-input",,"False","False","False"
"https://mgm.ibos.io/accounts/Project/create","create:Create Tender / tab:TENDER","input","text",,"","","Location(Address)","location",,,"False","False","False"
"https://mgm.ibos.io/accounts/Project/create","create:Create Tender / tab:TENDER","input","date",,"","2026-09-13","Start Date(Publication Date)","strDate",,,"False","False","False"
"https://mgm.ibos.io/accounts/Project/create","create:Create Tender / tab:TENDER","input","date",,"","2026-09-13","End Date (Closing Date)","date",,,"False","False","False"
"https://mgm.ibos.io/accounts/Project/create","create:Create Tender / tab:TENDER","input","number",,"","","Tender Value","projectValue",,,"False","False","False"
"https://mgm.ibos.io/accounts/Project/create","create:Create Tender / tab:TENDER","textarea","textarea",,"","","Write Description...","remarks",,,"False","False",
"https://mgm.ibos.io/accounts/Project/create","create:Create Tender / tab:TENDER","input","text","combobox","","",,,"react-select-mgm-input",,"False","False","False"
"https://mgm.ibos.io/accounts/Project/create","create:Create Tender / tab:TENDER","input","hidden",,"","",,"tenderType",,,"False","False","False"
"https://mgm.ibos.io/accounts/Project/create","create:Create Tender / tab:TENDER","input","text","combobox","","",,,"react-select-mgm-input",,"False","False","False"
"https://mgm.ibos.io/accounts/Project/create","create:Create Tender / tab:TENDER","input","hidden",,"","",,"bankName",,,"False","False","False"
"https://mgm.ibos.io/accounts/Project/create","create:Create Tender / tab:TENDER","input","text","combobox","","",,,"react-select-mgm-input",,"False","False","False"
"https://mgm.ibos.io/accounts/Project/create","create:Create Tender / tab:TENDER","input","hidden",,"","",,"branchName",,,"False","False","False"
"https://mgm.ibos.io/accounts/Project/create","create:Create Tender / tab:TENDER","input","text",,"","","Enter Account No (18 Digits Only)","accountNo",,,"False","False","False"
"https://mgm.ibos.io/accounts/Project/create","create:Create Tender / tab:TENDER","input","amount",,"","","Enter Tender Schedule Amount","tenderScheduleAmount",,,"False","False","False"
"https://mgm.ibos.io/accounts/Project/create","create:Create Tender / tab:TENDER","button","submit",,"","",,,,,"False","False",
"https://mgm.ibos.io/accounts/Project/create","create:Create Tender / tab:TENDER","button","reset",,"","",,,,,"False","False",
"https://mgm.ibos.io/asset/assetDisposal","create:Create Disposal","input","text",,"","","Go to page...",,,,"False","False","False"
"https://mgm.ibos.io/asset/assetDisposal","create:Create Disposal","button","button",,"","",,,,,"False","False",
"https://mgm.ibos.io/asset/assetDisposal","create:Create Disposal","button","button",,"","",,,,,"False","False",
"https://mgm.ibos.io/asset/assetDisposal","create:Create Disposal","button","button",,"","",,,,,"False","False",
"https://mgm.ibos.io/asset/assetDisposal","create:Create Disposal","button","button",,"","",,,,,"False","False",
"https://mgm.ibos.io/asset/assetDisposal","create:Create Disposal","input",,"combobox","","",,,"react-select-mgm-input",,"False","False","False"
"https://mgm.ibos.io/asset/assetDisposal","create:Create Disposal","input","hidden",,"","40513",,"branchList",,,"False","False","False"
"https://mgm.ibos.io/asset/assetDisposal","create:Create Disposal","div",,"tab","Sales",,,,"rc-tabs-0-tab-sales",,"False","False",
"https://mgm.ibos.io/asset/assetDisposal","create:Create Disposal","div",,"tab","Destroy",,,,"rc-tabs-0-tab-destroy",,"False","False",
"https://mgm.ibos.io/asset/assetDisposal","create:Create Disposal","div",,"tab","Report",,,,"rc-tabs-0-tab-report",,"False","False",
"https://mgm.ibos.io/asset/assetDisposal","create:Create Disposal","button","button",,"","",,,"rc-tabs-0-more",,"False","False",
"https://mgm.ibos.io/asset/assetDisposal","create:Create Disposal","input","text",,"","","Search customer, amount...",,,,"False","False","False"
"https://mgm.ibos.io/asset/assetDisposal","create:Create Disposal","button","button",,"","",,,,,"False","False",
"https://mgm.ibos.io/asset/assetDisposal","create:Create Disposal","button","button",,"Create Disposal","",,,,,"False","False",
"https://mgm.ibos.io/asset/assetDisposal","create:Create Disposal","select",,,"10 25 50 100 200 500 1000","10",,,,,"False","False",
"https://mgm.ibos.io/asset/assetDisposal","create:Create Disposal","button","button",,"<","",,,,,"True","False",
"https://mgm.ibos.io/asset/assetDisposal","create:Create Disposal","button","button",,"1","",,,,,"False","False",
"https://mgm.ibos.io/asset/assetDisposal","create:Create Disposal","button","button",,">","",,,,,"True","False",
"https://mgm.ibos.io/asset/assetDisposal?tab=destroy","create:Create Disposal / tab:Destroy","input","text",,"","","Go to page...",,,,"False","False","False"
"https://mgm.ibos.io/asset/assetDisposal?tab=destroy","create:Create Disposal / tab:Destroy","button","button",,"","",,,,,"False","False",
"https://mgm.ibos.io/asset/assetDisposal?tab=destroy","create:Create Disposal / tab:Destroy","button","button",,"","",,,,,"False","False",
"https://mgm.ibos.io/asset/assetDisposal?tab=destroy","create:Create Disposal / tab:Destroy","button","button",,"","",,,,,"False","False",
"https://mgm.ibos.io/asset/assetDisposal?tab=destroy","create:Create Disposal / tab:Destroy","button","button",,"","",,,,,"False","False",
"https://mgm.ibos.io/asset/assetDisposal?tab=destroy","create:Create Disposal / tab:Destroy","input",,"combobox","","",,,"react-select-mgm-input",,"False","False","False"
"https://mgm.ibos.io/asset/assetDisposal?tab=destroy","create:Create Disposal / tab:Destroy","input","hidden",,"","40513",,"branchList",,,"False","False","False"
"https://mgm.ibos.io/asset/assetDisposal?tab=destroy","create:Create Disposal / tab:Destroy","div",,"tab","Sales",,,,"rc-tabs-0-tab-sales",,"False","False",
"https://mgm.ibos.io/asset/assetDisposal?tab=destroy","create:Create Disposal / tab:Destroy","div",,"tab","Destroy",,,,"rc-tabs-0-tab-destroy",,"False","False",
"https://mgm.ibos.io/asset/assetDisposal?tab=destroy","create:Create Disposal / tab:Destroy","div",,"tab","Report",,,,"rc-tabs-0-tab-report",,"False","False",
"https://mgm.ibos.io/asset/assetDisposal?tab=destroy","create:Create Disposal / tab:Destroy","button","button",,"","",,,"rc-tabs-0-more",,"False","False",
"https://mgm.ibos.io/asset/assetDisposal?tab=destroy","create:Create Disposal / tab:Destroy","button","button",,"EXCEL","",,,,,"True","False",
"https://mgm.ibos.io/asset/assetDisposal?tab=destroy","create:Create Disposal / tab:Destroy","button","button",,"PDF","",,,,,"False","False",
"https://mgm.ibos.io/asset/assetDisposal?tab=destroy","create:Create Disposal / tab:Destroy","button","button",,"Create Disposal","",,,,,"False","False",
"https://mgm.ibos.io/asset/assetDisposal?tab=destroy","create:Create Disposal / tab:Destroy","input","text","combobox","","",,,"MGMForm_destroyOffice",,"False","False","False"
"https://mgm.ibos.io/asset/assetDisposal?tab=destroy","create:Create Disposal / tab:Destroy","input",,,"","13/09/2026","Select date",,"MGMForm_destroyFromDate",,"False","False","False"
"https://mgm.ibos.io/asset/assetDisposal?tab=destroy","create:Create Disposal / tab:Destroy","button","button",,"","",,,,,"False","False",
"https://mgm.ibos.io/asset/assetDisposal?tab=destroy","create:Create Disposal / tab:Destroy","input",,,"","13/09/2026","Select date",,"MGMForm_destroyToDate",,"False","False","False"
"https://mgm.ibos.io/asset/assetDisposal?tab=destroy","create:Create Disposal / tab:Destroy","button","button",,"","",,,,,"False","False",
"https://mgm.ibos.io/asset/assetDisposal?tab=destroy","create:Create Disposal / tab:Destroy","button","button",,"View","",,,,,"False","False",
"https://mgm.ibos.io/asset/assetDisposal?tab=destroy","create:Create Disposal / tab:Destroy","select",,,"10 25 50 100 200 500 1000","10",,,,,"False","False",
"https://mgm.ibos.io/asset/assetDisposal?tab=destroy","create:Create Disposal / tab:Destroy","button","button",,"<","",,,,,"True","False",
"https://mgm.ibos.io/asset/assetDisposal?tab=destroy","create:Create Disposal / tab:Destroy","button","button",,"1","",,,,,"False","False",
"https://mgm.ibos.io/asset/assetDisposal?tab=destroy","create:Create Disposal / tab:Destroy","button","button",,">","",,,,,"True","False",
"https://mgm.ibos.io/asset/assetDisposal?tab=report","create:Create Disposal / tab:Report","input","text",,"","","Go to page...",,,,"False","False","False"
"https://mgm.ibos.io/asset/assetDisposal?tab=report","create:Create Disposal / tab:Report","button","button",,"","",,,,,"False","False",
"https://mgm.ibos.io/asset/assetDisposal?tab=report","create:Create Disposal / tab:Report","button","button",,"","",,,,,"False","False",
"https://mgm.ibos.io/asset/assetDisposal?tab=report","create:Create Disposal / tab:Report","button","button",,"","",,,,,"False","False",
"https://mgm.ibos.io/asset/assetDisposal?tab=report","create:Create Disposal / tab:Report","button","button",,"","",,,,,"False","False",
"https://mgm.ibos.io/asset/assetDisposal?tab=report","create:Create Disposal / tab:Report","input",,"combobox","","",,,"react-select-mgm-input",,"False","False","False"
"https://mgm.ibos.io/asset/assetDisposal?tab=report","create:Create Disposal / tab:Report","input","hidden",,"","40513",,"branchList",,,"False","False","False"
"https://mgm.ibos.io/asset/assetDisposal?tab=report","create:Create Disposal / tab:Report","div",,"tab","Sales",,,,"rc-tabs-0-tab-sales",,"False","False",
"https://mgm.ibos.io/asset/assetDisposal?tab=report","create:Create Disposal / tab:Report","div",,"tab","Destroy",,,,"rc-tabs-0-tab-destroy",,"False","False",
"https://mgm.ibos.io/asset/assetDisposal?tab=report","create:Create Disposal / tab:Report","div",,"tab","Report",,,,"rc-tabs-0-tab-report",,"False","False",
"https://mgm.ibos.io/asset/assetDisposal?tab=report","create:Create Disposal / tab:Report","button","button",,"","",,,"rc-tabs-0-more",,"False","False",
"https://mgm.ibos.io/asset/assetDisposal?tab=report","create:Create Disposal / tab:Report","button","button",,"Create Disposal","",,,,,"False","False",
"https://mgm.ibos.io/asset/assetDisposal?tab=report","create:Create Disposal / tab:Report","input","text","combobox","","",,,"MGMForm_reportType",,"False","False","False"
"https://mgm.ibos.io/asset/assetDisposal?tab=report","create:Create Disposal / tab:Report","input","text","combobox","","",,,"MGMForm_reportOffice",,"False","False","False"
"https://mgm.ibos.io/asset/assetDisposal?tab=report","create:Create Disposal / tab:Report","input",,,"","13/09/2026","Select date",,"MGMForm_reportFromDate",,"False","False","False"
"https://mgm.ibos.io/asset/assetDisposal?tab=report","create:Create Disposal / tab:Report","button","button",,"","",,,,,"False","False",
"https://mgm.ibos.io/asset/assetDisposal?tab=report","create:Create Disposal / tab:Report","input",,,"","13/09/2026","Select date",,"MGMForm_reportToDate",,"False","False","False"
"https://mgm.ibos.io/asset/assetDisposal?tab=report","create:Create Disposal / tab:Report","button","button",,"","",,,,,"False","False",
"https://mgm.ibos.io/asset/assetDisposal?tab=report","create:Create Disposal / tab:Report","button","button",,"View","",,,,,"True","False",
"https://mgm.ibos.io/asset/assetDisposal?tab=report","create:Create Disposal / tab:Report","select",,,"10 25 50 100 200 500 1000","10",,,,,"False","False",
"https://mgm.ibos.io/asset/assetDisposal?tab=report","create:Create Disposal / tab:Report","button","button",,"<","",,,,,"True","False",
"https://mgm.ibos.io/asset/assetDisposal?tab=report","create:Create Disposal / tab:Report","button","button",,"1","",,,,,"False","False",
"https://mgm.ibos.io/asset/assetDisposal?tab=report","create:Create Disposal / tab:Report","button","button",,">","",,,,,"True","False",
"https://mgm.ibos.io/asset/assetDisposal","create:Create Disposal / tab:Sales","input","text",,"","","Go to page...",,,,"False","False","False"
"https://mgm.ibos.io/asset/assetDisposal","create:Create Disposal / tab:Sales","button","button",,"","",,,,,"False","False",
"https://mgm.ibos.io/asset/assetDisposal","create:Create Disposal / tab:Sales","button","button",,"","",,,,,"False","False",
"https://mgm.ibos.io/asset/assetDisposal","create:Create Disposal / tab:Sales","button","button",,"","",,,,,"False","False",
"https://mgm.ibos.io/asset/assetDisposal","create:Create Disposal / tab:Sales","button","button",,"","",,,,,"False","False",
"https://mgm.ibos.io/asset/assetDisposal","create:Create Disposal / tab:Sales","input",,"combobox","","",,,"react-select-mgm-input",,"False","False","False"
"https://mgm.ibos.io/asset/assetDisposal","create:Create Disposal / tab:Sales","input","hidden",,"","40513",,"branchList",,,"False","False","False"
"https://mgm.ibos.io/asset/assetDisposal","create:Create Disposal / tab:Sales","div",,"tab","Sales",,,,"rc-tabs-0-tab-sales",,"False","False",
"https://mgm.ibos.io/asset/assetDisposal","create:Create Disposal / tab:Sales","div",,"tab","Destroy",,,,"rc-tabs-0-tab-destroy",,"False","False",
"https://mgm.ibos.io/asset/assetDisposal","create:Create Disposal / tab:Sales","div",,"tab","Report",,,,"rc-tabs-0-tab-report",,"False","False",
"https://mgm.ibos.io/asset/assetDisposal","create:Create Disposal / tab:Sales","button","button",,"","",,,"rc-tabs-0-more",,"False","False",
"https://mgm.ibos.io/asset/assetDisposal","create:Create Disposal / tab:Sales","input","text",,"","","Search customer, amount...",,,,"False","False","False"
"https://mgm.ibos.io/asset/assetDisposal","create:Create Disposal / tab:Sales","button","button",,"","",,,,,"False","False",
"https://mgm.ibos.io/asset/assetDisposal","create:Create Disposal / tab:Sales","button","button",,"Create Disposal","",,,,,"False","False",
"https://mgm.ibos.io/asset/assetDisposal","create:Create Disposal / tab:Sales","select",,,"10 25 50 100 200 500 1000","10",,,,,"False","False",
"https://mgm.ibos.io/asset/assetDisposal","create:Create Disposal / tab:Sales","button","button",,"<","",,,,,"True","False",
"https://mgm.ibos.io/asset/assetDisposal","create:Create Disposal / tab:Sales","button","button",,"1","",,,,,"False","False",
"https://mgm.ibos.io/asset/assetDisposal","create:Create Disposal / tab:Sales","button","button",,">","",,,,,"True","False",
"https://mgm.ibos.io/config/employee/create","create:Employee Create","input","text",,"","","Go to page...",,,,"False","False","False"
"https://mgm.ibos.io/config/employee/create","create:Employee Create","button","button",,"","",,,,,"False","False",
"https://mgm.ibos.io/config/employee/create","create:Employee Create","button","button",,"","",,,,,"False","False",
"https://mgm.ibos.io/config/employee/create","create:Employee Create","button","button",,"","",,,,,"False","False",
"https://mgm.ibos.io/config/employee/create","create:Employee Create","button","button",,"","",,,,,"False","False",
"https://mgm.ibos.io/config/employee/create","create:Employee Create","input",,"combobox","","",,,"react-select-mgm-input",,"False","False","False"
"https://mgm.ibos.io/config/employee/create","create:Employee Create","input","hidden",,"","40513",,"branchList",,,"False","False","False"
"https://mgm.ibos.io/config/employee/create","create:Employee Create","button","button",,"","",,,,,"False","False",
"https://mgm.ibos.io/config/employee/create","create:Employee Create","button","submit",,"Save","",,,,,"False","False",
"https://mgm.ibos.io/config/employee/create","create:Employee Create","div",,"tab","Personal Info",,,,"rc-tabs-1-tab-personal",,"False","False",
"https://mgm.ibos.io/config/employee/create","create:Employee Create","button","button",,"","",,,"rc-tabs-1-more",,"False","False",
"https://mgm.ibos.io/config/employee/create","create:Employee Create","input","text",,"","","Id",,"MGMForm_employeeId",,"False","False","False"
"https://mgm.ibos.io/config/employee/create","create:Employee Create","input","text",,"","","Name",,"MGMForm_name",,"False","True","False"
"https://mgm.ibos.io/config/employee/create","create:Employee Create","button","button",,"ADD NEW","",,,,,"False","False",
"https://mgm.ibos.io/config/employee/create","create:Employee Create","input","text","combobox","","",,,"MGMForm_designation",,"False","True","False"
"https://mgm.ibos.io/config/employee/create","create:Employee Create","button","button",,"ADD NEW","",,,,,"False","False",
"https://mgm.ibos.io/config/employee/create","create:Employee Create","input","text","combobox","","",,,"MGMForm_hrPosition",,"False","False","False"
"https://mgm.ibos.io/config/employee/create","create:Employee Create","input","text",,"","","Mobile Number",,"MGMForm_mobileNumber",,"False","True","False"
"https://mgm.ibos.io/config/employee/create","create:Employee Create","input","email",,"","","email@gmail.com",,"MGMForm_email",,"False","False","False"
"https://mgm.ibos.io/config/employee/create","create:Employee Create","input",,,"","13/09/2026","Joining Date",,"MGMForm_joiningDate",,"False","True","False"
"https://mgm.ibos.io/config/employee/create","create:Employee Create","button","button",,"","",,,,,"False","False",
"https://mgm.ibos.io/config/employee/create","create:Employee Create","input",,,"","","Confirmation Date",,"MGMForm_confirmationDate",,"False","False","False"
"https://mgm.ibos.io/config/employee/create","create:Employee Create","input",,,"","","Termination Date",,"MGMForm_terminationDate",,"False","False","False"
"https://mgm.ibos.io/config/employee/create","create:Employee Create","input","text","combobox","","",,,"MGMForm_employeeType",,"False","True","False"
"https://mgm.ibos.io/config/employee/create","create:Employee Create","input","text","combobox","","",,,"MGMForm_assignOffice",,"False","True","False"
"https://mgm.ibos.io/config/employee/create","create:Employee Create","input","text",,"","","Location",,"MGMForm_location",,"False","False","False"
"https://mgm.ibos.io/config/employee/create","create:Employee Create","input","text","combobox","","",,,"MGMForm_serviceCategories",,"False","False","False"
"https://mgm.ibos.io/config/employee/create","create:Employee Create","input","text",,"","","Attendance Device/Card No",,"MGMForm_cardNumber",,"False","False","False"
"https://mgm.ibos.io/config/employee/create","create:Employee Create","button","button",,"ADD NEW","",,,,,"False","False",
"https://mgm.ibos.io/config/employee/create","create:Employee Create","input","text","combobox","","",,,"MGMForm_department",,"False","False","False"
"https://mgm.ibos.io/config/employee/create","create:Employee Create","button","button",,"ADD NEW","",,,,,"False","False",
"https://mgm.ibos.io/config/employee/create","create:Employee Create","input","text","combobox","","",,,"MGMForm_departmentSection",,"False","False","False"
"https://mgm.ibos.io/config/employee/create","create:Employee Create","input","text","combobox","","",,,"MGMForm_policy",,"False","False","False"
"https://mgm.ibos.io/config/employee/create","create:Employee Create","input","text","combobox","","",,,"MGMForm_religion",,"False","False","False"
"https://mgm.ibos.io/config/employee/create","create:Employee Create","input","text","combobox","","",,,"MGMForm_gender",,"False","False","False"
"https://mgm.ibos.io/config/employee/create","create:Employee Create","input","text","combobox","","",,,"MGMForm_bloodGroup",,"False","False","False"
"https://mgm.ibos.io/config/employee/create","create:Employee Create","input","text",,"","","Father Name",,"MGMForm_fatherName",,"False","False","False"
"https://mgm.ibos.io/config/employee/create","create:Employee Create","input","text",,"","","Mother Name",,"MGMForm_motherName",,"False","False","False"
"https://mgm.ibos.io/config/employee/create","create:Employee Create","input",,,"","13/09/2026","Date Of Birth",,"MGMForm_dateOfBirth",,"False","False","False"
"https://mgm.ibos.io/config/employee/create","create:Employee Create","button","button",,"","",,,,,"False","False",
"https://mgm.ibos.io/config/employee/create","create:Employee Create","input","text",,"","","Official Contact",,"MGMForm_officialContact",,"False","False","False"
"https://mgm.ibos.io/config/employee/create","create:Employee Create","input","text",,"","","NID",,"MGMForm_nid",,"False","True","False"
"https://mgm.ibos.io/config/employee/create","create:Employee Create","input","text",,"","","Present Address",,"MGMForm_presentAddress",,"False","False","False"
"https://mgm.ibos.io/config/employee/create","create:Employee Create","input","text",,"","","Permanent Address",,"MGMForm_permanentAddress",,"False","False","False"
"https://mgm.ibos.io/config/employee/create","create:Employee Create","input","text","combobox","","",,,"MGMForm_supervisor",,"False","True","False"
"https://mgm.ibos.io/config/employee/create","create:Employee Create","input","text","combobox","","",,,"MGMForm_lineManager",,"False","True","False"
"https://mgm.ibos.io/config/employee/create","create:Employee Create","input","file",,"","",,,,,"False","False","False"
"https://mgm.ibos.io/config/employee/create","create:Employee Create","input","file",,"","",,,,,"False","False","False"
"https://mgm.ibos.io/config/employee/create","create:Employee Create","input","checkbox",,"","on",,,"MGMForm_isSalaryHold",,"False","False","False"
"https://mgm.ibos.io/config/employee/create","create:Employee Create","input","checkbox",,"","on",,,"MGMForm_isDeptApproval",,"False","False","False"
"https://mgm.ibos.io/config/employee/create","create:Employee Create","input","checkbox",,"","on",,,"MGMForm_isService",,"False","False","False"
"https://mgm.ibos.io/config/employee/create","create:Employee Create","input","checkbox",,"","on",,,"MGMForm_isPaymentHold",,"False","False","False"
"https://mgm.ibos.io/config/employee/create","create:Employee Create","input","checkbox",,"","on",,,"MGMForm_isReseller",,"False","False","False"
"https://mgm.ibos.io/config/employee/create","create:Employee Create","input","checkbox",,"","on",,,"MGMForm_isUser",,"False","False","False"
"https://mgm.ibos.io/config/employee/create","create:Employee Create / tab:Employee","input","text",,"","","Go to page...",,,,"False","False","False"
"https://mgm.ibos.io/config/employee/create","create:Employee Create / tab:Employee","button","button",,"","",,,,,"False","False",
"https://mgm.ibos.io/config/employee/create","create:Employee Create / tab:Employee","button","button",,"","",,,,,"False","False",
"https://mgm.ibos.io/config/employee/create","create:Employee Create / tab:Employee","button","button",,"","",,,,,"False","False",
"https://mgm.ibos.io/config/employee/create","create:Employee Create / tab:Employee","button","button",,"","",,,,,"False","False",
"https://mgm.ibos.io/config/employee/create","create:Employee Create / tab:Employee","input",,"combobox","","",,,"react-select-mgm-input",,"False","False","False"
"https://mgm.ibos.io/config/employee/create","create:Employee Create / tab:Employee","input","hidden",,"","40513",,"branchList",,,"False","False","False"
"https://mgm.ibos.io/config/employee/create","create:Employee Create / tab:Employee","button","button",,"","",,,,,"False","False",
"https://mgm.ibos.io/config/employee/create","create:Employee Create / tab:Employee","button","submit",,"Save","",,,,,"False","False",
"https://mgm.ibos.io/config/employee/create","create:Employee Create / tab:Employee","div",,"tab","Personal Info",,,,"rc-tabs-1-tab-personal",,"False","False",
"https://mgm.ibos.io/config/employee/create","create:Employee Create / tab:Employee","button","button",,"","",,,"rc-tabs-1-more",,"False","False",
"https://mgm.ibos.io/config/employee/create","create:Employee Create / tab:Employee","input","text",,"","","Id",,"MGMForm_employeeId",,"False","False","False"
"https://mgm.ibos.io/config/employee/create","create:Employee Create / tab:Employee","input","text",,"","","Name",,"MGMForm_name",,"False","True","False"
"https://mgm.ibos.io/config/employee/create","create:Employee Create / tab:Employee","button","button",,"ADD NEW","",,,,,"False","False",
"https://mgm.ibos.io/config/employee/create","create:Employee Create / tab:Employee","input","text","combobox","","",,,"MGMForm_designation",,"False","True","False"
"https://mgm.ibos.io/config/employee/create","create:Employee Create / tab:Employee","button","button",,"ADD NEW","",,,,,"False","False",
"https://mgm.ibos.io/config/employee/create","create:Employee Create / tab:Employee","input","text","combobox","","",,,"MGMForm_hrPosition",,"False","False","False"
"https://mgm.ibos.io/config/employee/create","create:Employee Create / tab:Employee","input","text",,"","","Mobile Number",,"MGMForm_mobileNumber",,"False","True","False"
"https://mgm.ibos.io/config/employee/create","create:Employee Create / tab:Employee","input","email",,"","","email@gmail.com",,"MGMForm_email",,"False","False","False"
"https://mgm.ibos.io/config/employee/create","create:Employee Create / tab:Employee","input",,,"","13/09/2026","Joining Date",,"MGMForm_joiningDate",,"False","True","False"
"https://mgm.ibos.io/config/employee/create","create:Employee Create / tab:Employee","button","button",,"","",,,,,"False","False",
"https://mgm.ibos.io/config/employee/create","create:Employee Create / tab:Employee","input",,,"","","Confirmation Date",,"MGMForm_confirmationDate",,"False","False","False"
"https://mgm.ibos.io/config/employee/create","create:Employee Create / tab:Employee","input",,,"","","Termination Date",,"MGMForm_terminationDate",,"False","False","False"
"https://mgm.ibos.io/config/employee/create","create:Employee Create / tab:Employee","input","text","combobox","","",,,"MGMForm_employeeType",,"False","True","False"
"https://mgm.ibos.io/config/employee/create","create:Employee Create / tab:Employee","input","text","combobox","","",,,"MGMForm_assignOffice",,"False","True","False"
"https://mgm.ibos.io/config/employee/create","create:Employee Create / tab:Employee","input","text",,"","","Location",,"MGMForm_location",,"False","False","False"
"https://mgm.ibos.io/config/employee/create","create:Employee Create / tab:Employee","input","text","combobox","","",,,"MGMForm_serviceCategories",,"False","False","False"
"https://mgm.ibos.io/config/employee/create","create:Employee Create / tab:Employee","input","text",,"","","Attendance Device/Card No",,"MGMForm_cardNumber",,"False","False","False"
"https://mgm.ibos.io/config/employee/create","create:Employee Create / tab:Employee","button","button",,"ADD NEW","",,,,,"False","False",
"https://mgm.ibos.io/config/employee/create","create:Employee Create / tab:Employee","input","text","combobox","","",,,"MGMForm_department",,"False","False","False"
"https://mgm.ibos.io/config/employee/create","create:Employee Create / tab:Employee","button","button",,"ADD NEW","",,,,,"False","False",
"https://mgm.ibos.io/config/employee/create","create:Employee Create / tab:Employee","input","text","combobox","","",,,"MGMForm_departmentSection",,"False","False","False"
"https://mgm.ibos.io/config/employee/create","create:Employee Create / tab:Employee","input","text","combobox","","",,,"MGMForm_policy",,"False","False","False"
"https://mgm.ibos.io/config/employee/create","create:Employee Create / tab:Employee","input","text","combobox","","",,,"MGMForm_religion",,"False","False","False"
"https://mgm.ibos.io/config/employee/create","create:Employee Create / tab:Employee","input","text","combobox","","",,,"MGMForm_gender",,"False","False","False"
"https://mgm.ibos.io/config/employee/create","create:Employee Create / tab:Employee","input","text","combobox","","",,,"MGMForm_bloodGroup",,"False","False","False"
"https://mgm.ibos.io/config/employee/create","create:Employee Create / tab:Employee","input","text",,"","","Father Name",,"MGMForm_fatherName",,"False","False","False"
"https://mgm.ibos.io/config/employee/create","create:Employee Create / tab:Employee","input","text",,"","","Mother Name",,"MGMForm_motherName",,"False","False","False"
"https://mgm.ibos.io/config/employee/create","create:Employee Create / tab:Employee","input",,,"","13/09/2026","Date Of Birth",,"MGMForm_dateOfBirth",,"False","False","False"
"https://mgm.ibos.io/config/employee/create","create:Employee Create / tab:Employee","button","button",,"","",,,,,"False","False",
"https://mgm.ibos.io/config/employee/create","create:Employee Create / tab:Employee","input","text",,"","","Official Contact",,"MGMForm_officialContact",,"False","False","False"
"https://mgm.ibos.io/config/employee/create","create:Employee Create / tab:Employee","input","text",,"","","NID",,"MGMForm_nid",,"False","True","False"
"https://mgm.ibos.io/config/employee/create","create:Employee Create / tab:Employee","input","text",,"","","Present Address",,"MGMForm_presentAddress",,"False","False","False"
"https://mgm.ibos.io/config/employee/create","create:Employee Create / tab:Employee","input","text",,"","","Permanent Address",,"MGMForm_permanentAddress",,"False","False","False"
"https://mgm.ibos.io/config/employee/create","create:Employee Create / tab:Employee","input","text","combobox","","",,,"MGMForm_supervisor",,"False","True","False"
"https://mgm.ibos.io/config/employee/create","create:Employee Create / tab:Employee","input","text","combobox","","",,,"MGMForm_lineManager",,"False","True","False"
"https://mgm.ibos.io/config/employee/create","create:Employee Create / tab:Employee","input","file",,"","",,,,,"False","False","False"
"https://mgm.ibos.io/config/employee/create","create:Employee Create / tab:Employee","input","file",,"","",,,,,"False","False","False"
"https://mgm.ibos.io/config/employee/create","create:Employee Create / tab:Employee","input","checkbox",,"","on",,,"MGMForm_isSalaryHold",,"False","False","False"
"https://mgm.ibos.io/config/employee/create","create:Employee Create / tab:Employee","input","checkbox",,"","on",,,"MGMForm_isDeptApproval",,"False","False","False"
"https://mgm.ibos.io/config/employee/create","create:Employee Create / tab:Employee","input","checkbox",,"","on",,,"MGMForm_isService",,"False","False","False"
"https://mgm.ibos.io/config/employee/create","create:Employee Create / tab:Employee","input","checkbox",,"","on",,,"MGMForm_isPaymentHold",,"False","False","False"
"https://mgm.ibos.io/config/employee/create","create:Employee Create / tab:Employee","input","checkbox",,"","on",,,"MGMForm_isReseller",,"False","False","False"
"https://mgm.ibos.io/config/employee/create","create:Employee Create / tab:Employee","input","checkbox",,"","on",,,"MGMForm_isUser",,"False","False","False"
"https://mgm.ibos.io/config/responsibilityTransfer/create","create:Create Transfer","input","text",,"","","Go to page...",,,,"False","False","False"
"https://mgm.ibos.io/config/responsibilityTransfer/create","create:Create Transfer","button","button",,"","",,,,,"False","False",
"https://mgm.ibos.io/config/responsibilityTransfer/create","create:Create Transfer","button","button",,"","",,,,,"False","False",
"https://mgm.ibos.io/config/responsibilityTransfer/create","create:Create Transfer","button","button",,"","",,,,,"False","False",
"https://mgm.ibos.io/config/responsibilityTransfer/create","create:Create Transfer","button","button",,"","",,,,,"False","False",
"https://mgm.ibos.io/config/responsibilityTransfer/create","create:Create Transfer","input",,"combobox","","",,,"react-select-mgm-input",,"False","False","False"
"https://mgm.ibos.io/config/responsibilityTransfer/create","create:Create Transfer","input","hidden",,"","40513",,"branchList",,,"False","False","False"
"https://mgm.ibos.io/config/responsibilityTransfer/create","create:Create Transfer","button","button",,"","",,,,,"False","False",
"https://mgm.ibos.io/config/responsibilityTransfer/create","create:Create Transfer","button","submit",,"Save","",,,,,"False","False",
"https://mgm.ibos.io/config/responsibilityTransfer/create","create:Create Transfer","input","text","combobox","","",,,"MGMForm_rows_0_fromUser",,"False","True","False"
"https://mgm.ibos.io/config/responsibilityTransfer/create","create:Create Transfer","input","text","combobox","","",,,"MGMForm_rows_0_toUser",,"False","True","False"
"https://mgm.ibos.io/config/responsibilityTransfer/create","create:Create Transfer","input",,,"","13/09/2026","Select date",,"MGMForm_rows_0_fromDate",,"False","True","False"
"https://mgm.ibos.io/config/responsibilityTransfer/create","create:Create Transfer","button","button",,"","",,,,,"False","False",
"https://mgm.ibos.io/config/responsibilityTransfer/create","create:Create Transfer","input",,,"","13/09/2026","Select date",,"MGMForm_rows_0_toDate",,"False","True","False"
"https://mgm.ibos.io/config/responsibilityTransfer/create","create:Create Transfer","button","button",,"","",,,,,"False","False",
"https://mgm.ibos.io/config/responsibilityTransfer/create","create:Create Transfer / tab:Responsibility Transfer","input","text",,"","","Go to page...",,,,"False","False","False"
"https://mgm.ibos.io/config/responsibilityTransfer/create","create:Create Transfer / tab:Responsibility Transfer","button","button",,"","",,,,,"False","False",
"https://mgm.ibos.io/config/responsibilityTransfer/create","create:Create Transfer / tab:Responsibility Transfer","button","button",,"","",,,,,"False","False",
"https://mgm.ibos.io/config/responsibilityTransfer/create","create:Create Transfer / tab:Responsibility Transfer","button","button",,"","",,,,,"False","False",
"https://mgm.ibos.io/config/responsibilityTransfer/create","create:Create Transfer / tab:Responsibility Transfer","button","button",,"","",,,,,"False","False",
"https://mgm.ibos.io/config/responsibilityTransfer/create","create:Create Transfer / tab:Responsibility Transfer","input",,"combobox","","",,,"react-select-mgm-input",,"False","False","False"
"https://mgm.ibos.io/config/responsibilityTransfer/create","create:Create Transfer / tab:Responsibility Transfer","input","hidden",,"","40513",,"branchList",,,"False","False","False"
"https://mgm.ibos.io/config/responsibilityTransfer/create","create:Create Transfer / tab:Responsibility Transfer","button","button",,"","",,,,,"False","False",
"https://mgm.ibos.io/config/responsibilityTransfer/create","create:Create Transfer / tab:Responsibility Transfer","button","submit",,"Save","",,,,,"False","False",
"https://mgm.ibos.io/config/responsibilityTransfer/create","create:Create Transfer / tab:Responsibility Transfer","input","text","combobox","","",,,"MGMForm_rows_0_fromUser",,"False","True","False"
"https://mgm.ibos.io/config/responsibilityTransfer/create","create:Create Transfer / tab:Responsibility Transfer","input","text","combobox","","",,,"MGMForm_rows_0_toUser",,"False","True","False"
"https://mgm.ibos.io/config/responsibilityTransfer/create","create:Create Transfer / tab:Responsibility Transfer","input",,,"","13/09/2026","Select date",,"MGMForm_rows_0_fromDate",,"False","True","False"
"https://mgm.ibos.io/config/responsibilityTransfer/create","create:Create Transfer / tab:Responsibility Transfer","button","button",,"","",,,,,"False","False",
"https://mgm.ibos.io/config/responsibilityTransfer/create","create:Create Transfer / tab:Responsibility Transfer","input",,,"","13/09/2026","Select date",,"MGMForm_rows_0_toDate",,"False","True","False"
"https://mgm.ibos.io/config/responsibilityTransfer/create","create:Create Transfer / tab:Responsibility Transfer","button","button",,"","",,,,,"False","False",
"https://mgm.ibos.io/config/warehouse/create","create:Create Warehouse","input","text",,"","","Go to page...",,,,"False","False","False"
"https://mgm.ibos.io/config/warehouse/create","create:Create Warehouse","button","button",,"","",,,,,"False","False",
"https://mgm.ibos.io/config/warehouse/create","create:Create Warehouse","button","button",,"","",,,,,"False","False",
"https://mgm.ibos.io/config/warehouse/create","create:Create Warehouse","button","button",,"","",,,,,"False","False",
"https://mgm.ibos.io/config/warehouse/create","create:Create Warehouse","button","button",,"","",,,,,"False","False",
"https://mgm.ibos.io/config/warehouse/create","create:Create Warehouse","input",,"combobox","","",,,"react-select-mgm-input",,"False","False","False"
"https://mgm.ibos.io/config/warehouse/create","create:Create Warehouse","input","hidden",,"","40513",,"branchList",,,"False","False","False"
"https://mgm.ibos.io/config/warehouse/create","create:Create Warehouse","button","button",,"","",,,,,"False","False",
"https://mgm.ibos.io/config/warehouse/create","create:Create Warehouse","button","button",,"Save & New","",,,,,"False","False",
"https://mgm.ibos.io/config/warehouse/create","create:Create Warehouse","button","submit",,"Save","",,,,,"False","False",
"https://mgm.ibos.io/config/warehouse/create","create:Create Warehouse","div",,"tab","Warehouse Info",,,,"rc-tabs-1-tab-info",,"False","False",
"https://mgm.ibos.io/config/warehouse/create","create:Create Warehouse","button","button",,"","",,,"rc-tabs-1-more",,"False","False",
"https://mgm.ibos.io/config/warehouse/create","create:Create Warehouse","button","button",,"","",,,,,"False","False",
"https://mgm.ibos.io/config/warehouse/create","create:Create Warehouse","input","text",,"","","code",,"MGMForm_code",,"False","False","False"
"https://mgm.ibos.io/config/warehouse/create","create:Create Warehouse","input","text",,"","","warehouse",,"MGMForm_warehouse",,"False","False","False"
"https://mgm.ibos.io/config/warehouse/create","create:Create Warehouse","input","text",,"","","address",,"MGMForm_address",,"False","False","False"
"https://mgm.ibos.io/config/warehouse/create","create:Create Warehouse","input","text","combobox","","",,,"MGMForm_branch",,"False","False","False"
"https://mgm.ibos.io/config/warehouse/create","create:Create Warehouse","input","text","combobox","","",,,"MGMForm_office",,"True","False","False"
"https://mgm.ibos.io/config/warehouse/create","create:Create Warehouse","button","button",,"Add","",,,,,"False","False",
"https://mgm.ibos.io/config/warehouse/create","create:Create Warehouse","button","button",,"","",,,,,"False","False",
"https://mgm.ibos.io/config/warehouse/create","create:Create Warehouse","button","button",,"","",,,,,"False","False",
"https://mgm.ibos.io/config/warehouse/create","create:Create Warehouse","input","file",,"","",,,,,"False","False","False"
"https://mgm.ibos.io/config/warehouse/create","create:Create Warehouse / tab:Warehouse","input","text",,"","","Go to page...",,,,"False","False","False"
"https://mgm.ibos.io/config/warehouse/create","create:Create Warehouse / tab:Warehouse","button","button",,"","",,,,,"False","False",
"https://mgm.ibos.io/config/warehouse/create","create:Create Warehouse / tab:Warehouse","button","button",,"","",,,,,"False","False",
"https://mgm.ibos.io/config/warehouse/create","create:Create Warehouse / tab:Warehouse","button","button",,"","",,,,,"False","False",
"https://mgm.ibos.io/config/warehouse/create","create:Create Warehouse / tab:Warehouse","button","button",,"","",,,,,"False","False",
"https://mgm.ibos.io/config/warehouse/create","create:Create Warehouse / tab:Warehouse","input",,"combobox","","",,,"react-select-mgm-input",,"False","False","False"
"https://mgm.ibos.io/config/warehouse/create","create:Create Warehouse / tab:Warehouse","input","hidden",,"","40513",,"branchList",,,"False","False","False"
"https://mgm.ibos.io/config/warehouse/create","create:Create Warehouse / tab:Warehouse","button","button",,"","",,,,,"False","False",
"https://mgm.ibos.io/config/warehouse/create","create:Create Warehouse / tab:Warehouse","button","button",,"Save & New","",,,,,"False","False",
"https://mgm.ibos.io/config/warehouse/create","create:Create Warehouse / tab:Warehouse","button","submit",,"Save","",,,,,"False","False",
"https://mgm.ibos.io/config/warehouse/create","create:Create Warehouse / tab:Warehouse","div",,"tab","Warehouse Info",,,,"rc-tabs-1-tab-info",,"False","False",
"https://mgm.ibos.io/config/warehouse/create","create:Create Warehouse / tab:Warehouse","button","button",,"","",,,"rc-tabs-1-more",,"False","False",
"https://mgm.ibos.io/config/warehouse/create","create:Create Warehouse / tab:Warehouse","button","button",,"","",,,,,"False","False",
"https://mgm.ibos.io/config/warehouse/create","create:Create Warehouse / tab:Warehouse","input","text",,"","","code",,"MGMForm_code",,"False","False","False"
"https://mgm.ibos.io/config/warehouse/create","create:Create Warehouse / tab:Warehouse","input","text",,"","","warehouse",,"MGMForm_warehouse",,"False","False","False"
"https://mgm.ibos.io/config/warehouse/create","create:Create Warehouse / tab:Warehouse","input","text",,"","","address",,"MGMForm_address",,"False","False","False"
"https://mgm.ibos.io/config/warehouse/create","create:Create Warehouse / tab:Warehouse","input","text","combobox","","",,,"MGMForm_branch",,"False","False","False"
"https://mgm.ibos.io/config/warehouse/create","create:Create Warehouse / tab:Warehouse","input","text","combobox","","",,,"MGMForm_office",,"True","False","False"
"https://mgm.ibos.io/config/warehouse/create","create:Create Warehouse / tab:Warehouse","button","button",,"Add","",,,,,"False","False",
"https://mgm.ibos.io/config/warehouse/create","create:Create Warehouse / tab:Warehouse","button","button",,"","",,,,,"False","False",
"https://mgm.ibos.io/config/warehouse/create","create:Create Warehouse / tab:Warehouse","button","button",,"","",,,,,"False","False",
"https://mgm.ibos.io/config/warehouse/create","create:Create Warehouse / tab:Warehouse","input","file",,"","",,,,,"False","False","False"
"https://mgm.ibos.io/hrAdmin/bonus/bonusGenerate","create:Create","input","text",,"","","Go to page...",,,,"False","False","False"
"https://mgm.ibos.io/hrAdmin/bonus/bonusGenerate","create:Create","button","button",,"","",,,,,"False","False",
"https://mgm.ibos.io/hrAdmin/bonus/bonusGenerate","create:Create","button","button",,"","",,,,,"False","False",
"https://mgm.ibos.io/hrAdmin/bonus/bonusGenerate","create:Create","button","button",,"","",,,,,"False","False",
"https://mgm.ibos.io/hrAdmin/bonus/bonusGenerate","create:Create","button","button",,"","",,,,,"False","False",
"https://mgm.ibos.io/hrAdmin/bonus/bonusGenerate","create:Create","input",,"combobox","","",,,"react-select-mgm-input",,"False","False","False"
"https://mgm.ibos.io/hrAdmin/bonus/bonusGenerate","create:Create","input","hidden",,"","40513",,"branchList",,,"False","False","False"
"https://mgm.ibos.io/hrAdmin/bonus/bonusGenerate","create:Create","button","button",,"","",,,,,"False","False",
"https://mgm.ibos.io/hrAdmin/bonus/bonusGenerate","create:Create","button","button",,"Generate","",,,,,"False","False",
"https://mgm.ibos.io/hrAdmin/bonus/bonusGenerate","create:Create","div",,"tab","Bonus Generate",,,,"rc-tabs-1-tab-bonusGenerate",,"False","False",
"https://mgm.ibos.io/hrAdmin/bonus/bonusGenerate","create:Create","div",,"tab","Manual Bonus Generate",,,,"rc-tabs-1-tab-manualBonusGenerate",,"False","False",
"https://mgm.ibos.io/hrAdmin/bonus/bonusGenerate","create:Create","button","button",,"","",,,"rc-tabs-1-more",,"False","False",
"https://mgm.ibos.io/hrAdmin/bonus/bonusGenerate","create:Create","input","text","combobox","","",,,"bonusName",,"False","False","False"
"https://mgm.ibos.io/hrAdmin/bonus/bonusGenerate","create:Create","input","text","combobox","","",,,"religion",,"False","False","False"
"https://mgm.ibos.io/hrAdmin/bonus/bonusGenerate","create:Create","input","text","combobox","","",,,"office",,"False","False","False"
"https://mgm.ibos.io/hrAdmin/bonus/bonusGenerate","create:Create","input",,,"","","Select date",,"effectedDate",,"False","False","False"
"https://mgm.ibos.io/hrAdmin/bonus/bonusGenerate","create:Create","button","button",,"View","",,,,,"False","False",
"https://mgm.ibos.io/hrAdmin/bonus/bonusGenerate","create:Create","button","button",,"Export Excel","",,,,,"False","False",
"https://mgm.ibos.io/hrAdmin/bonus/bonusGenerate","create:Create / tab:Bonus Advice","input","text",,"","","Go to page...",,,,"False","False","False"
"https://mgm.ibos.io/hrAdmin/bonus/bonusGenerate","create:Create / tab:Bonus Advice","button","button",,"","",,,,,"False","False",
"https://mgm.ibos.io/hrAdmin/bonus/bonusGenerate","create:Create / tab:Bonus Advice","button","button",,"","",,,,,"False","False",
"https://mgm.ibos.io/hrAdmin/bonus/bonusGenerate","create:Create / tab:Bonus Advice","button","button",,"","",,,,,"False","False",
"https://mgm.ibos.io/hrAdmin/bonus/bonusGenerate","create:Create / tab:Bonus Advice","button","button",,"","",,,,,"False","False",
"https://mgm.ibos.io/hrAdmin/bonus/bonusGenerate","create:Create / tab:Bonus Advice","input",,"combobox","","",,,"react-select-mgm-input",,"False","False","False"
"https://mgm.ibos.io/hrAdmin/bonus/bonusGenerate","create:Create / tab:Bonus Advice","input","hidden",,"","40513",,"branchList",,,"False","False","False"
"https://mgm.ibos.io/hrAdmin/bonus/bonusGenerate","create:Create / tab:Bonus Advice","button","button",,"","",,,,,"False","False",
"https://mgm.ibos.io/hrAdmin/bonus/bonusGenerate","create:Create / tab:Bonus Advice","button","button",,"Generate","",,,,,"False","False",
"https://mgm.ibos.io/hrAdmin/bonus/bonusGenerate","create:Create / tab:Bonus Advice","div",,"tab","Bonus Generate",,,,"rc-tabs-1-tab-bonusGenerate",,"False","False",
"https://mgm.ibos.io/hrAdmin/bonus/bonusGenerate","create:Create / tab:Bonus Advice","div",,"tab","Manual Bonus Generate",,,,"rc-tabs-1-tab-manualBonusGenerate",,"False","False",
"https://mgm.ibos.io/hrAdmin/bonus/bonusGenerate","create:Create / tab:Bonus Advice","button","button",,"","",,,"rc-tabs-1-more",,"False","False",
"https://mgm.ibos.io/hrAdmin/bonus/bonusGenerate","create:Create / tab:Bonus Advice","input","text","combobox","","",,,"bonusName",,"False","False","False"
"https://mgm.ibos.io/hrAdmin/bonus/bonusGenerate","create:Create / tab:Bonus Advice","input","text","combobox","","",,,"religion",,"False","False","False"
"https://mgm.ibos.io/hrAdmin/bonus/bonusGenerate","create:Create / tab:Bonus Advice","input","text","combobox","","",,,"office",,"False","False","False"
"https://mgm.ibos.io/hrAdmin/bonus/bonusGenerate","create:Create / tab:Bonus Advice","input",,,"","","Select date",,"effectedDate",,"False","False","False"
"https://mgm.ibos.io/hrAdmin/bonus/bonusGenerate","create:Create / tab:Bonus Advice","button","button",,"View","",,,,,"False","False",
"https://mgm.ibos.io/hrAdmin/bonus/bonusGenerate","create:Create / tab:Bonus Advice","button","button",,"Export Excel","",,,,,"False","False",
"https://mgm.ibos.io/hrAdmin/config/leave-create","create:New","input","text",,"","","Go to page...",,,,"False","False",
"https://mgm.ibos.io/hrAdmin/config/leave-create","create:New","button","button",,"","",,,,,"False","False",
"https://mgm.ibos.io/hrAdmin/config/leave-create","create:New","button","button",,"","",,,,,"False","False",
"https://mgm.ibos.io/hrAdmin/config/leave-create","create:New","button","button",,"","",,,,,"False","False",
"https://mgm.ibos.io/hrAdmin/config/leave-create","create:New","button","button",,"","",,,,,"False","False",
"https://mgm.ibos.io/hrAdmin/config/leave-create","create:New","input",,,"","",,,"react-select-mgm-input",,"False","False",
"https://mgm.ibos.io/hrAdmin/config/leave-create","create:New","input","hidden",,"","40513",,"branchList",,,"False","False",
"https://mgm.ibos.io/hrAdmin/config/leave-create","create:New","button","button",,"","",,,,,"False","False",
"https://mgm.ibos.io/hrAdmin/config/leave-create","create:New","button","submit",,"SAVE","",,,,,"False","False",
"https://mgm.ibos.io/hrAdmin/config/leave-create","create:New","input","radio",,"","regularBased",,"row-radio-buttons-group",,,"False","False",
"https://mgm.ibos.io/hrAdmin/config/leave-create","create:New","input","radio",,"","policyBased",,"row-radio-buttons-group",,,"False","False",
"https://mgm.ibos.io/hrAdmin/config/leave-create","create:New","input","text",,"","",,,"react-select-mgm-input",,"False","False",
"https://mgm.ibos.io/hrAdmin/config/leave-create","create:New","input","hidden",,"","",,"employeeType",,,"False","False",
"https://mgm.ibos.io/hrAdmin/config/leave-create","create:New","button","button",,"ADD NEW","",,,,,"False","False",
"https://mgm.ibos.io/hrAdmin/config/leave-create","create:New","input","text",,"","",,,"react-select-mgm-input",,"False","False",
"https://mgm.ibos.io/hrAdmin/config/leave-create","create:New","input","hidden",,"","",,"leaveType",,,"False","False",
"https://mgm.ibos.io/hrAdmin/config/leave-create","create:New","input","number",,"","","Enter Quota","quota",,,"False","False",
"https://mgm.ibos.io/hrAdmin/config/leave-create","create:New","input","number",,"","","Effective After (Month)","effectiveAfter",,,"False","False",
"https://mgm.ibos.io/hrAdmin/config/leave-create","create:New","input","text",,"","",,,"react-select-mgm-input",,"False","False",
"https://mgm.ibos.io/hrAdmin/config/leave-create","create:New","input","hidden",,"","",,"effectiveBasedOn",,,"False","False",
"https://mgm.ibos.io/hrAdmin/config/leave-create","create:New","input","checkbox",,"","false",,,,,"False","False",
"https://mgm.ibos.io/hrAdmin/config/leave-create","create:New","button","submit",,"","",,,,,"False","False",
"https://mgm.ibos.io/hrAdmin/config/leave-create","create:New","button","reset",,"","",,,,,"False","False",
"https://mgm.ibos.io/hrAdmin/config/leave-create","create:New / tab:Leave","input","text",,"","","Go to page...",,,,"False","False","False"
"https://mgm.ibos.io/hrAdmin/config/leave-create","create:New / tab:Leave","button","button",,"","",,,,,"False","False",
"https://mgm.ibos.io/hrAdmin/config/leave-create","create:New / tab:Leave","button","button",,"","",,,,,"False","False",
"https://mgm.ibos.io/hrAdmin/config/leave-create","create:New / tab:Leave","button","button",,"","",,,,,"False","False",
"https://mgm.ibos.io/hrAdmin/config/leave-create","create:New / tab:Leave","button","button",,"","",,,,,"False","False",
"https://mgm.ibos.io/hrAdmin/config/leave-create","create:New / tab:Leave","input",,"combobox","","",,,"react-select-mgm-input",,"False","False","False"
"https://mgm.ibos.io/hrAdmin/config/leave-create","create:New / tab:Leave","input","hidden",,"","40513",,"branchList",,,"False","False","False"
"https://mgm.ibos.io/hrAdmin/config/leave-create","create:New / tab:Leave","button","button",,"","",,,,,"False","False",
"https://mgm.ibos.io/hrAdmin/config/leave-create","create:New / tab:Leave","button","submit",,"SAVE","",,,,,"False","False",
"https://mgm.ibos.io/hrAdmin/config/leave-create","create:New / tab:Leave","input","radio",,"","regularBased",,"row-radio-buttons-group",,,"False","False","True"
"https://mgm.ibos.io/hrAdmin/config/leave-create","create:New / tab:Leave","input","radio",,"","policyBased",,"row-radio-buttons-group",,,"False","False","False"
"https://mgm.ibos.io/hrAdmin/config/leave-create","create:New / tab:Leave","input","text","combobox","","",,,"react-select-mgm-input",,"False","False","False"
"https://mgm.ibos.io/hrAdmin/config/leave-create","create:New / tab:Leave","input","hidden",,"","",,"employeeType",,,"False","False","False"
"https://mgm.ibos.io/hrAdmin/config/leave-create","create:New / tab:Leave","button","button",,"ADD NEW","",,,,,"False","False",
"https://mgm.ibos.io/hrAdmin/config/leave-create","create:New / tab:Leave","input","text","combobox","","",,,"react-select-mgm-input",,"False","False","False"
"https://mgm.ibos.io/hrAdmin/config/leave-create","create:New / tab:Leave","input","hidden",,"","",,"leaveType",,,"False","False","False"
"https://mgm.ibos.io/hrAdmin/config/leave-create","create:New / tab:Leave","input","number",,"","","Enter Quota","quota",,,"False","False","False"
"https://mgm.ibos.io/hrAdmin/config/leave-create","create:New / tab:Leave","input","number",,"","","Effective After (Month)","effectiveAfter",,,"False","False","False"
"https://mgm.ibos.io/hrAdmin/config/leave-create","create:New / tab:Leave","input","text","combobox","","",,,"react-select-mgm-input",,"False","False","False"
"https://mgm.ibos.io/hrAdmin/config/leave-create","create:New / tab:Leave","input","hidden",,"","",,"effectiveBasedOn",,,"False","False","False"
"https://mgm.ibos.io/hrAdmin/config/leave-create","create:New / tab:Leave","input","checkbox",,"","false",,,,,"False","False","False"
"https://mgm.ibos.io/hrAdmin/config/leave-create","create:New / tab:Leave","button","submit",,"","",,,,,"False","False",
"https://mgm.ibos.io/hrAdmin/config/leave-create","create:New / tab:Leave","button","reset",,"","",,,,,"False","False",
"https://mgm.ibos.io/hrAdmin/config/sandwichLeave-create","create:New / tab:Sandwich Leave","input","text",,"","","Go to page...",,,,"False","False","False"
"https://mgm.ibos.io/hrAdmin/config/sandwichLeave-create","create:New / tab:Sandwich Leave","button","button",,"","",,,,,"False","False",
"https://mgm.ibos.io/hrAdmin/config/sandwichLeave-create","create:New / tab:Sandwich Leave","button","button",,"","",,,,,"False","False",
"https://mgm.ibos.io/hrAdmin/config/sandwichLeave-create","create:New / tab:Sandwich Leave","button","button",,"","",,,,,"False","False",
"https://mgm.ibos.io/hrAdmin/config/sandwichLeave-create","create:New / tab:Sandwich Leave","button","button",,"","",,,,,"False","False",
"https://mgm.ibos.io/hrAdmin/config/sandwichLeave-create","create:New / tab:Sandwich Leave","input",,"combobox","","",,,"react-select-mgm-input",,"False","False","False"
"https://mgm.ibos.io/hrAdmin/config/sandwichLeave-create","create:New / tab:Sandwich Leave","input","hidden",,"","40513",,"branchList",,,"False","False","False"
"https://mgm.ibos.io/hrAdmin/config/sandwichLeave-create","create:New / tab:Sandwich Leave","button","button",,"","",,,,,"False","False",
"https://mgm.ibos.io/hrAdmin/config/sandwichLeave-create","create:New / tab:Sandwich Leave","button","submit",,"SAVE","",,,,,"False","False",
"https://mgm.ibos.io/hrAdmin/config/sandwichLeave-create","create:New / tab:Sandwich Leave","input","text",,"","","Sandwich Policy Name","strSandwichPolicyName",,,"False","False","False"
"https://mgm.ibos.io/hrAdmin/config/sandwichLeave-create","create:New / tab:Sandwich Leave","input","text",,"","","Policy Description","strPolicyDescription",,,"False","False","False"
"https://mgm.ibos.io/hrAdmin/config/sandwichLeave-create","create:New / tab:Sandwich Leave","input","radio",,"","regularBased",,"sandwich-leave-base-type",,,"False","False","False"
"https://mgm.ibos.io/hrAdmin/config/sandwichLeave-create","create:New / tab:Sandwich Leave","input","radio",,"","policyBased",,"sandwich-leave-base-type",,,"False","False","True"
"https://mgm.ibos.io/hrAdmin/config/sandwichLeave-create","create:New / tab:Sandwich Leave","input","text","combobox","","",,,"react-select-mgm-input",,"False","False","False"
"https://mgm.ibos.io/hrAdmin/config/sandwichLeave-create","create:New / tab:Sandwich Leave","input","hidden",,"","",,"policyName",,,"False","False","False"
"https://mgm.ibos.io/hrAdmin/config/sandwichLeave-create","create:New / tab:Sandwich Leave","input","checkbox",,"","on",,,,,"False","False","False"
"https://mgm.ibos.io/hrAdmin/config/sandwichLeave-create","create:New / tab:Sandwich Leave","input","checkbox",,"","on",,,,,"False","False","False"
"https://mgm.ibos.io/hrAdmin/config/sandwichLeave-create","create:New / tab:Sandwich Leave","input","checkbox",,"","on",,,,,"False","False","False"
"https://mgm.ibos.io/hrAdmin/config/sandwichLeave-create","create:New / tab:Sandwich Leave","input","checkbox",,"","on",,,,,"False","False","False"
"https://mgm.ibos.io/hrAdmin/config/sandwichLeave-create","create:New / tab:Sandwich Leave","input","checkbox",,"","on",,,,,"False","False","False"
"https://mgm.ibos.io/hrAdmin/config/sandwichLeave-create","create:New / tab:Sandwich Leave","input","checkbox",,"","on",,,,,"False","False","False"
"https://mgm.ibos.io/hrAdmin/config/sandwichLeave-create","create:New / tab:Sandwich Leave","input","checkbox",,"","on",,,,,"False","False","False"
"https://mgm.ibos.io/hrAdmin/config/sandwichLeave-create","create:New / tab:Sandwich Leave","input","text","combobox","","",,,"react-select-mgm-input",,"False","False","False"
"https://mgm.ibos.io/hrAdmin/config/sandwichLeave-create","create:New / tab:Sandwich Leave","input","hidden",,"","",,"leaveType",,,"False","False","False"
"https://mgm.ibos.io/hrAdmin/config/sandwichLeave-create","create:New / tab:Sandwich Leave","button","button",,"Add","",,,,,"False","False",
"https://mgm.ibos.io/hrAdmin/config/sandwichLeave-create","create:New / tab:Sandwich Leave","button","submit",,"","",,,,,"False","False",
"https://mgm.ibos.io/hrAdmin/config/sandwichLeave-create","create:New / tab:Sandwich Leave","button","reset",,"","",,,,,"False","False",
"https://mgm.ibos.io/inventory/audit/create","create:Create","input","text",,"","","Go to page...",,,,"False","False","False"
"https://mgm.ibos.io/inventory/audit/create","create:Create","button","button",,"","",,,,,"False","False",
"https://mgm.ibos.io/inventory/audit/create","create:Create","button","button",,"","",,,,,"False","False",
"https://mgm.ibos.io/inventory/audit/create","create:Create","button","button",,"","",,,,,"False","False",
"https://mgm.ibos.io/inventory/audit/create","create:Create","button","button",,"","",,,,,"False","False",
"https://mgm.ibos.io/inventory/audit/create","create:Create","input",,"combobox","","",,,"react-select-mgm-input",,"False","False","False"
"https://mgm.ibos.io/inventory/audit/create","create:Create","input","hidden",,"","40513",,"branchList",,,"False","False","False"
"https://mgm.ibos.io/inventory/audit/create","create:Create","button","button",,"","",,,,,"False","False",
"https://mgm.ibos.io/inventory/audit/create","create:Create","button","submit",,"SAVE","",,,,,"False","False",
"https://mgm.ibos.io/inventory/audit/create","create:Create","input","text","combobox","","",,,"react-select-mgm-input",,"False","False","False"
"https://mgm.ibos.io/inventory/audit/create","create:Create","input","hidden",,"","",,"audit",,,"False","False","False"
"https://mgm.ibos.io/inventory/audit/create","create:Create","input","text","combobox","","",,,"react-select-mgm-input",,"True","False","False"
"https://mgm.ibos.io/inventory/audit/create","create:Create","input","date",,"","2026-09-13","Current Date","currentDate",,,"False","False","False"
"https://mgm.ibos.io/inventory/audit/create","create:Create","input","text","combobox","","",,,"react-select-mgm-input",,"True","False","False"
"https://mgm.ibos.io/inventory/audit/create","create:Create","input","number",,"","","Count Serial No","countSl",,,"True","False","False"
"https://mgm.ibos.io/inventory/audit/create","create:Create","button","button",,"Add","",,,,,"False","False",
"https://mgm.ibos.io/inventory/audit/create","create:Create","button","submit",,"","",,,,,"False","False",
"https://mgm.ibos.io/inventory/auditSetup/create","create:Create","input","text",,"","","Go to page...",,,,"False","False","False"
"https://mgm.ibos.io/inventory/auditSetup/create","create:Create","button","button",,"","",,,,,"False","False",
"https://mgm.ibos.io/inventory/auditSetup/create","create:Create","button","button",,"","",,,,,"False","False",
"https://mgm.ibos.io/inventory/auditSetup/create","create:Create","button","button",,"","",,,,,"False","False",
"https://mgm.ibos.io/inventory/auditSetup/create","create:Create","button","button",,"","",,,,,"False","False",
"https://mgm.ibos.io/inventory/auditSetup/create","create:Create","input",,"combobox","","",,,"react-select-mgm-input",,"False","False","False"
"https://mgm.ibos.io/inventory/auditSetup/create","create:Create","input","hidden",,"","40513",,"branchList",,,"False","False","False"
"https://mgm.ibos.io/inventory/auditSetup/create","create:Create","button","button",,"","",,,,,"False","False",
"https://mgm.ibos.io/inventory/auditSetup/create","create:Create","button","submit",,"SAVE","",,,,,"False","False",
"https://mgm.ibos.io/inventory/auditSetup/create","create:Create","input","text","combobox","","",,,"react-select-mgm-input",,"False","False","False"
"https://mgm.ibos.io/inventory/auditSetup/create","create:Create","input","hidden",,"","",,"office",,,"False","False","False"
"https://mgm.ibos.io/inventory/auditSetup/create","create:Create","input","text","combobox","","",,,"react-select-mgm-input",,"True","False","False"
"https://mgm.ibos.io/inventory/auditSetup/create","create:Create","input","date",,"","2026-09-13","Start Date","startDate",,,"False","False","False"
"https://mgm.ibos.io/inventory/auditSetup/create","create:Create","input","date",,"","2026-09-13","Closing Date","closingDate",,,"False","False","False"
"https://mgm.ibos.io/inventory/auditSetup/create","create:Create","input","text",,"","","Audit Description","remarks",,,"False","False","False"
"https://mgm.ibos.io/inventory/auditSetup/create","create:Create","input","text","combobox","","",,,"react-select-mgm-input",,"False","False","False"
"https://mgm.ibos.io/inventory/auditSetup/create","create:Create","input","text","combobox","","",,,"react-select-mgm-input",,"False","False","False"
"https://mgm.ibos.io/inventory/auditSetup/create","create:Create","input","hidden",,"","",,"category",,,"False","False","False"
"https://mgm.ibos.io/inventory/auditSetup/create","create:Create","input","text","combobox","","",,,"react-select-mgm-input",,"False","False","False"
"https://mgm.ibos.io/inventory/auditSetup/create","create:Create","input","hidden",,"","",,"subCategory",,,"False","False","False"
"https://mgm.ibos.io/inventory/auditSetup/create","create:Create","button","button",,"Add","",,,,,"False","False",
"https://mgm.ibos.io/inventory/auditSetup/create","create:Create","button","submit",,"","",,,,,"False","False",
"https://mgm.ibos.io/inventory/gateInOut/create","create:Create Get In Out","input","text",,"","","Go to page...",,,,"False","False","False"
"https://mgm.ibos.io/inventory/gateInOut/create","create:Create Get In Out","button","button",,"","",,,,,"False","False",
"https://mgm.ibos.io/inventory/gateInOut/create","create:Create Get In Out","button","button",,"","",,,,,"False","False",
"https://mgm.ibos.io/inventory/gateInOut/create","create:Create Get In Out","button","button",,"","",,,,,"False","False",
"https://mgm.ibos.io/inventory/gateInOut/create","create:Create Get In Out","button","button",,"","",,,,,"False","False",
"https://mgm.ibos.io/inventory/gateInOut/create","create:Create Get In Out","input",,"combobox","","",,,"react-select-mgm-input",,"False","False","False"
"https://mgm.ibos.io/inventory/gateInOut/create","create:Create Get In Out","input","hidden",,"","40513",,"branchList",,,"False","False","False"
"https://mgm.ibos.io/inventory/gateInOut/create","create:Create Get In Out","button","button",,"","",,,,,"False","False",
"https://mgm.ibos.io/inventory/gateInOut/create","create:Create Get In Out","button","submit",,"SAVE","",,,,,"False","False",
"https://mgm.ibos.io/inventory/gateInOut/create","create:Create Get In Out","input","radio",,"","Gate In",,"gateEntryType",,,"False","False","True"
"https://mgm.ibos.io/inventory/gateInOut/create","create:Create Get In Out","input","radio",,"","Gate Out",,"gateEntryType",,,"False","False","False"
"https://mgm.ibos.io/inventory/gateInOut/create","create:Create Get In Out","input","radio",,"","Visitor",,"gateEntryType",,,"False","False","False"
"https://mgm.ibos.io/inventory/gateInOut/create","create:Create Get In Out","input","datetime-local",,"","13/09/2026 09:37:59"," Date","date",,,"True","False","False"
"https://mgm.ibos.io/inventory/gateInOut/create","create:Create Get In Out","input","text","combobox","","",,,"react-select-mgm-input",,"False","False","False"
"https://mgm.ibos.io/inventory/gateInOut/create","create:Create Get In Out","input","hidden",,"","",,"office",,,"False","False","False"
"https://mgm.ibos.io/inventory/gateInOut/create","create:Create Get In Out","input","text","combobox","","",,,"react-select-mgm-input",,"False","False","False"
"https://mgm.ibos.io/inventory/gateInOut/create","create:Create Get In Out","input","hidden",,"","",,"referenceType",,,"False","False","False"
"https://mgm.ibos.io/inventory/gateInOut/create","create:Create Get In Out","input","text","combobox","","",,,"react-select-mgm-input",,"False","False","False"
"https://mgm.ibos.io/inventory/gateInOut/create","create:Create Get In Out","input","text",,"","","From Address","fromAddress",,,"False","False","False"
"https://mgm.ibos.io/inventory/gateInOut/create","create:Create Get In Out","input","text",,"","","To Address","toAddress",,,"False","False","False"
"https://mgm.ibos.io/inventory/gateInOut/create","create:Create Get In Out","button","button",,"Add New","",,,,,"False","False",
"https://mgm.ibos.io/inventory/gateInOut/create","create:Create Get In Out","input","text","combobox","","",,,"react-select-mgm-input",,"False","False","False"
"https://mgm.ibos.io/inventory/gateInOut/create","create:Create Get In Out","input","text",,"","","Vehicle Type","vehicleType",,,"False","False","False"
"https://mgm.ibos.io/inventory/gateInOut/create","create:Create Get In Out","input","text",,"","","Vehicle Size","vehicleSize",,,"False","False","False"
"https://mgm.ibos.io/inventory/gateInOut/create","create:Create Get In Out","input","text",,"","","Drive Name","driverName",,,"False","False","False"
"https://mgm.ibos.io/inventory/gateInOut/create","create:Create Get In Out","input","text",,"","","Driver Mobile No","driverMobileNo",,,"False","False","False"
"https://mgm.ibos.io/inventory/gateInOut/create","create:Create Get In Out","input","text",,"","","Visiting/ID Card No","visitingIdNo",,,"False","False","False"
"https://mgm.ibos.io/inventory/gateInOut/create","create:Create Get In Out","input","text",,"","","Remarks","remarks",,,"False","False","False"
"https://mgm.ibos.io/inventory/gateInOut/create","create:Create Get In Out","input","text","combobox","","",,,"react-select-mgm-input",,"False","False","False"
"https://mgm.ibos.io/inventory/gateInOut/create","create:Create Get In Out","input","hidden",,"","",,"weightScaleUom",,,"False","False","False"
"https://mgm.ibos.io/inventory/gateInOut/create","create:Create Get In Out","input","number",,"","","Weight Of Scale","weightOfScale",,,"False","False","False"
"https://mgm.ibos.io/inventory/gateInOut/create","create:Create Get In Out","input","number",,"","","Weight Of After","weightOfScaleAfter",,,"False","False","False"
"https://mgm.ibos.io/inventory/gateInOut/create","create:Create Get In Out","button","submit",,"","",,,,,"False","False",
"https://mgm.ibos.io/inventory/gateInOut/create","create:Create Get In Out / tab:GATE IN","input","text",,"","","Go to page...",,,,"False","False","False"
"https://mgm.ibos.io/inventory/gateInOut/create","create:Create Get In Out / tab:GATE IN","button","button",,"","",,,,,"False","False",
"https://mgm.ibos.io/inventory/gateInOut/create","create:Create Get In Out / tab:GATE IN","button","button",,"","",,,,,"False","False",
"https://mgm.ibos.io/inventory/gateInOut/create","create:Create Get In Out / tab:GATE IN","button","button",,"","",,,,,"False","False",
"https://mgm.ibos.io/inventory/gateInOut/create","create:Create Get In Out / tab:GATE IN","button","button",,"","",,,,,"False","False",
"https://mgm.ibos.io/inventory/gateInOut/create","create:Create Get In Out / tab:GATE IN","input",,"combobox","","",,,"react-select-mgm-input",,"False","False","False"
"https://mgm.ibos.io/inventory/gateInOut/create","create:Create Get In Out / tab:GATE IN","input","hidden",,"","40513",,"branchList",,,"False","False","False"
"https://mgm.ibos.io/inventory/gateInOut/create","create:Create Get In Out / tab:GATE IN","button","button",,"","",,,,,"False","False",
"https://mgm.ibos.io/inventory/gateInOut/create","create:Create Get In Out / tab:GATE IN","button","submit",,"SAVE","",,,,,"False","False",
"https://mgm.ibos.io/inventory/gateInOut/create","create:Create Get In Out / tab:GATE IN","input","radio",,"","Gate In",,"gateEntryType",,,"False","False","True"
"https://mgm.ibos.io/inventory/gateInOut/create","create:Create Get In Out / tab:GATE IN","input","radio",,"","Gate Out",,"gateEntryType",,,"False","False","False"
"https://mgm.ibos.io/inventory/gateInOut/create","create:Create Get In Out / tab:GATE IN","input","radio",,"","Visitor",,"gateEntryType",,,"False","False","False"
"https://mgm.ibos.io/inventory/gateInOut/create","create:Create Get In Out / tab:GATE IN","input","datetime-local",,"","13/09/2026 09:38:04"," Date","date",,,"True","False","False"
"https://mgm.ibos.io/inventory/gateInOut/create","create:Create Get In Out / tab:GATE IN","input","text","combobox","","",,,"react-select-mgm-input",,"False","False","False"
"https://mgm.ibos.io/inventory/gateInOut/create","create:Create Get In Out / tab:GATE IN","input","hidden",,"","",,"office",,,"False","False","False"
"https://mgm.ibos.io/inventory/gateInOut/create","create:Create Get In Out / tab:GATE IN","input","text","combobox","","",,,"react-select-mgm-input",,"False","False","False"
"https://mgm.ibos.io/inventory/gateInOut/create","create:Create Get In Out / tab:GATE IN","input","hidden",,"","",,"referenceType",,,"False","False","False"
"https://mgm.ibos.io/inventory/gateInOut/create","create:Create Get In Out / tab:GATE IN","input","text","combobox","","",,,"react-select-mgm-input",,"False","False","False"
"https://mgm.ibos.io/inventory/gateInOut/create","create:Create Get In Out / tab:GATE IN","input","text",,"","","From Address","fromAddress",,,"False","False","False"
"https://mgm.ibos.io/inventory/gateInOut/create","create:Create Get In Out / tab:GATE IN","input","text",,"","","To Address","toAddress",,,"False","False","False"
"https://mgm.ibos.io/inventory/gateInOut/create","create:Create Get In Out / tab:GATE IN","button","button",,"Add New","",,,,,"False","False",
"https://mgm.ibos.io/inventory/gateInOut/create","create:Create Get In Out / tab:GATE IN","input","text","combobox","","",,,"react-select-mgm-input",,"False","False","False"
"https://mgm.ibos.io/inventory/gateInOut/create","create:Create Get In Out / tab:GATE IN","input","text",,"","","Vehicle Type","vehicleType",,,"False","False","False"
"https://mgm.ibos.io/inventory/gateInOut/create","create:Create Get In Out / tab:GATE IN","input","text",,"","","Vehicle Size","vehicleSize",,,"False","False","False"
"https://mgm.ibos.io/inventory/gateInOut/create","create:Create Get In Out / tab:GATE IN","input","text",,"","","Drive Name","driverName",,,"False","False","False"
"https://mgm.ibos.io/inventory/gateInOut/create","create:Create Get In Out / tab:GATE IN","input","text",,"","","Driver Mobile No","driverMobileNo",,,"False","False","False"
"https://mgm.ibos.io/inventory/gateInOut/create","create:Create Get In Out / tab:GATE IN","input","text",,"","","Visiting/ID Card No","visitingIdNo",,,"False","False","False"
"https://mgm.ibos.io/inventory/gateInOut/create","create:Create Get In Out / tab:GATE IN","input","text",,"","","Remarks","remarks",,,"False","False","False"
"https://mgm.ibos.io/inventory/gateInOut/create","create:Create Get In Out / tab:GATE IN","input","text","combobox","","",,,"react-select-mgm-input",,"False","False","False"
"https://mgm.ibos.io/inventory/gateInOut/create","create:Create Get In Out / tab:GATE IN","input","hidden",,"","",,"weightScaleUom",,,"False","False","False"
"https://mgm.ibos.io/inventory/gateInOut/create","create:Create Get In Out / tab:GATE IN","input","number",,"","","Weight Of Scale","weightOfScale",,,"False","False","False"
"https://mgm.ibos.io/inventory/gateInOut/create","create:Create Get In Out / tab:GATE IN","input","number",,"","","Weight Of After","weightOfScaleAfter",,,"False","False","False"
"https://mgm.ibos.io/inventory/gateInOut/create","create:Create Get In Out / tab:GATE IN","button","submit",,"","",,,,,"False","False",
"https://mgm.ibos.io/inventory/gateInOut/create","create:Create Get In Out / tab:GATE OUT","input","text",,"","","Go to page...",,,,"False","False","False"
"https://mgm.ibos.io/inventory/gateInOut/create","create:Create Get In Out / tab:GATE OUT","button","button",,"","",,,,,"False","False",
"https://mgm.ibos.io/inventory/gateInOut/create","create:Create Get In Out / tab:GATE OUT","button","button",,"","",,,,,"False","False",
"https://mgm.ibos.io/inventory/gateInOut/create","create:Create Get In Out / tab:GATE OUT","button","button",,"","",,,,,"False","False",
"https://mgm.ibos.io/inventory/gateInOut/create","create:Create Get In Out / tab:GATE OUT","button","button",,"","",,,,,"False","False",
"https://mgm.ibos.io/inventory/gateInOut/create","create:Create Get In Out / tab:GATE OUT","input",,"combobox","","",,,"react-select-mgm-input",,"False","False","False"
"https://mgm.ibos.io/inventory/gateInOut/create","create:Create Get In Out / tab:GATE OUT","input","hidden",,"","40513",,"branchList",,,"False","False","False"
"https://mgm.ibos.io/inventory/gateInOut/create","create:Create Get In Out / tab:GATE OUT","button","button",,"","",,,,,"False","False",
"https://mgm.ibos.io/inventory/gateInOut/create","create:Create Get In Out / tab:GATE OUT","button","submit",,"SAVE","",,,,,"False","False",
"https://mgm.ibos.io/inventory/gateInOut/create","create:Create Get In Out / tab:GATE OUT","input","radio",,"","Gate In",,"gateEntryType",,,"False","False","True"
"https://mgm.ibos.io/inventory/gateInOut/create","create:Create Get In Out / tab:GATE OUT","input","radio",,"","Gate Out",,"gateEntryType",,,"False","False","False"
"https://mgm.ibos.io/inventory/gateInOut/create","create:Create Get In Out / tab:GATE OUT","input","radio",,"","Visitor",,"gateEntryType",,,"False","False","False"
"https://mgm.ibos.io/inventory/gateInOut/create","create:Create Get In Out / tab:GATE OUT","input","datetime-local",,"","13/09/2026 09:38:08"," Date","date",,,"True","False","False"
"https://mgm.ibos.io/inventory/gateInOut/create","create:Create Get In Out / tab:GATE OUT","input","text","combobox","","",,,"react-select-mgm-input",,"False","False","False"
"https://mgm.ibos.io/inventory/gateInOut/create","create:Create Get In Out / tab:GATE OUT","input","hidden",,"","",,"office",,,"False","False","False"
"https://mgm.ibos.io/inventory/gateInOut/create","create:Create Get In Out / tab:GATE OUT","input","text","combobox","","",,,"react-select-mgm-input",,"False","False","False"
"https://mgm.ibos.io/inventory/gateInOut/create","create:Create Get In Out / tab:GATE OUT","input","hidden",,"","",,"referenceType",,,"False","False","False"
"https://mgm.ibos.io/inventory/gateInOut/create","create:Create Get In Out / tab:GATE OUT","input","text","combobox","","",,,"react-select-mgm-input",,"False","False","False"
"https://mgm.ibos.io/inventory/gateInOut/create","create:Create Get In Out / tab:GATE OUT","input","text",,"","","From Address","fromAddress",,,"False","False","False"
"https://mgm.ibos.io/inventory/gateInOut/create","create:Create Get In Out / tab:GATE OUT","input","text",,"","","To Address","toAddress",,,"False","False","False"
"https://mgm.ibos.io/inventory/gateInOut/create","create:Create Get In Out / tab:GATE OUT","button","button",,"Add New","",,,,,"False","False",
"https://mgm.ibos.io/inventory/gateInOut/create","create:Create Get In Out / tab:GATE OUT","input","text","combobox","","",,,"react-select-mgm-input",,"False","False","False"
"https://mgm.ibos.io/inventory/gateInOut/create","create:Create Get In Out / tab:GATE OUT","input","text",,"","","Vehicle Type","vehicleType",,,"False","False","False"
"https://mgm.ibos.io/inventory/gateInOut/create","create:Create Get In Out / tab:GATE OUT","input","text",,"","","Vehicle Size","vehicleSize",,,"False","False","False"
"https://mgm.ibos.io/inventory/gateInOut/create","create:Create Get In Out / tab:GATE OUT","input","text",,"","","Drive Name","driverName",,,"False","False","False"
"https://mgm.ibos.io/inventory/gateInOut/create","create:Create Get In Out / tab:GATE OUT","input","text",,"","","Driver Mobile No","driverMobileNo",,,"False","False","False"
"https://mgm.ibos.io/inventory/gateInOut/create","create:Create Get In Out / tab:GATE OUT","input","text",,"","","Visiting/ID Card No","visitingIdNo",,,"False","False","False"
"https://mgm.ibos.io/inventory/gateInOut/create","create:Create Get In Out / tab:GATE OUT","input","text",,"","","Remarks","remarks",,,"False","False","False"
"https://mgm.ibos.io/inventory/gateInOut/create","create:Create Get In Out / tab:GATE OUT","input","text","combobox","","",,,"react-select-mgm-input",,"False","False","False"
"https://mgm.ibos.io/inventory/gateInOut/create","create:Create Get In Out / tab:GATE OUT","input","hidden",,"","",,"weightScaleUom",,,"False","False","False"
"https://mgm.ibos.io/inventory/gateInOut/create","create:Create Get In Out / tab:GATE OUT","input","number",,"","","Weight Of Scale","weightOfScale",,,"False","False","False"
"https://mgm.ibos.io/inventory/gateInOut/create","create:Create Get In Out / tab:GATE OUT","input","number",,"","","Weight Of After","weightOfScaleAfter",,,"False","False","False"
"https://mgm.ibos.io/inventory/gateInOut/create","create:Create Get In Out / tab:GATE OUT","button","submit",,"","",,,,,"False","False",
"https://mgm.ibos.io/inventory/gateInOut/create","create:Create Get In Out / tab:VISITOR","input","text",,"","","Go to page...",,,,"False","False","False"
"https://mgm.ibos.io/inventory/gateInOut/create","create:Create Get In Out / tab:VISITOR","button","button",,"","",,,,,"False","False",
"https://mgm.ibos.io/inventory/gateInOut/create","create:Create Get In Out / tab:VISITOR","button","button",,"","",,,,,"False","False",
"https://mgm.ibos.io/inventory/gateInOut/create","create:Create Get In Out / tab:VISITOR","button","button",,"","",,,,,"False","False",
"https://mgm.ibos.io/inventory/gateInOut/create","create:Create Get In Out / tab:VISITOR","button","button",,"","",,,,,"False","False",
"https://mgm.ibos.io/inventory/gateInOut/create","create:Create Get In Out / tab:VISITOR","input",,"combobox","","",,,"react-select-mgm-input",,"False","False","False"
"https://mgm.ibos.io/inventory/gateInOut/create","create:Create Get In Out / tab:VISITOR","input","hidden",,"","40513",,"branchList",,,"False","False","False"
"https://mgm.ibos.io/inventory/gateInOut/create","create:Create Get In Out / tab:VISITOR","button","button",,"","",,,,,"False","False",
"https://mgm.ibos.io/inventory/gateInOut/create","create:Create Get In Out / tab:VISITOR","button","submit",,"SAVE","",,,,,"False","False",
"https://mgm.ibos.io/inventory/gateInOut/create","create:Create Get In Out / tab:VISITOR","input","radio",,"","Gate In",,"gateEntryType",,,"False","False","True"
"https://mgm.ibos.io/inventory/gateInOut/create","create:Create Get In Out / tab:VISITOR","input","radio",,"","Gate Out",,"gateEntryType",,,"False","False","False"
"https://mgm.ibos.io/inventory/gateInOut/create","create:Create Get In Out / tab:VISITOR","input","radio",,"","Visitor",,"gateEntryType",,,"False","False","False"
"https://mgm.ibos.io/inventory/gateInOut/create","create:Create Get In Out / tab:VISITOR","input","datetime-local",,"","13/09/2026 09:39:46"," Date","date",,,"True","False","False"
"https://mgm.ibos.io/inventory/gateInOut/create","create:Create Get In Out / tab:VISITOR","input","text","combobox","","",,,"react-select-mgm-input",,"False","False","False"
"https://mgm.ibos.io/inventory/gateInOut/create","create:Create Get In Out / tab:VISITOR","input","hidden",,"","",,"office",,,"False","False","False"
"https://mgm.ibos.io/inventory/gateInOut/create","create:Create Get In Out / tab:VISITOR","input","text","combobox","","",,,"react-select-mgm-input",,"False","False","False"
"https://mgm.ibos.io/inventory/gateInOut/create","create:Create Get In Out / tab:VISITOR","input","hidden",,"","",,"referenceType",,,"False","False","False"
"https://mgm.ibos.io/inventory/gateInOut/create","create:Create Get In Out / tab:VISITOR","input","text","combobox","","",,,"react-select-mgm-input",,"False","False","False"
"https://mgm.ibos.io/inventory/gateInOut/create","create:Create Get In Out / tab:VISITOR","input","text",,"","","From Address","fromAddress",,,"False","False","False"
"https://mgm.ibos.io/inventory/gateInOut/create","create:Create Get In Out / tab:VISITOR","input","text",,"","","To Address","toAddress",,,"False","False","False"
"https://mgm.ibos.io/inventory/gateInOut/create","create:Create Get In Out / tab:VISITOR","button","button",,"Add New","",,,,,"False","False",
"https://mgm.ibos.io/inventory/gateInOut/create","create:Create Get In Out / tab:VISITOR","input","text","combobox","","",,,"react-select-mgm-input",,"False","False","False"
"https://mgm.ibos.io/inventory/gateInOut/create","create:Create Get In Out / tab:VISITOR","input","text",,"","","Vehicle Type","vehicleType",,,"False","False","False"
"https://mgm.ibos.io/inventory/gateInOut/create","create:Create Get In Out / tab:VISITOR","input","text",,"","","Vehicle Size","vehicleSize",,,"False","False","False"
"https://mgm.ibos.io/inventory/gateInOut/create","create:Create Get In Out / tab:VISITOR","input","text",,"","","Drive Name","driverName",,,"False","False","False"
"https://mgm.ibos.io/inventory/gateInOut/create","create:Create Get In Out / tab:VISITOR","input","text",,"","","Driver Mobile No","driverMobileNo",,,"False","False","False"
"https://mgm.ibos.io/inventory/gateInOut/create","create:Create Get In Out / tab:VISITOR","input","text",,"","","Visiting/ID Card No","visitingIdNo",,,"False","False","False"
"https://mgm.ibos.io/inventory/gateInOut/create","create:Create Get In Out / tab:VISITOR","input","text",,"","","Remarks","remarks",,,"False","False","False"
"https://mgm.ibos.io/inventory/gateInOut/create","create:Create Get In Out / tab:VISITOR","input","text","combobox","","",,,"react-select-mgm-input",,"False","False","False"
"https://mgm.ibos.io/inventory/gateInOut/create","create:Create Get In Out / tab:VISITOR","input","hidden",,"","",,"weightScaleUom",,,"False","False","False"
"https://mgm.ibos.io/inventory/gateInOut/create","create:Create Get In Out / tab:VISITOR","input","number",,"","","Weight Of Scale","weightOfScale",,,"False","False","False"
"https://mgm.ibos.io/inventory/gateInOut/create","create:Create Get In Out / tab:VISITOR","input","number",,"","","Weight Of After","weightOfScaleAfter",,,"False","False","False"
"https://mgm.ibos.io/inventory/gateInOut/create","create:Create Get In Out / tab:VISITOR","button","submit",,"","",,,,,"False","False",
"https://mgm.ibos.io/inventory/qcManagement/create","create:Create","input","text",,"","","Go to page...",,,,"False","False","False"
"https://mgm.ibos.io/inventory/qcManagement/create","create:Create","button","button",,"","",,,,,"False","False",
"https://mgm.ibos.io/inventory/qcManagement/create","create:Create","button","button",,"","",,,,,"False","False",
"https://mgm.ibos.io/inventory/qcManagement/create","create:Create","button","button",,"","",,,,,"False","False",
"https://mgm.ibos.io/inventory/qcManagement/create","create:Create","button","button",,"","",,,,,"False","False",
"https://mgm.ibos.io/inventory/qcManagement/create","create:Create","input",,"combobox","","",,,"react-select-mgm-input",,"False","False","False"
"https://mgm.ibos.io/inventory/qcManagement/create","create:Create","input","hidden",,"","40513",,"branchList",,,"False","False","False"
"https://mgm.ibos.io/inventory/qcManagement/create","create:Create","button","button",,"","",,,,,"False","False",
"https://mgm.ibos.io/inventory/qcManagement/create","create:Create","button","submit",,"SAVE","",,,,,"False","False",
"https://mgm.ibos.io/inventory/qcManagement/create","create:Create","input","radio",,"","From PO",,"referenceType",,,"False","False","True"
"https://mgm.ibos.io/inventory/qcManagement/create","create:Create","input","radio",,"","From Production",,"referenceType",,,"False","False","False"
"https://mgm.ibos.io/inventory/qcManagement/create","create:Create","input","date",,"","2026-09-13","Date","date",,,"False","False","False"
"https://mgm.ibos.io/inventory/qcManagement/create","create:Create","input","text","combobox","","",,,"react-select-mgm-input",,"False","False","False"
"https://mgm.ibos.io/inventory/qcManagement/create","create:Create","input","hidden",,"","",,"office",,,"False","False","False"
"https://mgm.ibos.io/inventory/qcManagement/create","create:Create","input","text","combobox","","",,,"react-select-mgm-input",,"False","False","False"
"https://mgm.ibos.io/inventory/qcManagement/create","create:Create","button","button",,"Add New","",,,,,"False","False",
"https://mgm.ibos.io/inventory/qcManagement/create","create:Create","input","text","combobox","","",,,"react-select-mgm-input",,"False","False","False"
"https://mgm.ibos.io/inventory/qcManagement/create","create:Create","input","hidden",,"","",,"cryteriaOrScale",,,"False","False","False"
"https://mgm.ibos.io/inventory/qcManagement/create","create:Create","input","file",,"","",,,"file",,"False","False","False"
"https://mgm.ibos.io/inventory/qcManagement/create","create:Create","button","submit",,"","",,,,,"False","False",
"https://mgm.ibos.io/inventory/stock-adjustment","create:Create","input","text",,"","","Go to page...",,,,"False","False","False"
"https://mgm.ibos.io/inventory/stock-adjustment","create:Create","button","button",,"","",,,,,"False","False",
"https://mgm.ibos.io/inventory/stock-adjustment","create:Create","button","button",,"","",,,,,"False","False",
"https://mgm.ibos.io/inventory/stock-adjustment","create:Create","button","button",,"","",,,,,"False","False",
"https://mgm.ibos.io/inventory/stock-adjustment","create:Create","button","button",,"","",,,,,"False","False",
"https://mgm.ibos.io/inventory/stock-adjustment","create:Create","input",,"combobox","","",,,"react-select-mgm-input",,"False","False","False"
"https://mgm.ibos.io/inventory/stock-adjustment","create:Create","input","hidden",,"","40513",,"branchList",,,"False","False","False"
"https://mgm.ibos.io/inventory/stock-adjustment","create:Create","input","text",,"","","Search....",,,,"False","False","False"
"https://mgm.ibos.io/inventory/stock-adjustment","create:Create","button","button",,"","",,,,,"False","False",
"https://mgm.ibos.io/inventory/stock-adjustment","create:Create","button","button",,"Create","",,,"demo-positioned-button",,"False","False",
"https://mgm.ibos.io/inventory/stock-adjustment","create:Create","input","text","combobox","","",,,"react-select-mgm-input",,"False","False","False"
"https://mgm.ibos.io/inventory/stock-adjustment","create:Create","input","hidden",,"","",,"office",,,"False","False","False"
"https://mgm.ibos.io/inventory/stock-adjustment","create:Create","input","text","combobox","","",,,"react-select-mgm-input",,"False","False","False"
"https://mgm.ibos.io/inventory/stock-adjustment","create:Create","input","hidden",,"","",,"type",,,"False","False","False"
"https://mgm.ibos.io/inventory/stock-adjustment","create:Create","input","date",,"","2026-08-13","From Date","fromDate",,,"False","False","False"
"https://mgm.ibos.io/inventory/stock-adjustment","create:Create","input","date",,"","2026-09-13","To Date","toDate",,,"False","False","False"
"https://mgm.ibos.io/inventory/stock-adjustment","create:Create","input","text","combobox","","",,,"react-select-mgm-input",,"False","False","False"
"https://mgm.ibos.io/inventory/stock-adjustment","create:Create","input","hidden",,"","",,"status",,,"False","False","False"
"https://mgm.ibos.io/inventory/stock-adjustment","create:Create","button","button",,"View","",,,,,"False","False",
"https://mgm.ibos.io/postcrm/serviceAgreement/create","create:CREATE SERVICE AGREEMENT","input","text",,"","","Go to page...",,,,"False","False","False"
"https://mgm.ibos.io/postcrm/serviceAgreement/create","create:CREATE SERVICE AGREEMENT","button","button",,"","",,,,,"False","False",
"https://mgm.ibos.io/postcrm/serviceAgreement/create","create:CREATE SERVICE AGREEMENT","button","button",,"","",,,,,"False","False",
"https://mgm.ibos.io/postcrm/serviceAgreement/create","create:CREATE SERVICE AGREEMENT","button","button",,"","",,,,,"False","False",
"https://mgm.ibos.io/postcrm/serviceAgreement/create","create:CREATE SERVICE AGREEMENT","button","button",,"","",,,,,"False","False",
"https://mgm.ibos.io/postcrm/serviceAgreement/create","create:CREATE SERVICE AGREEMENT","input",,"combobox","","",,,"react-select-mgm-input",,"False","False","False"
"https://mgm.ibos.io/postcrm/serviceAgreement/create","create:CREATE SERVICE AGREEMENT","input","hidden",,"","40513",,"branchList",,,"False","False","False"
"https://mgm.ibos.io/postcrm/serviceAgreement/create","create:CREATE SERVICE AGREEMENT","button","button",,"","",,,,,"False","False",
"https://mgm.ibos.io/postcrm/serviceAgreement/create","create:CREATE SERVICE AGREEMENT","button","submit",,"SAVE","",,,,,"False","False",
"https://mgm.ibos.io/postcrm/serviceAgreement/create","create:CREATE SERVICE AGREEMENT","input","text","combobox","","",,,"react-select-mgm-input",,"False","False","False"
"https://mgm.ibos.io/postcrm/serviceAgreement/create","create:CREATE SERVICE AGREEMENT","input","hidden",,"","",,"office",,,"False","False","False"
"https://mgm.ibos.io/postcrm/serviceAgreement/create","create:CREATE SERVICE AGREEMENT","input","text","combobox","","",,,"react-select-mgm-input",,"False","False","False"
"https://mgm.ibos.io/postcrm/serviceAgreement/create","create:CREATE SERVICE AGREEMENT","input","hidden",,"","",,"customer",,,"False","False","False"
"https://mgm.ibos.io/postcrm/serviceAgreement/create","create:CREATE SERVICE AGREEMENT","input","text","combobox","","",,,"react-select-mgm-input",,"False","False","False"
"https://mgm.ibos.io/postcrm/serviceAgreement/create","create:CREATE SERVICE AGREEMENT","input","hidden",,"","",,"order",,,"False","False","False"
"https://mgm.ibos.io/postcrm/serviceAgreement/create","create:CREATE SERVICE AGREEMENT","input","text","combobox","","",,,"react-select-mgm-input",,"False","False","False"
"https://mgm.ibos.io/postcrm/serviceAgreement/create","create:CREATE SERVICE AGREEMENT","input","hidden",,"","",,"department",,,"False","False","False"
"https://mgm.ibos.io/postcrm/serviceAgreement/create","create:CREATE SERVICE AGREEMENT","input","text","combobox","","",,,"react-select-mgm-input",,"False","False","False"
"https://mgm.ibos.io/postcrm/serviceAgreement/create","create:CREATE SERVICE AGREEMENT","input","hidden",,"","",,"project",,,"False","False","False"
"https://mgm.ibos.io/postcrm/serviceAgreement/create","create:CREATE SERVICE AGREEMENT","input","text","combobox","","",,,"react-select-mgm-input",,"False","False","False"
"https://mgm.ibos.io/postcrm/serviceAgreement/create","create:CREATE SERVICE AGREEMENT","input","hidden",,"","",,"category",,,"False","False","False"
"https://mgm.ibos.io/postcrm/serviceAgreement/create","create:CREATE SERVICE AGREEMENT","input","text","combobox","","",,,"react-select-mgm-input",,"False","False","False"
"https://mgm.ibos.io/postcrm/serviceAgreement/create","create:CREATE SERVICE AGREEMENT","input","hidden",,"","",,"subCategory",,,"False","False","False"
"https://mgm.ibos.io/postcrm/serviceAgreement/create","create:CREATE SERVICE AGREEMENT","input","text","combobox","","",,,"react-select-mgm-input",,"False","False","False"
"https://mgm.ibos.io/postcrm/serviceAgreement/create","create:CREATE SERVICE AGREEMENT","input","hidden",,"","",,"minorCategory",,,"False","False","False"
"https://mgm.ibos.io/postcrm/serviceAgreement/create","create:CREATE SERVICE AGREEMENT","input","checkbox",,"","on",,"isCheck",,,"False","False","True"
"https://mgm.ibos.io/postcrm/serviceAgreement/create","create:CREATE SERVICE AGREEMENT","input","text","combobox","","",,,"react-select-mgm-input",,"False","False","False"
"https://mgm.ibos.io/postcrm/serviceAgreement/create","create:CREATE SERVICE AGREEMENT","input","text","combobox","","",,,"react-select-mgm-input",,"False","False","False"
"https://mgm.ibos.io/postcrm/serviceAgreement/create","create:CREATE SERVICE AGREEMENT","input","hidden",,"","",,"serviceType",,,"False","False","False"
"https://mgm.ibos.io/postcrm/serviceAgreement/create","create:CREATE SERVICE AGREEMENT","input","number",,"","","No Of Service","serviceNo",,,"False","False","False"
"https://mgm.ibos.io/postcrm/serviceAgreement/create","create:CREATE SERVICE AGREEMENT","input","text","combobox","","",,,"react-select-mgm-input",,"False","False","False"
"https://mgm.ibos.io/postcrm/serviceAgreement/create","create:CREATE SERVICE AGREEMENT","input","hidden",,"","",,"occerenceType",,,"False","False","False"
"https://mgm.ibos.io/postcrm/serviceAgreement/create","create:CREATE SERVICE AGREEMENT","input","text","combobox","","",,,"react-select-mgm-input",,"False","False","False"
"https://mgm.ibos.io/postcrm/serviceAgreement/create","create:CREATE SERVICE AGREEMENT","input","hidden",,"","",,"occerence",,,"False","False","False"
"https://mgm.ibos.io/postcrm/serviceAgreement/create","create:CREATE SERVICE AGREEMENT","input","text","combobox","","",,,"react-select-mgm-input",,"False","False","False"
"https://mgm.ibos.io/postcrm/serviceAgreement/create","create:CREATE SERVICE AGREEMENT","input","hidden",,"","",,"priceType",,,"False","False","False"
"https://mgm.ibos.io/postcrm/serviceAgreement/create","create:CREATE SERVICE AGREEMENT","input","number",,"","","Price","price",,,"False","False","False"
"https://mgm.ibos.io/postcrm/serviceAgreement/create","create:CREATE SERVICE AGREEMENT","input","date",,"","","Start Date","startDate",,,"False","False","False"
"https://mgm.ibos.io/postcrm/serviceAgreement/create","create:CREATE SERVICE AGREEMENT","input","date",,"","","Valid To","validTo",,,"False","False","False"
"https://mgm.ibos.io/postcrm/serviceAgreement/create","create:CREATE SERVICE AGREEMENT","span",,"button","",,,,,,"False","False",
"https://mgm.ibos.io/postcrm/serviceAgreement/create","create:CREATE SERVICE AGREEMENT","span",,"button","",,,,,,"False","False",
"https://mgm.ibos.io/postcrm/serviceAgreement/create","create:CREATE SERVICE AGREEMENT","span",,"button","",,,,,,"False","False",
"https://mgm.ibos.io/postcrm/serviceAgreement/create","create:CREATE SERVICE AGREEMENT","span",,"button","",,,,,,"False","False",
"https://mgm.ibos.io/postcrm/serviceAgreement/create","create:CREATE SERVICE AGREEMENT","span",,"button","",,,,,,"False","False",
"https://mgm.ibos.io/postcrm/serviceAgreement/create","create:CREATE SERVICE AGREEMENT","select",,,"","",,,,,"False","False",
"https://mgm.ibos.io/postcrm/serviceAgreement/create","create:CREATE SERVICE AGREEMENT","button","button",,"","",,,,,"False","False",
"https://mgm.ibos.io/postcrm/serviceAgreement/create","create:CREATE SERVICE AGREEMENT","button","button",,"","",,,,,"False","False",
"https://mgm.ibos.io/postcrm/serviceAgreement/create","create:CREATE SERVICE AGREEMENT","button","button",,"","",,,,,"False","False",
"https://mgm.ibos.io/postcrm/serviceAgreement/create","create:CREATE SERVICE AGREEMENT","button","button",,"","",,,,,"False","False",
"https://mgm.ibos.io/postcrm/serviceAgreement/create","create:CREATE SERVICE AGREEMENT","button","button",,"","ordered",,,,,"False","False",
"https://mgm.ibos.io/postcrm/serviceAgreement/create","create:CREATE SERVICE AGREEMENT","button","button",,"","bullet",,,,,"False","False",
"https://mgm.ibos.io/postcrm/serviceAgreement/create","create:CREATE SERVICE AGREEMENT","button","button",,"","",,,,,"False","False",
"https://mgm.ibos.io/postcrm/serviceAgreement/create","create:CREATE SERVICE AGREEMENT","input","text",,"","",,,,,"False","False","False"
"https://mgm.ibos.io/postcrm/serviceAgreement/create","create:CREATE SERVICE AGREEMENT","button","button",,"Add","",,,,,"False","False",
"https://mgm.ibos.io/postcrm/serviceAgreement/create","create:CREATE SERVICE AGREEMENT","button","submit",,"","",,,,,"False","False",
"https://mgm.ibos.io/postcrm/serviceAgreement/create","create:CREATE SERVICE AGREEMENT","button","reset",,"","",,,,,"False","False",
"https://mgm.ibos.io/postcrm/serviceAgreement/create","create:CREATE SERVICE AGREEMENT / tab:SERVICE AGREEMENT","input","text",,"","","Go to page...",,,,"False","False","False"
"https://mgm.ibos.io/postcrm/serviceAgreement/create","create:CREATE SERVICE AGREEMENT / tab:SERVICE AGREEMENT","button","button",,"","",,,,,"False","False",
"https://mgm.ibos.io/postcrm/serviceAgreement/create","create:CREATE SERVICE AGREEMENT / tab:SERVICE AGREEMENT","button","button",,"","",,,,,"False","False",
"https://mgm.ibos.io/postcrm/serviceAgreement/create","create:CREATE SERVICE AGREEMENT / tab:SERVICE AGREEMENT","button","button",,"","",,,,,"False","False",
"https://mgm.ibos.io/postcrm/serviceAgreement/create","create:CREATE SERVICE AGREEMENT / tab:SERVICE AGREEMENT","button","button",,"","",,,,,"False","False",
"https://mgm.ibos.io/postcrm/serviceAgreement/create","create:CREATE SERVICE AGREEMENT / tab:SERVICE AGREEMENT","input",,"combobox","","",,,"react-select-mgm-input",,"False","False","False"
"https://mgm.ibos.io/postcrm/serviceAgreement/create","create:CREATE SERVICE AGREEMENT / tab:SERVICE AGREEMENT","input","hidden",,"","40513",,"branchList",,,"False","False","False"
"https://mgm.ibos.io/postcrm/serviceAgreement/create","create:CREATE SERVICE AGREEMENT / tab:SERVICE AGREEMENT","button","button",,"","",,,,,"False","False",
"https://mgm.ibos.io/postcrm/serviceAgreement/create","create:CREATE SERVICE AGREEMENT / tab:SERVICE AGREEMENT","button","submit",,"SAVE","",,,,,"False","False",
"https://mgm.ibos.io/postcrm/serviceAgreement/create","create:CREATE SERVICE AGREEMENT / tab:SERVICE AGREEMENT","input","text","combobox","","",,,"react-select-mgm-input",,"False","False","False"
"https://mgm.ibos.io/postcrm/serviceAgreement/create","create:CREATE SERVICE AGREEMENT / tab:SERVICE AGREEMENT","input","hidden",,"","",,"office",,,"False","False","False"
"https://mgm.ibos.io/postcrm/serviceAgreement/create","create:CREATE SERVICE AGREEMENT / tab:SERVICE AGREEMENT","input","text","combobox","","",,,"react-select-mgm-input",,"False","False","False"
"https://mgm.ibos.io/postcrm/serviceAgreement/create","create:CREATE SERVICE AGREEMENT / tab:SERVICE AGREEMENT","input","hidden",,"","",,"customer",,,"False","False","False"
"https://mgm.ibos.io/postcrm/serviceAgreement/create","create:CREATE SERVICE AGREEMENT / tab:SERVICE AGREEMENT","input","text","combobox","","",,,"react-select-mgm-input",,"False","False","False"
"https://mgm.ibos.io/postcrm/serviceAgreement/create","create:CREATE SERVICE AGREEMENT / tab:SERVICE AGREEMENT","input","hidden",,"","",,"order",,,"False","False","False"
"https://mgm.ibos.io/postcrm/serviceAgreement/create","create:CREATE SERVICE AGREEMENT / tab:SERVICE AGREEMENT","input","text","combobox","","",,,"react-select-mgm-input",,"False","False","False"
"https://mgm.ibos.io/postcrm/serviceAgreement/create","create:CREATE SERVICE AGREEMENT / tab:SERVICE AGREEMENT","input","hidden",,"","",,"department",,,"False","False","False"
"https://mgm.ibos.io/postcrm/serviceAgreement/create","create:CREATE SERVICE AGREEMENT / tab:SERVICE AGREEMENT","input","text","combobox","","",,,"react-select-mgm-input",,"False","False","False"
"https://mgm.ibos.io/postcrm/serviceAgreement/create","create:CREATE SERVICE AGREEMENT / tab:SERVICE AGREEMENT","input","hidden",,"","",,"project",,,"False","False","False"
"https://mgm.ibos.io/postcrm/serviceAgreement/create","create:CREATE SERVICE AGREEMENT / tab:SERVICE AGREEMENT","input","text","combobox","","",,,"react-select-mgm-input",,"False","False","False"
"https://mgm.ibos.io/postcrm/serviceAgreement/create","create:CREATE SERVICE AGREEMENT / tab:SERVICE AGREEMENT","input","hidden",,"","",,"category",,,"False","False","False"
"https://mgm.ibos.io/postcrm/serviceAgreement/create","create:CREATE SERVICE AGREEMENT / tab:SERVICE AGREEMENT","input","text","combobox","","",,,"react-select-mgm-input",,"False","False","False"
"https://mgm.ibos.io/postcrm/serviceAgreement/create","create:CREATE SERVICE AGREEMENT / tab:SERVICE AGREEMENT","input","hidden",,"","",,"subCategory",,,"False","False","False"
"https://mgm.ibos.io/postcrm/serviceAgreement/create","create:CREATE SERVICE AGREEMENT / tab:SERVICE AGREEMENT","input","text","combobox","","",,,"react-select-mgm-input",,"False","False","False"
"https://mgm.ibos.io/postcrm/serviceAgreement/create","create:CREATE SERVICE AGREEMENT / tab:SERVICE AGREEMENT","input","hidden",,"","",,"minorCategory",,,"False","False","False"
"https://mgm.ibos.io/postcrm/serviceAgreement/create","create:CREATE SERVICE AGREEMENT / tab:SERVICE AGREEMENT","input","checkbox",,"","on",,"isCheck",,,"False","False","True"
"https://mgm.ibos.io/postcrm/serviceAgreement/create","create:CREATE SERVICE AGREEMENT / tab:SERVICE AGREEMENT","input","text","combobox","","",,,"react-select-mgm-input",,"False","False","False"
"https://mgm.ibos.io/postcrm/serviceAgreement/create","create:CREATE SERVICE AGREEMENT / tab:SERVICE AGREEMENT","input","text","combobox","","",,,"react-select-mgm-input",,"False","False","False"
"https://mgm.ibos.io/postcrm/serviceAgreement/create","create:CREATE SERVICE AGREEMENT / tab:SERVICE AGREEMENT","input","hidden",,"","",,"serviceType",,,"False","False","False"
"https://mgm.ibos.io/postcrm/serviceAgreement/create","create:CREATE SERVICE AGREEMENT / tab:SERVICE AGREEMENT","input","number",,"","","No Of Service","serviceNo",,,"False","False","False"
"https://mgm.ibos.io/postcrm/serviceAgreement/create","create:CREATE SERVICE AGREEMENT / tab:SERVICE AGREEMENT","input","text","combobox","","",,,"react-select-mgm-input",,"False","False","False"
"https://mgm.ibos.io/postcrm/serviceAgreement/create","create:CREATE SERVICE AGREEMENT / tab:SERVICE AGREEMENT","input","hidden",,"","",,"occerenceType",,,"False","False","False"
"https://mgm.ibos.io/postcrm/serviceAgreement/create","create:CREATE SERVICE AGREEMENT / tab:SERVICE AGREEMENT","input","text","combobox","","",,,"react-select-mgm-input",,"False","False","False"
"https://mgm.ibos.io/postcrm/serviceAgreement/create","create:CREATE SERVICE AGREEMENT / tab:SERVICE AGREEMENT","input","hidden",,"","",,"occerence",,,"False","False","False"
"https://mgm.ibos.io/postcrm/serviceAgreement/create","create:CREATE SERVICE AGREEMENT / tab:SERVICE AGREEMENT","input","text","combobox","","",,,"react-select-mgm-input",,"False","False","False"
"https://mgm.ibos.io/postcrm/serviceAgreement/create","create:CREATE SERVICE AGREEMENT / tab:SERVICE AGREEMENT","input","hidden",,"","",,"priceType",,,"False","False","False"
"https://mgm.ibos.io/postcrm/serviceAgreement/create","create:CREATE SERVICE AGREEMENT / tab:SERVICE AGREEMENT","input","number",,"","","Price","price",,,"False","False","False"
"https://mgm.ibos.io/postcrm/serviceAgreement/create","create:CREATE SERVICE AGREEMENT / tab:SERVICE AGREEMENT","input","date",,"","","Start Date","startDate",,,"False","False","False"
"https://mgm.ibos.io/postcrm/serviceAgreement/create","create:CREATE SERVICE AGREEMENT / tab:SERVICE AGREEMENT","input","date",,"","","Valid To","validTo",,,"False","False","False"
"https://mgm.ibos.io/postcrm/serviceAgreement/create","create:CREATE SERVICE AGREEMENT / tab:SERVICE AGREEMENT","span",,"button","",,,,,,"False","False",
"https://mgm.ibos.io/postcrm/serviceAgreement/create","create:CREATE SERVICE AGREEMENT / tab:SERVICE AGREEMENT","span",,"button","",,,,,,"False","False",
"https://mgm.ibos.io/postcrm/serviceAgreement/create","create:CREATE SERVICE AGREEMENT / tab:SERVICE AGREEMENT","span",,"button","",,,,,,"False","False",
"https://mgm.ibos.io/postcrm/serviceAgreement/create","create:CREATE SERVICE AGREEMENT / tab:SERVICE AGREEMENT","span",,"button","",,,,,,"False","False",
"https://mgm.ibos.io/postcrm/serviceAgreement/create","create:CREATE SERVICE AGREEMENT / tab:SERVICE AGREEMENT","span",,"button","",,,,,,"False","False",
"https://mgm.ibos.io/postcrm/serviceAgreement/create","create:CREATE SERVICE AGREEMENT / tab:SERVICE AGREEMENT","select",,,"","",,,,,"False","False",
"https://mgm.ibos.io/postcrm/serviceAgreement/create","create:CREATE SERVICE AGREEMENT / tab:SERVICE AGREEMENT","button","button",,"","",,,,,"False","False",
"https://mgm.ibos.io/postcrm/serviceAgreement/create","create:CREATE SERVICE AGREEMENT / tab:SERVICE AGREEMENT","button","button",,"","",,,,,"False","False",
"https://mgm.ibos.io/postcrm/serviceAgreement/create","create:CREATE SERVICE AGREEMENT / tab:SERVICE AGREEMENT","button","button",,"","",,,,,"False","False",
"https://mgm.ibos.io/postcrm/serviceAgreement/create","create:CREATE SERVICE AGREEMENT / tab:SERVICE AGREEMENT","button","button",,"","",,,,,"False","False",
"https://mgm.ibos.io/postcrm/serviceAgreement/create","create:CREATE SERVICE AGREEMENT / tab:SERVICE AGREEMENT","button","button",,"","ordered",,,,,"False","False",
"https://mgm.ibos.io/postcrm/serviceAgreement/create","create:CREATE SERVICE AGREEMENT / tab:SERVICE AGREEMENT","button","button",,"","bullet",,,,,"False","False",
"https://mgm.ibos.io/postcrm/serviceAgreement/create","create:CREATE SERVICE AGREEMENT / tab:SERVICE AGREEMENT","button","button",,"","",,,,,"False","False",
"https://mgm.ibos.io/postcrm/serviceAgreement/create","create:CREATE SERVICE AGREEMENT / tab:SERVICE AGREEMENT","input","text",,"","",,,,,"False","False","False"
"https://mgm.ibos.io/postcrm/serviceAgreement/create","create:CREATE SERVICE AGREEMENT / tab:SERVICE AGREEMENT","button","button",,"Add","",,,,,"False","False",
"https://mgm.ibos.io/postcrm/serviceAgreement/create","create:CREATE SERVICE AGREEMENT / tab:SERVICE AGREEMENT","button","submit",,"","",,,,,"False","False",
"https://mgm.ibos.io/postcrm/serviceAgreement/create","create:CREATE SERVICE AGREEMENT / tab:SERVICE AGREEMENT","button","reset",,"","",,,,,"False","False",
"https://mgm.ibos.io/postcrm/serviceAgreement/create","create:CREATE SERVICE AGREEMENT / tab:SERVICE DUE","input","text",,"","","Go to page...",,,,"False","False","False"
"https://mgm.ibos.io/postcrm/serviceAgreement/create","create:CREATE SERVICE AGREEMENT / tab:SERVICE DUE","button","button",,"","",,,,,"False","False",
"https://mgm.ibos.io/postcrm/serviceAgreement/create","create:CREATE SERVICE AGREEMENT / tab:SERVICE DUE","button","button",,"","",,,,,"False","False",
"https://mgm.ibos.io/postcrm/serviceAgreement/create","create:CREATE SERVICE AGREEMENT / tab:SERVICE DUE","button","button",,"","",,,,,"False","False",
"https://mgm.ibos.io/postcrm/serviceAgreement/create","create:CREATE SERVICE AGREEMENT / tab:SERVICE DUE","button","button",,"","",,,,,"False","False",
"https://mgm.ibos.io/postcrm/serviceAgreement/create","create:CREATE SERVICE AGREEMENT / tab:SERVICE DUE","input",,"combobox","","",,,"react-select-mgm-input",,"False","False","False"
"https://mgm.ibos.io/postcrm/serviceAgreement/create","create:CREATE SERVICE AGREEMENT / tab:SERVICE DUE","input","hidden",,"","40513",,"branchList",,,"False","False","False"
"https://mgm.ibos.io/postcrm/serviceAgreement/create","create:CREATE SERVICE AGREEMENT / tab:SERVICE DUE","button","button",,"","",,,,,"False","False",
"https://mgm.ibos.io/postcrm/serviceAgreement/create","create:CREATE SERVICE AGREEMENT / tab:SERVICE DUE","button","submit",,"SAVE","",,,,,"False","False",
"https://mgm.ibos.io/postcrm/serviceAgreement/create","create:CREATE SERVICE AGREEMENT / tab:SERVICE DUE","input","text","combobox","","",,,"react-select-mgm-input",,"False","False","False"
"https://mgm.ibos.io/postcrm/serviceAgreement/create","create:CREATE SERVICE AGREEMENT / tab:SERVICE DUE","input","hidden",,"","",,"office",,,"False","False","False"
"https://mgm.ibos.io/postcrm/serviceAgreement/create","create:CREATE SERVICE AGREEMENT / tab:SERVICE DUE","input","text","combobox","","",,,"react-select-mgm-input",,"False","False","False"
"https://mgm.ibos.io/postcrm/serviceAgreement/create","create:CREATE SERVICE AGREEMENT / tab:SERVICE DUE","input","hidden",,"","",,"customer",,,"False","False","False"
"https://mgm.ibos.io/postcrm/serviceAgreement/create","create:CREATE SERVICE AGREEMENT / tab:SERVICE DUE","input","text","combobox","","",,,"react-select-mgm-input",,"False","False","False"
"https://mgm.ibos.io/postcrm/serviceAgreement/create","create:CREATE SERVICE AGREEMENT / tab:SERVICE DUE","input","hidden",,"","",,"order",,,"False","False","False"
"https://mgm.ibos.io/postcrm/serviceAgreement/create","create:CREATE SERVICE AGREEMENT / tab:SERVICE DUE","input","text","combobox","","",,,"react-select-mgm-input",,"False","False","False"
"https://mgm.ibos.io/postcrm/serviceAgreement/create","create:CREATE SERVICE AGREEMENT / tab:SERVICE DUE","input","hidden",,"","",,"department",,,"False","False","False"
"https://mgm.ibos.io/postcrm/serviceAgreement/create","create:CREATE SERVICE AGREEMENT / tab:SERVICE DUE","input","text","combobox","","",,,"react-select-mgm-input",,"False","False","False"
"https://mgm.ibos.io/postcrm/serviceAgreement/create","create:CREATE SERVICE AGREEMENT / tab:SERVICE DUE","input","hidden",,"","",,"project",,,"False","False","False"
"https://mgm.ibos.io/postcrm/serviceAgreement/create","create:CREATE SERVICE AGREEMENT / tab:SERVICE DUE","input","text","combobox","","",,,"react-select-mgm-input",,"False","False","False"
"https://mgm.ibos.io/postcrm/serviceAgreement/create","create:CREATE SERVICE AGREEMENT / tab:SERVICE DUE","input","hidden",,"","",,"category",,,"False","False","False"
"https://mgm.ibos.io/postcrm/serviceAgreement/create","create:CREATE SERVICE AGREEMENT / tab:SERVICE DUE","input","text","combobox","","",,,"react-select-mgm-input",,"False","False","False"
"https://mgm.ibos.io/postcrm/serviceAgreement/create","create:CREATE SERVICE AGREEMENT / tab:SERVICE DUE","input","hidden",,"","",,"subCategory",,,"False","False","False"
"https://mgm.ibos.io/postcrm/serviceAgreement/create","create:CREATE SERVICE AGREEMENT / tab:SERVICE DUE","input","text","combobox","","",,,"react-select-mgm-input",,"False","False","False"
"https://mgm.ibos.io/postcrm/serviceAgreement/create","create:CREATE SERVICE AGREEMENT / tab:SERVICE DUE","input","hidden",,"","",,"minorCategory",,,"False","False","False"
"https://mgm.ibos.io/postcrm/serviceAgreement/create","create:CREATE SERVICE AGREEMENT / tab:SERVICE DUE","input","checkbox",,"","on",,"isCheck",,,"False","False","True"
"https://mgm.ibos.io/postcrm/serviceAgreement/create","create:CREATE SERVICE AGREEMENT / tab:SERVICE DUE","input","text","combobox","","",,,"react-select-mgm-input",,"False","False","False"
"https://mgm.ibos.io/postcrm/serviceAgreement/create","create:CREATE SERVICE AGREEMENT / tab:SERVICE DUE","input","text","combobox","","",,,"react-select-mgm-input",,"False","False","False"
"https://mgm.ibos.io/postcrm/serviceAgreement/create","create:CREATE SERVICE AGREEMENT / tab:SERVICE DUE","input","hidden",,"","",,"serviceType",,,"False","False","False"
"https://mgm.ibos.io/postcrm/serviceAgreement/create","create:CREATE SERVICE AGREEMENT / tab:SERVICE DUE","input","number",,"","","No Of Service","serviceNo",,,"False","False","False"
"https://mgm.ibos.io/postcrm/serviceAgreement/create","create:CREATE SERVICE AGREEMENT / tab:SERVICE DUE","input","text","combobox","","",,,"react-select-mgm-input",,"False","False","False"
"https://mgm.ibos.io/postcrm/serviceAgreement/create","create:CREATE SERVICE AGREEMENT / tab:SERVICE DUE","input","hidden",,"","",,"occerenceType",,,"False","False","False"
"https://mgm.ibos.io/postcrm/serviceAgreement/create","create:CREATE SERVICE AGREEMENT / tab:SERVICE DUE","input","text","combobox","","",,,"react-select-mgm-input",,"False","False","False"
"https://mgm.ibos.io/postcrm/serviceAgreement/create","create:CREATE SERVICE AGREEMENT / tab:SERVICE DUE","input","hidden",,"","",,"occerence",,,"False","False","False"
"https://mgm.ibos.io/postcrm/serviceAgreement/create","create:CREATE SERVICE AGREEMENT / tab:SERVICE DUE","input","text","combobox","","",,,"react-select-mgm-input",,"False","False","False"
"https://mgm.ibos.io/postcrm/serviceAgreement/create","create:CREATE SERVICE AGREEMENT / tab:SERVICE DUE","input","hidden",,"","",,"priceType",,,"False","False","False"
"https://mgm.ibos.io/postcrm/serviceAgreement/create","create:CREATE SERVICE AGREEMENT / tab:SERVICE DUE","input","number",,"","","Price","price",,,"False","False","False"
"https://mgm.ibos.io/postcrm/serviceAgreement/create","create:CREATE SERVICE AGREEMENT / tab:SERVICE DUE","input","date",,"","","Start Date","startDate",,,"False","False","False"
"https://mgm.ibos.io/postcrm/serviceAgreement/create","create:CREATE SERVICE AGREEMENT / tab:SERVICE DUE","input","date",,"","","Valid To","validTo",,,"False","False","False"
"https://mgm.ibos.io/postcrm/serviceAgreement/create","create:CREATE SERVICE AGREEMENT / tab:SERVICE DUE","span",,"button","",,,,,,"False","False",
"https://mgm.ibos.io/postcrm/serviceAgreement/create","create:CREATE SERVICE AGREEMENT / tab:SERVICE DUE","span",,"button","",,,,,,"False","False",
"https://mgm.ibos.io/postcrm/serviceAgreement/create","create:CREATE SERVICE AGREEMENT / tab:SERVICE DUE","span",,"button","",,,,,,"False","False",
"https://mgm.ibos.io/postcrm/serviceAgreement/create","create:CREATE SERVICE AGREEMENT / tab:SERVICE DUE","span",,"button","",,,,,,"False","False",
"https://mgm.ibos.io/postcrm/serviceAgreement/create","create:CREATE SERVICE AGREEMENT / tab:SERVICE DUE","span",,"button","",,,,,,"False","False",
"https://mgm.ibos.io/postcrm/serviceAgreement/create","create:CREATE SERVICE AGREEMENT / tab:SERVICE DUE","select",,,"","",,,,,"False","False",
"https://mgm.ibos.io/postcrm/serviceAgreement/create","create:CREATE SERVICE AGREEMENT / tab:SERVICE DUE","button","button",,"","",,,,,"False","False",
"https://mgm.ibos.io/postcrm/serviceAgreement/create","create:CREATE SERVICE AGREEMENT / tab:SERVICE DUE","button","button",,"","",,,,,"False","False",
"https://mgm.ibos.io/postcrm/serviceAgreement/create","create:CREATE SERVICE AGREEMENT / tab:SERVICE DUE","button","button",,"","",,,,,"False","False",
"https://mgm.ibos.io/postcrm/serviceAgreement/create","create:CREATE SERVICE AGREEMENT / tab:SERVICE DUE","button","button",,"","",,,,,"False","False",
"https://mgm.ibos.io/postcrm/serviceAgreement/create","create:CREATE SERVICE AGREEMENT / tab:SERVICE DUE","button","button",,"","ordered",,,,,"False","False",
"https://mgm.ibos.io/postcrm/serviceAgreement/create","create:CREATE SERVICE AGREEMENT / tab:SERVICE DUE","button","button",,"","bullet",,,,,"False","False",
"https://mgm.ibos.io/postcrm/serviceAgreement/create","create:CREATE SERVICE AGREEMENT / tab:SERVICE DUE","button","button",,"","",,,,,"False","False",
"https://mgm.ibos.io/postcrm/serviceAgreement/create","create:CREATE SERVICE AGREEMENT / tab:SERVICE DUE","input","text",,"","",,,,,"False","False","False"
"https://mgm.ibos.io/postcrm/serviceAgreement/create","create:CREATE SERVICE AGREEMENT / tab:SERVICE DUE","button","button",,"Add","",,,,,"False","False",
"https://mgm.ibos.io/postcrm/serviceAgreement/create","create:CREATE SERVICE AGREEMENT / tab:SERVICE DUE","button","submit",,"","",,,,,"False","False",
"https://mgm.ibos.io/postcrm/serviceAgreement/create","create:CREATE SERVICE AGREEMENT / tab:SERVICE DUE","button","reset",,"","",,,,,"False","False",
"https://mgm.ibos.io/postcrm/warrantyManagement/create","create:Create","input","text",,"","","Go to page...",,,,"False","False","False"
"https://mgm.ibos.io/postcrm/warrantyManagement/create","create:Create","button","button",,"","",,,,,"False","False",
"https://mgm.ibos.io/postcrm/warrantyManagement/create","create:Create","button","button",,"","",,,,,"False","False",
"https://mgm.ibos.io/postcrm/warrantyManagement/create","create:Create","button","button",,"","",,,,,"False","False",
"https://mgm.ibos.io/postcrm/warrantyManagement/create","create:Create","button","button",,"","",,,,,"False","False",
"https://mgm.ibos.io/postcrm/warrantyManagement/create","create:Create","input",,"combobox","","",,,"react-select-mgm-input",,"False","False","False"
"https://mgm.ibos.io/postcrm/warrantyManagement/create","create:Create","input","hidden",,"","40513",,"branchList",,,"False","False","False"
"https://mgm.ibos.io/postcrm/warrantyManagement/create","create:Create","button","button",,"","",,,,,"False","False",
"https://mgm.ibos.io/postcrm/warrantyManagement/create","create:Create","button","submit",,"SAVE","",,,,,"False","False",
"https://mgm.ibos.io/postcrm/warrantyManagement/create","create:Create","div",,"button","Service Order Information",,,,,,"False","False",
"https://mgm.ibos.io/postcrm/warrantyManagement/create","create:Create","button","button",,"","",,,,,"False","False",
"https://mgm.ibos.io/postcrm/warrantyManagement/create","create:Create","input","radio",,"","From Agreement",,"serviceType",,,"False","False","True"
"https://mgm.ibos.io/postcrm/warrantyManagement/create","create:Create","input","radio",,"","From Sales Order",,"serviceType",,,"False","False","False"
"https://mgm.ibos.io/postcrm/warrantyManagement/create","create:Create","input","radio",,"","From Complain",,"serviceType",,,"False","False","False"
"https://mgm.ibos.io/postcrm/warrantyManagement/create","create:Create","input","text","combobox","","",,,"react-select-mgm-input",,"False","False","False"
"https://mgm.ibos.io/postcrm/warrantyManagement/create","create:Create","input","text","combobox","","",,,"react-select-mgm-input",,"False","False","False"
"https://mgm.ibos.io/postcrm/warrantyManagement/create","create:Create","input","hidden",,"","",,"office",,,"False","False","False"
"https://mgm.ibos.io/postcrm/warrantyManagement/create","create:Create","input","text","combobox","","",,,"react-select-mgm-input",,"False","False","False"
"https://mgm.ibos.io/postcrm/warrantyManagement/create","create:Create","input","hidden",,"","",,"warehouse",,,"False","False","False"
"https://mgm.ibos.io/postcrm/warrantyManagement/create","create:Create","button","button",,"ADD NEW","",,,,,"False","False",
"https://mgm.ibos.io/postcrm/warrantyManagement/create","create:Create","input","text","combobox","","",,,"react-select-mgm-input",,"False","False","False"
"https://mgm.ibos.io/postcrm/warrantyManagement/create","create:Create","input","hidden",,"","",,"customer",,,"False","False","False"
"https://mgm.ibos.io/postcrm/warrantyManagement/create","create:Create","input","text","combobox","","",,,"react-select-mgm-input",,"False","False","False"
"https://mgm.ibos.io/postcrm/warrantyManagement/create","create:Create","input","hidden",,"","",,"serviceCategory",,,"False","False","False"
"https://mgm.ibos.io/postcrm/warrantyManagement/create","create:Create","input","tel",,"","13/09/2026 12:00 AM","dd/mm/yyyy hh:mm (a|p)m",,"_r_i_",,"False","False","False"
"https://mgm.ibos.io/postcrm/warrantyManagement/create","create:Create","button","button",,"","",,,,,"False","False",
"https://mgm.ibos.io/postcrm/warrantyManagement/create","create:Create","input","string",,"","","Billing Address","billingAddress",,,"False","False","False"
"https://mgm.ibos.io/postcrm/warrantyManagement/create","create:Create","input","string",,"","","Enter Contact Person","contactPerson",,,"False","False","False"
"https://mgm.ibos.io/postcrm/warrantyManagement/create","create:Create","input","string",,"","","Customer Mobile No","customerNo",,,"False","False","False"
"https://mgm.ibos.io/postcrm/warrantyManagement/create","create:Create","input","string",,"","","Enter Job No","jobNo",,,"False","False","False"
"https://mgm.ibos.io/postcrm/warrantyManagement/create","create:Create","input","string",,"","","Remarks","remarks",,,"False","False","False"
"https://mgm.ibos.io/postcrm/warrantyManagement/create","create:Create","input","text",,"","","Enter Item Name","textItem",,,"False","False","False"
"https://mgm.ibos.io/postcrm/warrantyManagement/create","create:Create","input","text",,"","","Enter Serial","Serial",,,"False","False","False"
"https://mgm.ibos.io/postcrm/warrantyManagement/create","create:Create","input","text",,"","","Enter Part No","partNo",,,"False","False","False"
"https://mgm.ibos.io/postcrm/warrantyManagement/create","create:Create","input","text",,"",""," Model No","modelNo",,,"False","False","False"
"https://mgm.ibos.io/postcrm/warrantyManagement/create","create:Create","input","text",,"","","Item Specification","origin",,,"False","False","False"
"https://mgm.ibos.io/postcrm/warrantyManagement/create","create:Create","input","text",,"","","Item Specification","specification",,,"False","False","False"
"https://mgm.ibos.io/postcrm/warrantyManagement/create","create:Create","span",,"button","",,,,,,"False","False",
"https://mgm.ibos.io/postcrm/warrantyManagement/create","create:Create","span",,"button","",,,,,,"False","False",
"https://mgm.ibos.io/postcrm/warrantyManagement/create","create:Create","span",,"button","",,,,,,"False","False",
"https://mgm.ibos.io/postcrm/warrantyManagement/create","create:Create","span",,"button","",,,,,,"False","False",
"https://mgm.ibos.io/postcrm/warrantyManagement/create","create:Create","span",,"button","",,,,,,"False","False",
"https://mgm.ibos.io/postcrm/warrantyManagement/create","create:Create","select",,,"","",,,,,"False","False",
"https://mgm.ibos.io/postcrm/warrantyManagement/create","create:Create","button","button",,"","",,,,,"False","False",
"https://mgm.ibos.io/postcrm/warrantyManagement/create","create:Create","button","button",,"","",,,,,"False","False",
"https://mgm.ibos.io/postcrm/warrantyManagement/create","create:Create","button","button",,"","",,,,,"False","False",
"https://mgm.ibos.io/postcrm/warrantyManagement/create","create:Create","button","button",,"","",,,,,"False","False",
"https://mgm.ibos.io/postcrm/warrantyManagement/create","create:Create","button","button",,"","ordered",,,,,"False","False",
"https://mgm.ibos.io/postcrm/warrantyManagement/create","create:Create","button","button",,"","bullet",,,,,"False","False",
"https://mgm.ibos.io/postcrm/warrantyManagement/create","create:Create","button","button",,"","",,,,,"False","False",
"https://mgm.ibos.io/postcrm/warrantyManagement/create","create:Create","input","text",,"","",,,,,"False","False","False"
"https://mgm.ibos.io/postcrm/warrantyManagement/create","create:Create","button","button",,"Add","",,,,,"False","False",
"https://mgm.ibos.io/postcrm/warrantyManagement/create","create:Create","button","submit",,"","",,,,,"False","False",
"https://mgm.ibos.io/postcrm/warrantyManagement/create","create:Create","button","reset",,"","",,,,,"False","False",
"https://mgm.ibos.io/production/workCenter/form","create:New Work Center","input","text",,"","","Go to page...",,,,"False","False","False"
"https://mgm.ibos.io/production/workCenter/form","create:New Work Center","button","button",,"","",,,,,"False","False",
"https://mgm.ibos.io/production/workCenter/form","create:New Work Center","button","button",,"","",,,,,"False","False",
"https://mgm.ibos.io/production/workCenter/form","create:New Work Center","button","button",,"","",,,,,"False","False",
"https://mgm.ibos.io/production/workCenter/form","create:New Work Center","button","button",,"","",,,,,"False","False",
"https://mgm.ibos.io/production/workCenter/form","create:New Work Center","input",,"combobox","","",,,"react-select-mgm-input",,"False","False","False"
"https://mgm.ibos.io/production/workCenter/form","create:New Work Center","input","hidden",,"","40513",,"branchList",,,"False","False","False"
"https://mgm.ibos.io/production/workCenter/form","create:New Work Center","button","button",,"","",,,,,"False","False",
"https://mgm.ibos.io/production/workCenter/form","create:New Work Center","button","submit",,"SAVE","",,,,,"False","False",
"https://mgm.ibos.io/production/workCenter/form","create:New Work Center","input","text",,"","","Work Center Name","workCenterName",,,"False","True","False"
"https://mgm.ibos.io/production/workCenter/form","create:New Work Center","button","button",,"ADD NEW","",,,,,"False","False",
"https://mgm.ibos.io/production/workCenter/form","create:New Work Center","input","text","combobox","","",,,"react-select-mgm-input",,"False","False","False"
"https://mgm.ibos.io/production/workCenter/form","create:New Work Center","input","hidden",,"","",,"workCenterType",,,"False","False","False"
"https://mgm.ibos.io/production/workCenter/form","create:New Work Center","input","text",,"","","Work Center Code","workCenterCode",,,"False","True","False"
"https://mgm.ibos.io/production/workCenter/form","create:New Work Center","input","number",,"","","Standard Run Hour","standardRunHour",,,"False","True","False"
"https://mgm.ibos.io/production/workCenter/form","create:New Work Center","input","number",,"","","Standard Capacity Per Hour","capacityPerHour",,,"False","True","False"
"https://mgm.ibos.io/production/workCenter/form","create:New Work Center","input","number",,"","","Rated Capacity Per Hour","ratedCapacityPerHour",,,"False","True","False"
"https://mgm.ibos.io/production/workCenter/form","create:New Work Center","input","number",,"","","Cost Per Hour","costPerHour",,,"False","False","False"
"https://mgm.ibos.io/production/workCenter/form","create:New Work Center","input","text",,"","","Remarks","remarks",,,"False","False","False"
"https://mgm.ibos.io/production/workCenter/form","create:New Work Center","button","button",,"ADD NEW","",,,,,"False","False",
"https://mgm.ibos.io/production/workCenter/form","create:New Work Center","input","text","combobox","","",,,"react-select-mgm-input",,"False","False","False"
"https://mgm.ibos.io/production/workCenter/form","create:New Work Center","input","hidden",,"","",,"department",,,"False","False","False"
"https://mgm.ibos.io/production/workCenter/form","create:New Work Center","button","button",,"ADD NEW","",,,,,"False","False",
"https://mgm.ibos.io/production/workCenter/form","create:New Work Center","input","text","combobox","","",,,"react-select-mgm-input",,"False","False","False"
"https://mgm.ibos.io/production/workCenter/form","create:New Work Center","input","hidden",,"","",,"departmentSection",,,"False","False","False"
"https://mgm.ibos.io/production/workCenter/form","create:New Work Center","input","text","combobox","","",,,"react-select-mgm-input",,"False","False","False"
"https://mgm.ibos.io/production/workCenter/form","create:New Work Center","input","hidden",,"","",,"warehouses",,,"False","False","False"
"https://mgm.ibos.io/production/workCenter/form","create:New Work Center","input","text","combobox","","",,,"react-select-mgm-input",,"False","False","False"
"https://mgm.ibos.io/production/workCenter/form","create:New Work Center","button","button",,"Add","",,,,,"False","False",
"https://mgm.ibos.io/production/workCenter/form","create:New Work Center","button","button",,"View Details","",,,,,"False","False",
"https://mgm.ibos.io/production/workCenter/form","create:New Work Center","button","submit",,"","",,,,,"False","False",
"https://mgm.ibos.io/purchase/purchaseOrder/foreign/create","create:Create Foreign Order","input","text",,"","","Go to page...",,,,"False","False","False"
"https://mgm.ibos.io/purchase/purchaseOrder/foreign/create","create:Create Foreign Order","button","button",,"","",,,,,"False","False",
"https://mgm.ibos.io/purchase/purchaseOrder/foreign/create","create:Create Foreign Order","button","button",,"","",,,,,"False","False",
"https://mgm.ibos.io/purchase/purchaseOrder/foreign/create","create:Create Foreign Order","button","button",,"","",,,,,"False","False",
"https://mgm.ibos.io/purchase/purchaseOrder/foreign/create","create:Create Foreign Order","button","button",,"","",,,,,"False","False",
"https://mgm.ibos.io/purchase/purchaseOrder/foreign/create","create:Create Foreign Order","input",,"combobox","","",,,"react-select-mgm-input",,"False","False","False"
"https://mgm.ibos.io/purchase/purchaseOrder/foreign/create","create:Create Foreign Order","input","hidden",,"","40513",,"branchList",,,"False","False","False"
"https://mgm.ibos.io/purchase/purchaseOrder/foreign/create","create:Create Foreign Order","button","button",,"","",,,,,"False","False",
"https://mgm.ibos.io/purchase/purchaseOrder/foreign/create","create:Create Foreign Order","button",,,"Save & New","",,,,,"False","False",
"https://mgm.ibos.io/purchase/purchaseOrder/foreign/create","create:Create Foreign Order","button","submit",,"SAVE","",,,,,"False","False",
"https://mgm.ibos.io/purchase/purchaseOrder/foreign/create","create:Create Foreign Order","input","checkbox",,"","on",,"isSalesOrder",,,"False","False","False"
"https://mgm.ibos.io/purchase/purchaseOrder/foreign/create","create:Create Foreign Order","input","checkbox",,"","on",,"isProjectOrder",,,"False","False","False"
"https://mgm.ibos.io/purchase/purchaseOrder/foreign/create","create:Create Foreign Order","input","checkbox",,"","on",,"isCostEstimation",,,"False","False","False"
"https://mgm.ibos.io/purchase/purchaseOrder/foreign/create","create:Create Foreign Order","input","checkbox",,"","on",,"isRequisition",,,"False","False","False"
"https://mgm.ibos.io/purchase/purchaseOrder/foreign/create","create:Create Foreign Order","input","date",,"","2026-09-13","Create Date","createDate",,,"False","False","False"
"https://mgm.ibos.io/purchase/purchaseOrder/foreign/create","create:Create Foreign Order","input","text","combobox","","",,,"react-select-mgm-input",,"False","False","False"
"https://mgm.ibos.io/purchase/purchaseOrder/foreign/create","create:Create Foreign Order","input","hidden",,"","360",,"office",,,"False","False","False"
"https://mgm.ibos.io/purchase/purchaseOrder/foreign/create","create:Create Foreign Order","input","text","combobox","","",,,"react-select-mgm-input",,"False","False","False"
"https://mgm.ibos.io/purchase/purchaseOrder/foreign/create","create:Create Foreign Order","input","hidden",,"","1",,"itemType",,,"False","False","False"
"https://mgm.ibos.io/purchase/purchaseOrder/foreign/create","create:Create Foreign Order","button","button",,"ADD NEW","",,,,,"False","False",
"https://mgm.ibos.io/purchase/purchaseOrder/foreign/create","create:Create Foreign Order","input","text","combobox","","",,,"react-select-mgm-input",,"False","False","False"
"https://mgm.ibos.io/purchase/purchaseOrder/foreign/create","create:Create Foreign Order","input","text",,"","","Shipping Address","shippingAddress",,,"False","False","False"
"https://mgm.ibos.io/purchase/purchaseOrder/foreign/create","create:Create Foreign Order","input","date",,"","2026-09-13","Expected Receive Date","expectedReceiveDate",,,"False","False","False"
"https://mgm.ibos.io/purchase/purchaseOrder/foreign/create","create:Create Foreign Order","input","text","combobox","","",,,"react-select-mgm-input",,"False","False","False"
"https://mgm.ibos.io/purchase/purchaseOrder/foreign/create","create:Create Foreign Order","input","hidden",,"","",,"currency",,,"False","False","False"
"https://mgm.ibos.io/purchase/purchaseOrder/foreign/create","create:Create Foreign Order","input","number",,"","","Enter Exchange Rate","exchangeRate",,,"True","False","False"
"https://mgm.ibos.io/purchase/purchaseOrder/foreign/create","create:Create Foreign Order","input","number",,"","90","Payment Days After Receive","paymentDaysAfterReceive",,,"False","False","False"
"https://mgm.ibos.io/purchase/purchaseOrder/foreign/create","create:Create Foreign Order","input","text","combobox","","",,,"react-select-mgm-input",,"False","False","False"
"https://mgm.ibos.io/purchase/purchaseOrder/foreign/create","create:Create Foreign Order","input","hidden",,"","2",,"urgency",,,"False","False","False"
"https://mgm.ibos.io/purchase/purchaseOrder/foreign/create","create:Create Foreign Order","input","text",,"","0","Enter remarks","remarks",,,"False","False","False"
"https://mgm.ibos.io/purchase/purchaseOrder/foreign/create","create:Create Foreign Order","input","text",,"","","Enter Reference No","referenceNO",,,"False","False","False"
"https://mgm.ibos.io/purchase/purchaseOrder/foreign/create","create:Create Foreign Order","button","button",,"Terms And Conditions","",,,,,"False","False",
"https://mgm.ibos.io/purchase/purchaseOrder/foreign/create","create:Create Foreign Order","button","button",,"View Details","",,,,,"False","False",
"https://mgm.ibos.io/purchase/purchaseOrder/foreign/create","create:Create Foreign Order","button","button",,"ADD NEW","",,,,,"False","False",
"https://mgm.ibos.io/purchase/purchaseOrder/foreign/create","create:Create Foreign Order","input","text","combobox","","",,,"react-select-mgm-input",,"True","False","False"
"https://mgm.ibos.io/purchase/purchaseOrder/foreign/create","create:Create Foreign Order","input","number",,"","","Quantity","quantity",,,"True","False","False"
"https://mgm.ibos.io/purchase/purchaseOrder/foreign/create","create:Create Foreign Order","input","number",,"","","Rate","rate",,,"True","False","False"
"https://mgm.ibos.io/purchase/purchaseOrder/foreign/create","create:Create Foreign Order","input","text",,"","","Type Enter ...","itemDescription",,,"True","False","False"
"https://mgm.ibos.io/purchase/purchaseOrder/foreign/create","create:Create Foreign Order","button","button",,"Add","",,,,,"False","False",
"https://mgm.ibos.io/purchase/purchaseOrder/foreign/create","create:Create Foreign Order","button","submit",,"","",,,,,"False","False",
"https://mgm.ibos.io/purchase/purchaseOrder/foreign/create","create:Create Foreign Order","button","button",,"","",,,,,"False","False",
"https://mgm.ibos.io/purchase/purchaseOrder/foreign/create","create:Create Foreign Order","button","reset",,"","",,,,,"False","False",
"https://mgm.ibos.io/purchase/purchaseOrder/foreign/create","create:Create Foreign Order / tab:FOREIGN PO","input","text",,"","","Go to page...",,,,"False","False","False"
"https://mgm.ibos.io/purchase/purchaseOrder/foreign/create","create:Create Foreign Order / tab:FOREIGN PO","button","button",,"","",,,,,"False","False",
"https://mgm.ibos.io/purchase/purchaseOrder/foreign/create","create:Create Foreign Order / tab:FOREIGN PO","button","button",,"","",,,,,"False","False",
"https://mgm.ibos.io/purchase/purchaseOrder/foreign/create","create:Create Foreign Order / tab:FOREIGN PO","button","button",,"","",,,,,"False","False",
"https://mgm.ibos.io/purchase/purchaseOrder/foreign/create","create:Create Foreign Order / tab:FOREIGN PO","button","button",,"","",,,,,"False","False",
"https://mgm.ibos.io/purchase/purchaseOrder/foreign/create","create:Create Foreign Order / tab:FOREIGN PO","input",,"combobox","","",,,"react-select-mgm-input",,"False","False","False"
"https://mgm.ibos.io/purchase/purchaseOrder/foreign/create","create:Create Foreign Order / tab:FOREIGN PO","input","hidden",,"","40513",,"branchList",,,"False","False","False"
"https://mgm.ibos.io/purchase/purchaseOrder/foreign/create","create:Create Foreign Order / tab:FOREIGN PO","button","button",,"","",,,,,"False","False",
"https://mgm.ibos.io/purchase/purchaseOrder/foreign/create","create:Create Foreign Order / tab:FOREIGN PO","button",,,"Save & New","",,,,,"False","False",
"https://mgm.ibos.io/purchase/purchaseOrder/foreign/create","create:Create Foreign Order / tab:FOREIGN PO","button","submit",,"SAVE","",,,,,"False","False",
"https://mgm.ibos.io/purchase/purchaseOrder/foreign/create","create:Create Foreign Order / tab:FOREIGN PO","input","checkbox",,"","on",,"isSalesOrder",,,"False","False","False"
"https://mgm.ibos.io/purchase/purchaseOrder/foreign/create","create:Create Foreign Order / tab:FOREIGN PO","input","checkbox",,"","on",,"isProjectOrder",,,"False","False","False"
"https://mgm.ibos.io/purchase/purchaseOrder/foreign/create","create:Create Foreign Order / tab:FOREIGN PO","input","checkbox",,"","on",,"isCostEstimation",,,"False","False","False"
"https://mgm.ibos.io/purchase/purchaseOrder/foreign/create","create:Create Foreign Order / tab:FOREIGN PO","input","checkbox",,"","on",,"isRequisition",,,"False","False","False"
"https://mgm.ibos.io/purchase/purchaseOrder/foreign/create","create:Create Foreign Order / tab:FOREIGN PO","input","date",,"","2026-09-13","Create Date","createDate",,,"False","False","False"
"https://mgm.ibos.io/purchase/purchaseOrder/foreign/create","create:Create Foreign Order / tab:FOREIGN PO","input","text","combobox","","",,,"react-select-mgm-input",,"False","False","False"
"https://mgm.ibos.io/purchase/purchaseOrder/foreign/create","create:Create Foreign Order / tab:FOREIGN PO","input","hidden",,"","360",,"office",,,"False","False","False"
"https://mgm.ibos.io/purchase/purchaseOrder/foreign/create","create:Create Foreign Order / tab:FOREIGN PO","input","text","combobox","","",,,"react-select-mgm-input",,"False","False","False"
"https://mgm.ibos.io/purchase/purchaseOrder/foreign/create","create:Create Foreign Order / tab:FOREIGN PO","input","hidden",,"","1",,"itemType",,,"False","False","False"
"https://mgm.ibos.io/purchase/purchaseOrder/foreign/create","create:Create Foreign Order / tab:FOREIGN PO","button","button",,"ADD NEW","",,,,,"False","False",
"https://mgm.ibos.io/purchase/purchaseOrder/foreign/create","create:Create Foreign Order / tab:FOREIGN PO","input","text","combobox","","",,,"react-select-mgm-input",,"False","False","False"
"https://mgm.ibos.io/purchase/purchaseOrder/foreign/create","create:Create Foreign Order / tab:FOREIGN PO","input","text",,"","","Shipping Address","shippingAddress",,,"False","False","False"
"https://mgm.ibos.io/purchase/purchaseOrder/foreign/create","create:Create Foreign Order / tab:FOREIGN PO","input","date",,"","2026-09-13","Expected Receive Date","expectedReceiveDate",,,"False","False","False"
"https://mgm.ibos.io/purchase/purchaseOrder/foreign/create","create:Create Foreign Order / tab:FOREIGN PO","input","text","combobox","","",,,"react-select-mgm-input",,"False","False","False"
"https://mgm.ibos.io/purchase/purchaseOrder/foreign/create","create:Create Foreign Order / tab:FOREIGN PO","input","hidden",,"","",,"currency",,,"False","False","False"
"https://mgm.ibos.io/purchase/purchaseOrder/foreign/create","create:Create Foreign Order / tab:FOREIGN PO","input","number",,"","","Enter Exchange Rate","exchangeRate",,,"True","False","False"
"https://mgm.ibos.io/purchase/purchaseOrder/foreign/create","create:Create Foreign Order / tab:FOREIGN PO","input","number",,"","90","Payment Days After Receive","paymentDaysAfterReceive",,,"False","False","False"
"https://mgm.ibos.io/purchase/purchaseOrder/foreign/create","create:Create Foreign Order / tab:FOREIGN PO","input","text","combobox","","",,,"react-select-mgm-input",,"False","False","False"
"https://mgm.ibos.io/purchase/purchaseOrder/foreign/create","create:Create Foreign Order / tab:FOREIGN PO","input","hidden",,"","2",,"urgency",,,"False","False","False"
"https://mgm.ibos.io/purchase/purchaseOrder/foreign/create","create:Create Foreign Order / tab:FOREIGN PO","input","text",,"","0","Enter remarks","remarks",,,"False","False","False"
"https://mgm.ibos.io/purchase/purchaseOrder/foreign/create","create:Create Foreign Order / tab:FOREIGN PO","input","text",,"","","Enter Reference No","referenceNO",,,"False","False","False"
"https://mgm.ibos.io/purchase/purchaseOrder/foreign/create","create:Create Foreign Order / tab:FOREIGN PO","button","button",,"Terms And Conditions","",,,,,"False","False",
"https://mgm.ibos.io/purchase/purchaseOrder/foreign/create","create:Create Foreign Order / tab:FOREIGN PO","button","button",,"View Details","",,,,,"False","False",
"https://mgm.ibos.io/purchase/purchaseOrder/foreign/create","create:Create Foreign Order / tab:FOREIGN PO","button","button",,"ADD NEW","",,,,,"False","False",
"https://mgm.ibos.io/purchase/purchaseOrder/foreign/create","create:Create Foreign Order / tab:FOREIGN PO","input","text","combobox","","",,,"react-select-mgm-input",,"True","False","False"
"https://mgm.ibos.io/purchase/purchaseOrder/foreign/create","create:Create Foreign Order / tab:FOREIGN PO","input","number",,"","","Quantity","quantity",,,"True","False","False"
"https://mgm.ibos.io/purchase/purchaseOrder/foreign/create","create:Create Foreign Order / tab:FOREIGN PO","input","number",,"","","Rate","rate",,,"True","False","False"
"https://mgm.ibos.io/purchase/purchaseOrder/foreign/create","create:Create Foreign Order / tab:FOREIGN PO","input","text",,"","","Type Enter ...","itemDescription",,,"True","False","False"
"https://mgm.ibos.io/purchase/purchaseOrder/foreign/create","create:Create Foreign Order / tab:FOREIGN PO","button","button",,"Add","",,,,,"False","False",
"https://mgm.ibos.io/purchase/purchaseOrder/foreign/create","create:Create Foreign Order / tab:FOREIGN PO","button","submit",,"","",,,,,"False","False",
"https://mgm.ibos.io/purchase/purchaseOrder/foreign/create","create:Create Foreign Order / tab:FOREIGN PO","button","button",,"","",,,,,"False","False",
"https://mgm.ibos.io/purchase/purchaseOrder/foreign/create","create:Create Foreign Order / tab:FOREIGN PO","button","reset",,"","",,,,,"False","False",
"https://mgm.ibos.io/purchase/purchaseOrder/indenting/create","create:Create Indenting Order / tab:INDENTING PO","input","text",,"","","Go to page...",,,,"False","False","False"
"https://mgm.ibos.io/purchase/purchaseOrder/indenting/create","create:Create Indenting Order / tab:INDENTING PO","button","button",,"","",,,,,"False","False",
"https://mgm.ibos.io/purchase/purchaseOrder/indenting/create","create:Create Indenting Order / tab:INDENTING PO","button","button",,"","",,,,,"False","False",
"https://mgm.ibos.io/purchase/purchaseOrder/indenting/create","create:Create Indenting Order / tab:INDENTING PO","button","button",,"","",,,,,"False","False",
"https://mgm.ibos.io/purchase/purchaseOrder/indenting/create","create:Create Indenting Order / tab:INDENTING PO","button","button",,"","",,,,,"False","False",
"https://mgm.ibos.io/purchase/purchaseOrder/indenting/create","create:Create Indenting Order / tab:INDENTING PO","input",,"combobox","","",,,"react-select-mgm-input",,"False","False","False"
"https://mgm.ibos.io/purchase/purchaseOrder/indenting/create","create:Create Indenting Order / tab:INDENTING PO","input","hidden",,"","40513",,"branchList",,,"False","False","False"
"https://mgm.ibos.io/purchase/purchaseOrder/indenting/create","create:Create Indenting Order / tab:INDENTING PO","button","button",,"","",,,,,"False","False",
"https://mgm.ibos.io/purchase/purchaseOrder/indenting/create","create:Create Indenting Order / tab:INDENTING PO","button","submit",,"SAVE","",,,,,"False","False",
"https://mgm.ibos.io/purchase/purchaseOrder/indenting/create","create:Create Indenting Order / tab:INDENTING PO","input","date",,"","2026-09-13","Create Date","createDate",,,"False","False","False"
"https://mgm.ibos.io/purchase/purchaseOrder/indenting/create","create:Create Indenting Order / tab:INDENTING PO","input","text","combobox","","",,,"react-select-mgm-input",,"False","False","False"
"https://mgm.ibos.io/purchase/purchaseOrder/indenting/create","create:Create Indenting Order / tab:INDENTING PO","input","hidden",,"","360",,"office",,,"False","False","False"
"https://mgm.ibos.io/purchase/purchaseOrder/indenting/create","create:Create Indenting Order / tab:INDENTING PO","input","text","combobox","","",,,"react-select-mgm-input",,"False","False","False"
"https://mgm.ibos.io/purchase/purchaseOrder/indenting/create","create:Create Indenting Order / tab:INDENTING PO","input","hidden",,"","1",,"itemType",,,"False","False","False"
"https://mgm.ibos.io/purchase/purchaseOrder/indenting/create","create:Create Indenting Order / tab:INDENTING PO","button","button",,"ADD NEW","",,,,,"False","False",
"https://mgm.ibos.io/purchase/purchaseOrder/indenting/create","create:Create Indenting Order / tab:INDENTING PO","input","text","combobox","","",,,"react-select-mgm-input",,"False","False","False"
"https://mgm.ibos.io/purchase/purchaseOrder/indenting/create","create:Create Indenting Order / tab:INDENTING PO","input","text","combobox","","",,,"react-select-mgm-input",,"False","False","False"
"https://mgm.ibos.io/purchase/purchaseOrder/indenting/create","create:Create Indenting Order / tab:INDENTING PO","input","text",,"","","Shipping Address","shippingAddress",,,"False","False","False"
"https://mgm.ibos.io/purchase/purchaseOrder/indenting/create","create:Create Indenting Order / tab:INDENTING PO","input","date",,"","2026-09-13","Expected Receive Date","expectedReceiveDate",,,"False","False","False"
"https://mgm.ibos.io/purchase/purchaseOrder/indenting/create","create:Create Indenting Order / tab:INDENTING PO","input","text","combobox","","",,,"react-select-mgm-input",,"False","False","False"
"https://mgm.ibos.io/purchase/purchaseOrder/indenting/create","create:Create Indenting Order / tab:INDENTING PO","input","hidden",,"","",,"currency",,,"False","False","False"
"https://mgm.ibos.io/purchase/purchaseOrder/indenting/create","create:Create Indenting Order / tab:INDENTING PO","input","number",,"","","Enter Exchange Rate","exchangeRate",,,"True","True","False"
"https://mgm.ibos.io/purchase/purchaseOrder/indenting/create","create:Create Indenting Order / tab:INDENTING PO","input","number",,"","","Commission(%)","indentingCommission",,,"False","False","False"
"https://mgm.ibos.io/purchase/purchaseOrder/indenting/create","create:Create Indenting Order / tab:INDENTING PO","input","number",,"","90","Payment Days After Receive","paymentDaysAfterReceive",,,"False","False","False"
"https://mgm.ibos.io/purchase/purchaseOrder/indenting/create","create:Create Indenting Order / tab:INDENTING PO","input","text","combobox","","",,,"react-select-mgm-input",,"False","False","False"
"https://mgm.ibos.io/purchase/purchaseOrder/indenting/create","create:Create Indenting Order / tab:INDENTING PO","input","hidden",,"","2",,"urgency",,,"False","False","False"
"https://mgm.ibos.io/purchase/purchaseOrder/indenting/create","create:Create Indenting Order / tab:INDENTING PO","input","text",,"","","Enter remarks","remarks",,,"False","False","False"
"https://mgm.ibos.io/purchase/purchaseOrder/indenting/create","create:Create Indenting Order / tab:INDENTING PO","button","button",,"Terms And Conditions","",,,,,"False","False",
"https://mgm.ibos.io/purchase/purchaseOrder/indenting/create","create:Create Indenting Order / tab:INDENTING PO","button","button",,"View Details","",,,,,"False","False",
"https://mgm.ibos.io/purchase/purchaseOrder/indenting/create","create:Create Indenting Order / tab:INDENTING PO","button","button",,"ADD NEW","",,,,,"False","False",
"https://mgm.ibos.io/purchase/purchaseOrder/indenting/create","create:Create Indenting Order / tab:INDENTING PO","input","text","combobox","","",,,"react-select-mgm-input",,"True","False","False"
"https://mgm.ibos.io/purchase/purchaseOrder/indenting/create","create:Create Indenting Order / tab:INDENTING PO","input","text",,"","","Type Enter ...","itemDescription",,,"True","False","False"
"https://mgm.ibos.io/purchase/purchaseOrder/indenting/create","create:Create Indenting Order / tab:INDENTING PO","input","number",,"","","Quantity","quantity",,,"True","False","False"
"https://mgm.ibos.io/purchase/purchaseOrder/indenting/create","create:Create Indenting Order / tab:INDENTING PO","input","number",,"","","Rate","rate",,,"True","False","False"
"https://mgm.ibos.io/purchase/purchaseOrder/indenting/create","create:Create Indenting Order / tab:INDENTING PO","input","number",,"","","Rate","customerPrice",,,"True","False","False"
"https://mgm.ibos.io/purchase/purchaseOrder/indenting/create","create:Create Indenting Order / tab:INDENTING PO","button","button",,"Add","",,,,,"False","False",
"https://mgm.ibos.io/purchase/purchaseOrder/indenting/create","create:Create Indenting Order / tab:INDENTING PO","input","number",,"","","Doc Charge","docCharge",,,"False","False","False"
"https://mgm.ibos.io/purchase/purchaseOrder/indenting/create","create:Create Indenting Order / tab:INDENTING PO","input","number",,"","","Doc Charge","custDC",,,"False","False","False"
"https://mgm.ibos.io/purchase/purchaseOrder/indenting/create","create:Create Indenting Order / tab:INDENTING PO","input","number",,"","","pack/handling Charge","packhandlingCharge",,,"False","False","False"
"https://mgm.ibos.io/purchase/purchaseOrder/indenting/create","create:Create Indenting Order / tab:INDENTING PO","input","number",,"","","pack/handling Charge","custPC",,,"False","False","False"
"https://mgm.ibos.io/purchase/purchaseOrder/indenting/create","create:Create Indenting Order / tab:INDENTING PO","input","number",,"","","Freight Charge","freightCharge",,,"False","False","False"
"https://mgm.ibos.io/purchase/purchaseOrder/indenting/create","create:Create Indenting Order / tab:INDENTING PO","input","number",,"","","Freight Charge","custFC",,,"False","False","False"
"https://mgm.ibos.io/purchase/purchaseOrder/indenting/create","create:Create Indenting Order / tab:INDENTING PO","input","number",,"","","Additional Charge","additionalChargeForSupplier",,,"False","False","False"
"https://mgm.ibos.io/purchase/purchaseOrder/indenting/create","create:Create Indenting Order / tab:INDENTING PO","input","number",,"","","Additional Charge","additionalChargeForCustomer",,,"False","False","False"
"https://mgm.ibos.io/purchase/purchaseOrder/indenting/create","create:Create Indenting Order / tab:INDENTING PO","button","submit",,"","",,,,,"False","False",
"https://mgm.ibos.io/purchase/purchaseOrder/indenting/create","create:Create Indenting Order / tab:INDENTING PO","button","reset",,"","",,,,,"False","False",
"https://mgm.ibos.io/purchase/purchaseOrder/local/create","create:Create Local Order / tab:LOCAL PO","input","text",,"","","Go to page...",,,,"False","False","False"
"https://mgm.ibos.io/purchase/purchaseOrder/local/create","create:Create Local Order / tab:LOCAL PO","button","button",,"","",,,,,"False","False",
"https://mgm.ibos.io/purchase/purchaseOrder/local/create","create:Create Local Order / tab:LOCAL PO","button","button",,"","",,,,,"False","False",
"https://mgm.ibos.io/purchase/purchaseOrder/local/create","create:Create Local Order / tab:LOCAL PO","button","button",,"","",,,,,"False","False",
"https://mgm.ibos.io/purchase/purchaseOrder/local/create","create:Create Local Order / tab:LOCAL PO","button","button",,"","",,,,,"False","False",
"https://mgm.ibos.io/purchase/purchaseOrder/local/create","create:Create Local Order / tab:LOCAL PO","input",,"combobox","","",,,"react-select-mgm-input",,"False","False","False"
"https://mgm.ibos.io/purchase/purchaseOrder/local/create","create:Create Local Order / tab:LOCAL PO","input","hidden",,"","40513",,"branchList",,,"False","False","False"
"https://mgm.ibos.io/purchase/purchaseOrder/local/create","create:Create Local Order / tab:LOCAL PO","button","button",,"","",,,,,"False","False",
"https://mgm.ibos.io/purchase/purchaseOrder/local/create","create:Create Local Order / tab:LOCAL PO","button",,,"Save & New","",,,,,"False","False",
"https://mgm.ibos.io/purchase/purchaseOrder/local/create","create:Create Local Order / tab:LOCAL PO","button","submit",,"SAVE","",,,,,"False","False",
"https://mgm.ibos.io/purchase/purchaseOrder/local/create","create:Create Local Order / tab:LOCAL PO","input","checkbox",,"","on",,"isSalesOrder",,,"False","False","False"
"https://mgm.ibos.io/purchase/purchaseOrder/local/create","create:Create Local Order / tab:LOCAL PO","input","checkbox",,"","on",,"isProjectOrder",,,"False","False","False"
"https://mgm.ibos.io/purchase/purchaseOrder/local/create","create:Create Local Order / tab:LOCAL PO","input","checkbox",,"","on",,"isRequisition",,,"False","False","False"
"https://mgm.ibos.io/purchase/purchaseOrder/local/create","create:Create Local Order / tab:LOCAL PO","input","checkbox",,"","on",,"isPriceIncludingVat",,,"False","False","False"
"https://mgm.ibos.io/purchase/purchaseOrder/local/create","create:Create Local Order / tab:LOCAL PO","input","date",,"","2026-09-13","Create Date","createDate",,,"False","False","False"
"https://mgm.ibos.io/purchase/purchaseOrder/local/create","create:Create Local Order / tab:LOCAL PO","input","text","combobox","","",,,"react-select-mgm-input",,"False","False","False"
"https://mgm.ibos.io/purchase/purchaseOrder/local/create","create:Create Local Order / tab:LOCAL PO","input","hidden",,"","360",,"office",,,"False","False","False"
"https://mgm.ibos.io/purchase/purchaseOrder/local/create","create:Create Local Order / tab:LOCAL PO","input","text","combobox","","",,,"react-select-mgm-input",,"False","False","False"
"https://mgm.ibos.io/purchase/purchaseOrder/local/create","create:Create Local Order / tab:LOCAL PO","input","hidden",,"","1",,"itemType",,,"False","False","False"
"https://mgm.ibos.io/purchase/purchaseOrder/local/create","create:Create Local Order / tab:LOCAL PO","button","button",,"ADD NEW","",,,,,"False","False",
"https://mgm.ibos.io/purchase/purchaseOrder/local/create","create:Create Local Order / tab:LOCAL PO","input","text","combobox","","",,,"react-select-mgm-input",,"False","False","False"
"https://mgm.ibos.io/purchase/purchaseOrder/local/create","create:Create Local Order / tab:LOCAL PO","input","text",,"","","Shipping Address","shippingAddress",,,"False","False","False"
"https://mgm.ibos.io/purchase/purchaseOrder/local/create","create:Create Local Order / tab:LOCAL PO","input","text","combobox","","",,,"react-select-mgm-input",,"False","False","False"
"https://mgm.ibos.io/purchase/purchaseOrder/local/create","create:Create Local Order / tab:LOCAL PO","input","hidden",,"","2",,"urgency",,,"False","False","False"
"https://mgm.ibos.io/purchase/purchaseOrder/local/create","create:Create Local Order / tab:LOCAL PO","input","text",,"","00.00h (Sun, Sep 13)","Estimated Time of Arrival","estimatedTimeArrival",,,"True","False","False"
"https://mgm.ibos.io/purchase/purchaseOrder/local/create","create:Create Local Order / tab:LOCAL PO","input","date",,"","2026-09-13","Expected Receive Date","expectedReceiveDate",,,"False","False","False"
"https://mgm.ibos.io/purchase/purchaseOrder/local/create","create:Create Local Order / tab:LOCAL PO","input","number",,"","","Payment Days After Receive","paymentDaysAfterReceive",,,"False","False","False"
"https://mgm.ibos.io/purchase/purchaseOrder/local/create","create:Create Local Order / tab:LOCAL PO","input","text",,"","","Shipment Document Number","shipmentDocumentNumber",,,"False","False","False"
"https://mgm.ibos.io/purchase/purchaseOrder/local/create","create:Create Local Order / tab:LOCAL PO","input","text",,"","","Sales Invoice Number","SalesInvoiceNumber",,,"False","False","False"
"https://mgm.ibos.io/purchase/purchaseOrder/local/create","create:Create Local Order / tab:LOCAL PO","input","text",,"","","VAT Challan Number","VATChallanNumber",,,"False","False","False"
"https://mgm.ibos.io/purchase/purchaseOrder/local/create","create:Create Local Order / tab:LOCAL PO","input","date",,"","","Challan Date","ChallanDate",,,"False","False","False"
"https://mgm.ibos.io/purchase/purchaseOrder/local/create","create:Create Local Order / tab:LOCAL PO","input","text",,"","","Delivery Number","DeliveryNumber",,,"False","False","False"
"https://mgm.ibos.io/purchase/purchaseOrder/local/create","create:Create Local Order / tab:LOCAL PO","input","text",,"","","Enter remarks","remarks",,,"False","False","False"
"https://mgm.ibos.io/purchase/purchaseOrder/local/create","create:Create Local Order / tab:LOCAL PO","button","button",,"Terms And Conditions","",,,,,"False","False",
"https://mgm.ibos.io/purchase/purchaseOrder/local/create","create:Create Local Order / tab:LOCAL PO","input","text",,"","","Reference Number","strReferenceNo",,,"False","False","False"
"https://mgm.ibos.io/purchase/purchaseOrder/local/create","create:Create Local Order / tab:LOCAL PO","input","date",,"","2026-09-13","Reference Date","referenceDate",,,"False","False","False"
"https://mgm.ibos.io/purchase/purchaseOrder/local/create","create:Create Local Order / tab:LOCAL PO","input","file",,"","",,,"file",,"False","False","False"
"https://mgm.ibos.io/purchase/purchaseOrder/local/create","create:Create Local Order / tab:LOCAL PO","button","button",,"View Details","",,,,,"False","False",
"https://mgm.ibos.io/purchase/purchaseOrder/local/create","create:Create Local Order / tab:LOCAL PO","input","text","combobox","","",,,"react-select-mgm-input",,"False","False","False"
"https://mgm.ibos.io/purchase/purchaseOrder/local/create","create:Create Local Order / tab:LOCAL PO","input","hidden",,"","",,"category",,,"False","False","False"
"https://mgm.ibos.io/purchase/purchaseOrder/local/create","create:Create Local Order / tab:LOCAL PO","input","text","combobox","","",,,"react-select-mgm-input",,"False","False","False"
"https://mgm.ibos.io/purchase/purchaseOrder/local/create","create:Create Local Order / tab:LOCAL PO","input","hidden",,"","",,"subCategory",,,"False","False","False"
"https://mgm.ibos.io/purchase/purchaseOrder/local/create","create:Create Local Order / tab:LOCAL PO","input","text","combobox","","",,,"react-select-mgm-input",,"False","False","False"
"https://mgm.ibos.io/purchase/purchaseOrder/local/create","create:Create Local Order / tab:LOCAL PO","input","hidden",,"","",,"minorCategory",,,"False","False","False"
"https://mgm.ibos.io/purchase/purchaseOrder/local/create","create:Create Local Order / tab:LOCAL PO","input","checkbox",,"","on",,"isSupplierWiseFilter",,,"False","False","False"
"https://mgm.ibos.io/purchase/purchaseOrder/local/create","create:Create Local Order / tab:LOCAL PO","input","text","combobox","","",,,"react-select-mgm-input",,"False","False","False"
"https://mgm.ibos.io/purchase/purchaseOrder/local/create","create:Create Local Order / tab:LOCAL PO","input","number",,"","","Qty","quantity",,,"False","False","False"
"https://mgm.ibos.io/purchase/purchaseOrder/local/create","create:Create Local Order / tab:LOCAL PO","button","button",,"","",,,,,"True","False",
"https://mgm.ibos.io/purchase/purchaseOrder/local/create","create:Create Local Order / tab:LOCAL PO","input","number",,"","","Rate","rate",,,"False","False","False"
"https://mgm.ibos.io/purchase/purchaseOrder/local/create","create:Create Local Order / tab:LOCAL PO","input","number",,"","","Total Amount","totalAmount",,,"False","False","False"
"https://mgm.ibos.io/purchase/purchaseOrder/local/create","create:Create Local Order / tab:LOCAL PO","input","checkbox",,"","on",,"isAmountWiseVAT",,,"False","False","False"
"https://mgm.ibos.io/purchase/purchaseOrder/local/create","create:Create Local Order / tab:LOCAL PO","input","number",,"","","VAT","vat",,,"False","False","False"
"https://mgm.ibos.io/purchase/purchaseOrder/local/create","create:Create Local Order / tab:LOCAL PO","input","text",,"","","Enter brand","strBrand",,,"False","False","False"
"https://mgm.ibos.io/purchase/purchaseOrder/local/create","create:Create Local Order / tab:LOCAL PO","input","text",,"","","Enter specification","strSpecification",,,"False","False","False"
"https://mgm.ibos.io/purchase/purchaseOrder/local/create","create:Create Local Order / tab:LOCAL PO","input","checkbox",,"","on",,"all_items",,,"False","False","False"
"https://mgm.ibos.io/purchase/purchaseOrder/local/create","create:Create Local Order / tab:LOCAL PO","button","button",,"Add","",,,,,"False","False",
"https://mgm.ibos.io/purchase/purchaseOrder/local/create","create:Create Local Order / tab:LOCAL PO","button","button",,"","",,,,,"False","False",
"https://mgm.ibos.io/purchase/purchaseOrder/local/create","create:Create Local Order / tab:LOCAL PO","button","button",,"","",,,,,"False","False",
"https://mgm.ibos.io/purchase/purchaseOrder/local/create","create:Create Local Order / tab:LOCAL PO","button","reset",,"","",,,,,"False","False",
"https://mgm.ibos.io/purchase/quotationEntry/create","create:Create Quotation Entry","input","text",,"","","Go to page...",,,,"False","False","False"
"https://mgm.ibos.io/purchase/quotationEntry/create","create:Create Quotation Entry","button","button",,"","",,,,,"False","False",
"https://mgm.ibos.io/purchase/quotationEntry/create","create:Create Quotation Entry","button","button",,"","",,,,,"False","False",
"https://mgm.ibos.io/purchase/quotationEntry/create","create:Create Quotation Entry","button","button",,"","",,,,,"False","False",
"https://mgm.ibos.io/purchase/quotationEntry/create","create:Create Quotation Entry","button","button",,"","",,,,,"False","False",
"https://mgm.ibos.io/purchase/quotationEntry/create","create:Create Quotation Entry","input",,"combobox","","",,,"react-select-mgm-input",,"False","False","False"
"https://mgm.ibos.io/purchase/quotationEntry/create","create:Create Quotation Entry","input","hidden",,"","40513",,"branchList",,,"False","False","False"
"https://mgm.ibos.io/purchase/quotationEntry/create","create:Create Quotation Entry","button","button",,"","",,,,,"False","False",
"https://mgm.ibos.io/purchase/quotationEntry/create","create:Create Quotation Entry","button",,,"Save & New","",,,,,"False","False",
"https://mgm.ibos.io/purchase/quotationEntry/create","create:Create Quotation Entry","button","submit",,"SAVE","",,,,,"False","False",
"https://mgm.ibos.io/purchase/quotationEntry/create","create:Create Quotation Entry","input","date",,"","2026-09-13","Create Date","createDate",,,"False","True","False"
"https://mgm.ibos.io/purchase/quotationEntry/create","create:Create Quotation Entry","input","text","combobox","","",,,"react-select-mgm-input",,"False","False","False"
"https://mgm.ibos.io/purchase/quotationEntry/create","create:Create Quotation Entry","input","hidden",,"","",,"rfqType",,,"False","False","False"
"https://mgm.ibos.io/purchase/quotationEntry/create","create:Create Quotation Entry","input","text","combobox","","",,,"react-select-mgm-input",,"False","False","False"
"https://mgm.ibos.io/purchase/quotationEntry/create","create:Create Quotation Entry","input","hidden",,"","",,"rfq",,,"False","False","False"
"https://mgm.ibos.io/purchase/quotationEntry/create","create:Create Quotation Entry","input","text","combobox","","",,,"react-select-mgm-input",,"False","True","False"
"https://mgm.ibos.io/purchase/quotationEntry/create","create:Create Quotation Entry","input","hidden",,"","360",,"office",,,"False","False","False"
"https://mgm.ibos.io/purchase/quotationEntry/create","create:Create Quotation Entry","input","text","combobox","","",,,"react-select-mgm-input",,"True","False","False"
"https://mgm.ibos.io/purchase/quotationEntry/create","create:Create Quotation Entry","input","text","combobox","","",,,"react-select-mgm-input",,"False","False","False"
"https://mgm.ibos.io/purchase/quotationEntry/create","create:Create Quotation Entry","input","text",,"","","Shipping Address","shippingAddress",,,"False","False","False"
"https://mgm.ibos.io/purchase/quotationEntry/create","create:Create Quotation Entry","input","text","combobox","","",,,"react-select-mgm-input",,"True","False","False"
"https://mgm.ibos.io/purchase/quotationEntry/create","create:Create Quotation Entry","input","date",,"","","Expected Receive Date","expectedReceiveDate",,,"False","False","False"
"https://mgm.ibos.io/purchase/quotationEntry/create","create:Create Quotation Entry","input","text","combobox","","",,,"react-select-mgm-input",,"True","False","False"
"https://mgm.ibos.io/purchase/quotationEntry/create","create:Create Quotation Entry","input","file",,"","",,"filePond","filepond--browser-pw56ilmkp",,"False","False","False"
"https://mgm.ibos.io/purchase/quotationEntry/create","create:Create Quotation Entry","button","button",,"Terms and Conditions","",,,,,"False","False",
"https://mgm.ibos.io/purchase/quotationEntry/create","create:Create Quotation Entry","button","button",,"Acceptance Criteria","",,,,,"False","False",
"https://mgm.ibos.io/purchase/quotationEntry/create","create:Create Quotation Entry","button","submit",,"","",,,,,"False","False",
"https://mgm.ibos.io/purchase/quotationEntry/create","create:Create Quotation Entry","button","button",,"","",,,,,"False","False",
"https://mgm.ibos.io/purchase/rfq/create","create:Create RFQ","input","text",,"","","Go to page...",,,,"False","False","False"
"https://mgm.ibos.io/purchase/rfq/create","create:Create RFQ","button","button",,"","",,,,,"False","False",
"https://mgm.ibos.io/purchase/rfq/create","create:Create RFQ","button","button",,"","",,,,,"False","False",
"https://mgm.ibos.io/purchase/rfq/create","create:Create RFQ","button","button",,"","",,,,,"False","False",
"https://mgm.ibos.io/purchase/rfq/create","create:Create RFQ","button","button",,"","",,,,,"False","False",
"https://mgm.ibos.io/purchase/rfq/create","create:Create RFQ","input",,"combobox","","",,,"react-select-mgm-input",,"False","False","False"
"https://mgm.ibos.io/purchase/rfq/create","create:Create RFQ","input","hidden",,"","40513",,"branchList",,,"False","False","False"
"https://mgm.ibos.io/purchase/rfq/create","create:Create RFQ","button","button",,"","",,,,,"False","False",
"https://mgm.ibos.io/purchase/rfq/create","create:Create RFQ","button","submit",,"SAVE","",,,,,"False","False",
"https://mgm.ibos.io/purchase/rfq/create","create:Create RFQ","input","checkbox",,"","on",,"isSalesOrder","isSalesOrder",,"False","False","False"
"https://mgm.ibos.io/purchase/rfq/create","create:Create RFQ","input","checkbox",,"","on",,"isRequisition","isRequisition",,"False","False","False"
"https://mgm.ibos.io/purchase/rfq/create","create:Create RFQ","input","text","combobox","","",,,"react-select-mgm-input",,"False","False","False"
"https://mgm.ibos.io/purchase/rfq/create","create:Create RFQ","input","hidden",,"","1",,"rfqType",,,"False","False","False"
"https://mgm.ibos.io/purchase/rfq/create","create:Create RFQ","input","date",,"","2026-09-13","Create Date","createDate",,,"False","False","False"
"https://mgm.ibos.io/purchase/rfq/create","create:Create RFQ","input","text","combobox","","",,,"react-select-mgm-input",,"False","False","False"
"https://mgm.ibos.io/purchase/rfq/create","create:Create RFQ","input","hidden",,"","360",,"office",,,"False","False","False"
"https://mgm.ibos.io/purchase/rfq/create","create:Create RFQ","input","text","combobox","","",,,"react-select-mgm-input",,"False","False","False"
"https://mgm.ibos.io/purchase/rfq/create","create:Create RFQ","input","hidden",,"","1",,"itemType",,,"False","False","False"
"https://mgm.ibos.io/purchase/rfq/create","create:Create RFQ","button","button",,"ADD NEW","",,,,,"False","False",
"https://mgm.ibos.io/purchase/rfq/create","create:Create RFQ","input","text","combobox","","",,,"react-select-mgm-input",,"False","False","False"
"https://mgm.ibos.io/purchase/rfq/create","create:Create RFQ","input","text","combobox","","",,,"react-select-mgm-input",,"False","False","False"
"https://mgm.ibos.io/purchase/rfq/create","create:Create RFQ","input","hidden",,"","2",,"urgency",,,"False","False","False"
"https://mgm.ibos.io/purchase/rfq/create","create:Create RFQ","input","date",,"","2026-09-13","Expected Date","expectedDate",,,"False","False","False"
"https://mgm.ibos.io/purchase/rfq/create","create:Create RFQ","input","text","combobox","","",,,"react-select-mgm-input",,"False","False","False"
"https://mgm.ibos.io/purchase/rfq/create","create:Create RFQ","input","hidden",,"","1",,"currency",,,"False","False","False"
"https://mgm.ibos.io/purchase/rfq/create","create:Create RFQ","input","number",,"","","Minimum Supplier","minSupplier",,,"False","False","False"
"https://mgm.ibos.io/purchase/rfq/create","create:Create RFQ","input","text",,"","","Shipping Address","shippingAddress",,,"False","False","False"
"https://mgm.ibos.io/purchase/rfq/create","create:Create RFQ","button","button",,"Terms And Conditions","",,,,,"False","False",
"https://mgm.ibos.io/purchase/rfq/create","create:Create RFQ","button","button",,"Acceptance Criteria","",,,,,"False","False",
"https://mgm.ibos.io/purchase/rfq/create","create:Create RFQ","button","button",,"View Details","",,,,,"False","False",
"https://mgm.ibos.io/purchase/rfq/create","create:Create RFQ","input","text","combobox","","",,,"react-select-mgm-input",,"False","False","False"
"https://mgm.ibos.io/purchase/rfq/create","create:Create RFQ","input","hidden",,"","",,"itemTypeNew",,,"False","False","False"
"https://mgm.ibos.io/purchase/rfq/create","create:Create RFQ","input","text","combobox","","",,,"react-select-mgm-input",,"False","False","False"
"https://mgm.ibos.io/purchase/rfq/create","create:Create RFQ","input","hidden",,"","",,"category",,,"False","False","False"
"https://mgm.ibos.io/purchase/rfq/create","create:Create RFQ","input","text","combobox","","",,,"react-select-mgm-input",,"False","False","False"
"https://mgm.ibos.io/purchase/rfq/create","create:Create RFQ","input","hidden",,"","",,"subCategory",,,"False","False","False"
"https://mgm.ibos.io/purchase/rfq/create","create:Create RFQ","button","button",,"ADD NEW","",,,,,"False","False",
"https://mgm.ibos.io/purchase/rfq/create","create:Create RFQ","input","text","combobox","","",,,"react-select-mgm-input",,"False","False","False"
"https://mgm.ibos.io/purchase/rfq/create","create:Create RFQ","input","number",,"","","Quantity","quantity",,,"False","False","False"
"https://mgm.ibos.io/purchase/rfq/create","create:Create RFQ","textarea","textarea",,"","","Description","itemDescription",,,"False","False",
"https://mgm.ibos.io/purchase/rfq/create","create:Create RFQ","input","text",,"","","Enter brand","strBrand",,,"False","False","False"
"https://mgm.ibos.io/purchase/rfq/create","create:Create RFQ","input","text",,"","","Enter specification","strSpecification",,,"False","False","False"
"https://mgm.ibos.io/purchase/rfq/create","create:Create RFQ","input","checkbox",,"","on",,"all_items",,,"False","False","False"
"https://mgm.ibos.io/purchase/rfq/create","create:Create RFQ","button","button",,"Add","",,,,,"False","False",
"https://mgm.ibos.io/purchase/rfq/create","create:Create RFQ","button","submit",,"","",,,,,"False","False",
"https://mgm.ibos.io/purchase/rfq/create","create:Create RFQ","button","reset",,"","",,,,,"False","False",
"https://mgm.ibos.io/sales/fieldCollection/create","create:Create Collection","input","text",,"","","Go to page...",,,,"False","False","False"
"https://mgm.ibos.io/sales/fieldCollection/create","create:Create Collection","button","button",,"","",,,,,"False","False",
"https://mgm.ibos.io/sales/fieldCollection/create","create:Create Collection","button","button",,"","",,,,,"False","False",
"https://mgm.ibos.io/sales/fieldCollection/create","create:Create Collection","button","button",,"","",,,,,"False","False",
"https://mgm.ibos.io/sales/fieldCollection/create","create:Create Collection","button","button",,"","",,,,,"False","False",
"https://mgm.ibos.io/sales/fieldCollection/create","create:Create Collection","input",,"combobox","","",,,"react-select-mgm-input",,"False","False","False"
"https://mgm.ibos.io/sales/fieldCollection/create","create:Create Collection","input","hidden",,"","40513",,"branchList",,,"False","False","False"
"https://mgm.ibos.io/sales/fieldCollection/create","create:Create Collection","button","button",,"","",,,,,"False","False",
"https://mgm.ibos.io/sales/fieldCollection/create","create:Create Collection","button","submit",,"SAVE","",,,,,"False","False",
"https://mgm.ibos.io/sales/fieldCollection/create","create:Create Collection","input","date",,"","2026-09-13","Text","collectionDate",,,"False","False","False"
"https://mgm.ibos.io/sales/fieldCollection/create","create:Create Collection","input","text","combobox","","",,,"react-select-mgm-input",,"False","False","False"
"https://mgm.ibos.io/sales/fieldCollection/create","create:Create Collection","input","hidden",,"","360",,"office",,,"False","False","False"
"https://mgm.ibos.io/sales/fieldCollection/create","create:Create Collection","input","text","combobox","","",,,"react-select-mgm-input",,"False","False","False"
"https://mgm.ibos.io/sales/fieldCollection/create","create:Create Collection","input","text","combobox","","",,,"react-select-mgm-input",,"False","False","False"
"https://mgm.ibos.io/sales/fieldCollection/create","create:Create Collection","input","hidden",,"","",,"shippingAddress",,,"False","False","False"
"https://mgm.ibos.io/sales/fieldCollection/create","create:Create Collection","input","text","combobox","","",,,"react-select-mgm-input",,"False","False","False"
"https://mgm.ibos.io/sales/fieldCollection/create","create:Create Collection","input","hidden",,"","2",,"collectionType",,,"False","False","False"
"https://mgm.ibos.io/sales/fieldCollection/create","create:Create Collection","input","text",,"","","Money Receipt No","instrumentNo",,,"False","False","False"
"https://mgm.ibos.io/sales/fieldCollection/create","create:Create Collection","input","text","combobox","","",,,"react-select-mgm-input",,"False","False","False"
"https://mgm.ibos.io/sales/fieldCollection/create","create:Create Collection","input","hidden",,"","",,"depositBankAcNo",,,"False","False","False"
"https://mgm.ibos.io/sales/fieldCollection/create","create:Create Collection","input","text","combobox","","",,,"react-select-mgm-input",,"False","False","False"
"https://mgm.ibos.io/sales/fieldCollection/create","create:Create Collection","input","hidden",,"","",,"bank",,,"False","False","False"
"https://mgm.ibos.io/sales/fieldCollection/create","create:Create Collection","input","text",,"","","Instrument No","instrumentNo",,,"False","False","False"
"https://mgm.ibos.io/sales/fieldCollection/create","create:Create Collection","input","date",,"","2026-09-13","Text","instrumentDate",,,"False","False","False"
"https://mgm.ibos.io/sales/fieldCollection/create","create:Create Collection","input","number",,"","","Enter Amount","amount",,,"False","False","False"
"https://mgm.ibos.io/sales/fieldCollection/create","create:Create Collection","button","button",,"Add","",,,,,"True","False",
"https://mgm.ibos.io/sales/fieldCollection/create","create:Create Collection","button","submit",,"","",,,,,"False","False",
"https://mgm.ibos.io/sales/fieldCollection/create","create:Create Collection","button","reset",,"","",,,,,"False","False",
"https://mgm.ibos.io/sales/fieldCollection/create","create:Create Collection / tab:FIELD COLLECTION","input","text",,"","","Go to page...",,,,"False","False","False"
"https://mgm.ibos.io/sales/fieldCollection/create","create:Create Collection / tab:FIELD COLLECTION","button","button",,"","",,,,,"False","False",
"https://mgm.ibos.io/sales/fieldCollection/create","create:Create Collection / tab:FIELD COLLECTION","button","button",,"","",,,,,"False","False",
"https://mgm.ibos.io/sales/fieldCollection/create","create:Create Collection / tab:FIELD COLLECTION","button","button",,"","",,,,,"False","False",
"https://mgm.ibos.io/sales/fieldCollection/create","create:Create Collection / tab:FIELD COLLECTION","button","button",,"","",,,,,"False","False",
"https://mgm.ibos.io/sales/fieldCollection/create","create:Create Collection / tab:FIELD COLLECTION","input",,"combobox","","",,,"react-select-mgm-input",,"False","False","False"
"https://mgm.ibos.io/sales/fieldCollection/create","create:Create Collection / tab:FIELD COLLECTION","input","hidden",,"","40513",,"branchList",,,"False","False","False"
"https://mgm.ibos.io/sales/fieldCollection/create","create:Create Collection / tab:FIELD COLLECTION","button","button",,"","",,,,,"False","False",
"https://mgm.ibos.io/sales/fieldCollection/create","create:Create Collection / tab:FIELD COLLECTION","button","submit",,"SAVE","",,,,,"False","False",
"https://mgm.ibos.io/sales/fieldCollection/create","create:Create Collection / tab:FIELD COLLECTION","input","date",,"","2026-09-13","Text","collectionDate",,,"False","False","False"
"https://mgm.ibos.io/sales/fieldCollection/create","create:Create Collection / tab:FIELD COLLECTION","input","text","combobox","","",,,"react-select-mgm-input",,"False","False","False"
"https://mgm.ibos.io/sales/fieldCollection/create","create:Create Collection / tab:FIELD COLLECTION","input","hidden",,"","360",,"office",,,"False","False","False"
"https://mgm.ibos.io/sales/fieldCollection/create","create:Create Collection / tab:FIELD COLLECTION","input","text","combobox","","",,,"react-select-mgm-input",,"False","False","False"
"https://mgm.ibos.io/sales/fieldCollection/create","create:Create Collection / tab:FIELD COLLECTION","input","text","combobox","","",,,"react-select-mgm-input",,"False","False","False"
"https://mgm.ibos.io/sales/fieldCollection/create","create:Create Collection / tab:FIELD COLLECTION","input","hidden",,"","",,"shippingAddress",,,"False","False","False"
"https://mgm.ibos.io/sales/fieldCollection/create","create:Create Collection / tab:FIELD COLLECTION","input","text","combobox","","",,,"react-select-mgm-input",,"False","False","False"
"https://mgm.ibos.io/sales/fieldCollection/create","create:Create Collection / tab:FIELD COLLECTION","input","hidden",,"","2",,"collectionType",,,"False","False","False"
"https://mgm.ibos.io/sales/fieldCollection/create","create:Create Collection / tab:FIELD COLLECTION","input","text",,"","","Money Receipt No","instrumentNo",,,"False","False","False"
"https://mgm.ibos.io/sales/fieldCollection/create","create:Create Collection / tab:FIELD COLLECTION","input","text","combobox","","",,,"react-select-mgm-input",,"False","False","False"
"https://mgm.ibos.io/sales/fieldCollection/create","create:Create Collection / tab:FIELD COLLECTION","input","hidden",,"","",,"depositBankAcNo",,,"False","False","False"
"https://mgm.ibos.io/sales/fieldCollection/create","create:Create Collection / tab:FIELD COLLECTION","input","text","combobox","","",,,"react-select-mgm-input",,"False","False","False"
"https://mgm.ibos.io/sales/fieldCollection/create","create:Create Collection / tab:FIELD COLLECTION","input","hidden",,"","",,"bank",,,"False","False","False"
"https://mgm.ibos.io/sales/fieldCollection/create","create:Create Collection / tab:FIELD COLLECTION","input","text",,"","","Instrument No","instrumentNo",,,"False","False","False"
"https://mgm.ibos.io/sales/fieldCollection/create","create:Create Collection / tab:FIELD COLLECTION","input","date",,"","2026-09-13","Text","instrumentDate",,,"False","False","False"
"https://mgm.ibos.io/sales/fieldCollection/create","create:Create Collection / tab:FIELD COLLECTION","input","number",,"","","Enter Amount","amount",,,"False","False","False"
"https://mgm.ibos.io/sales/fieldCollection/create","create:Create Collection / tab:FIELD COLLECTION","button","button",,"Add","",,,,,"True","False",
"https://mgm.ibos.io/sales/fieldCollection/create","create:Create Collection / tab:FIELD COLLECTION","button","submit",,"","",,,,,"False","False",
"https://mgm.ibos.io/sales/fieldCollection/create","create:Create Collection / tab:FIELD COLLECTION","button","reset",,"","",,,,,"False","False",
"https://mgm.ibos.io/sales/goodsSales","create:Create Reason / tab:APPROVED SO","input","text",,"","","Go to page...",,,,"False","False","False"
"https://mgm.ibos.io/sales/goodsSales","create:Create Reason / tab:APPROVED SO","button","button",,"","",,,,,"False","False",
"https://mgm.ibos.io/sales/goodsSales","create:Create Reason / tab:APPROVED SO","button","button",,"","",,,,,"False","False",
"https://mgm.ibos.io/sales/goodsSales","create:Create Reason / tab:APPROVED SO","button","button",,"","",,,,,"False","False",
"https://mgm.ibos.io/sales/goodsSales","create:Create Reason / tab:APPROVED SO","button","button",,"","",,,,,"False","False",
"https://mgm.ibos.io/sales/goodsSales","create:Create Reason / tab:APPROVED SO","input",,"combobox","","",,,"react-select-mgm-input",,"False","False","False"
"https://mgm.ibos.io/sales/goodsSales","create:Create Reason / tab:APPROVED SO","input","hidden",,"","40513",,"branchList",,,"False","False","False"
"https://mgm.ibos.io/sales/goodsSales","create:Create Reason / tab:APPROVED SO","input","text",,"","","Search....",,,,"False","False","False"
"https://mgm.ibos.io/sales/goodsSales","create:Create Reason / tab:APPROVED SO","button","button",,"","",,,,,"False","False",
"https://mgm.ibos.io/sales/goodsSales","create:Create Reason / tab:APPROVED SO","button",,,"Excel","",,,,,"False","False",
"https://mgm.ibos.io/sales/goodsSales","create:Create Reason / tab:APPROVED SO","button","button",,"Direct Delivery","",,,"demo-positioned-button",,"False","False",
"https://mgm.ibos.io/sales/goodsSales","create:Create Reason / tab:APPROVED SO","button","button","tab","APPROVED SO","",,,,,"False","False",
"https://mgm.ibos.io/sales/goodsSales","create:Create Reason / tab:APPROVED SO","button","button","tab","DELIVERY LIST","",,,,,"False","False",
"https://mgm.ibos.io/sales/goodsSales","create:Create Reason / tab:APPROVED SO","button","button","tab","EXCHANGE LIST","",,,,,"False","False",
"https://mgm.ibos.io/sales/goodsSales","create:Create Reason / tab:APPROVED SO","button","button","tab","CHALLAN LIST","",,,,,"False","False",
"https://mgm.ibos.io/sales/goodsSales","create:Create Reason / tab:APPROVED SO","input","text","combobox","","",,,"react-select-mgm-input",,"False","False","False"
"https://mgm.ibos.io/sales/goodsSales","create:Create Reason / tab:APPROVED SO","input","hidden",,"","",,"office",,,"False","False","False"
"https://mgm.ibos.io/sales/goodsSales","create:Create Reason / tab:APPROVED SO","input","text","combobox","","",,,"react-select-mgm-input",,"False","False","False"
"https://mgm.ibos.io/sales/goodsSales","create:Create Reason / tab:APPROVED SO","input","hidden",,"","",,"customerGroup",,,"False","False","False"
"https://mgm.ibos.io/sales/goodsSales","create:Create Reason / tab:APPROVED SO","input","text","combobox","","",,,"react-select-mgm-input",,"False","False","False"
"https://mgm.ibos.io/sales/goodsSales","create:Create Reason / tab:APPROVED SO","input","hidden",,"","",,"filterBy",,,"False","False","False"
"https://mgm.ibos.io/sales/goodsSales","create:Create Reason / tab:APPROVED SO","input","text","combobox","","",,,"react-select-mgm-input",,"False","False","False"
"https://mgm.ibos.io/sales/goodsSales","create:Create Reason / tab:APPROVED SO","input","hidden",,"","",,"zone",,,"False","False","False"
"https://mgm.ibos.io/sales/goodsSales","create:Create Reason / tab:APPROVED SO","input","text","combobox","","",,,"react-select-mgm-input",,"True","False","False"
"https://mgm.ibos.io/sales/goodsSales","create:Create Reason / tab:APPROVED SO","input","text","combobox","","",,,"react-select-mgm-input",,"False","False","False"
"https://mgm.ibos.io/sales/goodsSales","create:Create Reason / tab:APPROVED SO","input","hidden",,"","",,"section",,,"False","False","False"
"https://mgm.ibos.io/sales/goodsSales","create:Create Reason / tab:APPROVED SO","input","date",,"","2026-09-06","Text","fromDate",,,"False","False","False"
"https://mgm.ibos.io/sales/goodsSales","create:Create Reason / tab:APPROVED SO","input","date",,"","2026-09-13","Text","toDate",,,"False","False","False"
"https://mgm.ibos.io/sales/goodsSales","create:Create Reason / tab:APPROVED SO","input","text","combobox","","",,,"react-select-mgm-input",,"False","False","False"
"https://mgm.ibos.io/sales/goodsSales","create:Create Reason / tab:APPROVED SO","input","text","combobox","","",,,"react-select-mgm-input",,"False","False","False"
"https://mgm.ibos.io/sales/goodsSales","create:Create Reason / tab:APPROVED SO","input","hidden",,"","",,"orderBy",,,"False","False","False"
"https://mgm.ibos.io/sales/goodsSales","create:Create Reason / tab:APPROVED SO","input","text","combobox","","",,,"react-select-mgm-input",,"False","False","False"
"https://mgm.ibos.io/sales/goodsSales","create:Create Reason / tab:APPROVED SO","input","hidden",,"","",,"vehicleNo",,,"False","False","False"
"https://mgm.ibos.io/sales/goodsSales","create:Create Reason / tab:APPROVED SO","button","button",,"View","",,,,,"False","False",
"https://mgm.ibos.io/sales/goodsSales","create:Create Reason / tab:APPROVED SO","button","button",,"Create Reason","",,,,,"False","False",
"https://mgm.ibos.io/sales/goodsSales","create:Create Reason / tab:APPROVED SO","textarea","textarea",,"","","Pending Reason","reasonText",,,"False","False",
"https://mgm.ibos.io/sales/goodsSales","create:Create Reason / tab:APPROVED SO","button","button",,"Save","",,,,,"False","False",
"https://mgm.ibos.io/sales/goodsSales","create:Create Reason / tab:APPROVED SO","button","submit",,"","",,,,,"False","False",
"https://mgm.ibos.io/sales/goodsSales","create:Create Reason / tab:APPROVED SO","button","button",,"CLOSE","",,,,,"False","False",
"https://mgm.ibos.io/sales/SalesCollection/newBillCreate","create:Create Bill","input","text",,"","","Go to page...",,,,"False","False","False"
"https://mgm.ibos.io/sales/SalesCollection/newBillCreate","create:Create Bill","button","button",,"","",,,,,"False","False",
"https://mgm.ibos.io/sales/SalesCollection/newBillCreate","create:Create Bill","button","button",,"","",,,,,"False","False",
"https://mgm.ibos.io/sales/SalesCollection/newBillCreate","create:Create Bill","button","button",,"","",,,,,"False","False",
"https://mgm.ibos.io/sales/SalesCollection/newBillCreate","create:Create Bill","button","button",,"","",,,,,"False","False",
"https://mgm.ibos.io/sales/SalesCollection/newBillCreate","create:Create Bill","input",,"combobox","","",,,"react-select-mgm-input",,"False","False","False"
"https://mgm.ibos.io/sales/SalesCollection/newBillCreate","create:Create Bill","input","hidden",,"","40513",,"branchList",,,"False","False","False"
"https://mgm.ibos.io/sales/SalesCollection/newBillCreate","create:Create Bill","button","button",,"","",,,,,"False","False",
"https://mgm.ibos.io/sales/SalesCollection/newBillCreate","create:Create Bill","input","text","combobox","","",,,"react-select-mgm-input",,"False","False","False"
"https://mgm.ibos.io/sales/SalesCollection/newBillCreate","create:Create Bill","input","hidden",,"","",,"office",,,"False","False","False"
"https://mgm.ibos.io/sales/SalesCollection/newBillCreate","create:Create Bill","input","text","combobox","","",,,"react-select-mgm-input",,"False","False","False"
"https://mgm.ibos.io/sales/SalesCollection/newBillCreate","create:Create Bill","input","text","combobox","","",,,"react-select-mgm-input",,"False","False","False"
"https://mgm.ibos.io/sales/SalesCollection/newBillCreate","create:Create Bill","input","date",,"","","From Date","fromDate",,,"False","False","False"
"https://mgm.ibos.io/sales/SalesCollection/newBillCreate","create:Create Bill","input","date",,"","","toDate","toDate",,,"False","False","False"
"https://mgm.ibos.io/sales/SalesCollection/newBillCreate","create:Create Bill","input","text","combobox","","",,,"react-select-mgm-input",,"False","False","False"
"https://mgm.ibos.io/sales/SalesCollection/newBillCreate","create:Create Bill","input","hidden",,"","",,"viewBy",,,"False","False","False"
"https://mgm.ibos.io/sales/SalesCollection/newBillCreate","create:Create Bill","button","button",,"View","",,,,,"False","False",
"https://mgm.ibos.io/sales/SalesCollection/newBillCreate","create:Create Bill","button","button",,"Terms & Conditions","",,,,,"False","False",
"https://mgm.ibos.io/sales/SalesCollection/newBillCreate","create:Create Bill","button","button",,"Create Bill","",,,,,"False","False",
"https://mgm.ibos.io/sales/SalesCollection/newBillCreate","create:Create Bill","button","button",,"Factoring Bill","",,,,,"False","False",
"https://mgm.ibos.io/sales/SalesCollection/newBillCreate","create:Create Bill","input","checkbox",,"","on",,"isAllCheck",,,"False","False","True"
"https://mgm.ibos.io/sales/SalesCollection/newBillCreate","create:Create Bill / tab:ADVANCE COLLECTION","input","text",,"","","Go to page...",,,,"False","False","False"
"https://mgm.ibos.io/sales/SalesCollection/newBillCreate","create:Create Bill / tab:ADVANCE COLLECTION","button","button",,"","",,,,,"False","False",
"https://mgm.ibos.io/sales/SalesCollection/newBillCreate","create:Create Bill / tab:ADVANCE COLLECTION","button","button",,"","",,,,,"False","False",
"https://mgm.ibos.io/sales/SalesCollection/newBillCreate","create:Create Bill / tab:ADVANCE COLLECTION","button","button",,"","",,,,,"False","False",
"https://mgm.ibos.io/sales/SalesCollection/newBillCreate","create:Create Bill / tab:ADVANCE COLLECTION","button","button",,"","",,,,,"False","False",
"https://mgm.ibos.io/sales/SalesCollection/newBillCreate","create:Create Bill / tab:ADVANCE COLLECTION","input",,"combobox","","",,,"react-select-mgm-input",,"False","False","False"
"https://mgm.ibos.io/sales/SalesCollection/newBillCreate","create:Create Bill / tab:ADVANCE COLLECTION","input","hidden",,"","40513",,"branchList",,,"False","False","False"
"https://mgm.ibos.io/sales/SalesCollection/newBillCreate","create:Create Bill / tab:ADVANCE COLLECTION","button","button",,"","",,,,,"False","False",
"https://mgm.ibos.io/sales/SalesCollection/newBillCreate","create:Create Bill / tab:ADVANCE COLLECTION","input","text","combobox","","",,,"react-select-mgm-input",,"False","False","False"
"https://mgm.ibos.io/sales/SalesCollection/newBillCreate","create:Create Bill / tab:ADVANCE COLLECTION","input","hidden",,"","",,"office",,,"False","False","False"
"https://mgm.ibos.io/sales/SalesCollection/newBillCreate","create:Create Bill / tab:ADVANCE COLLECTION","input","text","combobox","","",,,"react-select-mgm-input",,"False","False","False"
"https://mgm.ibos.io/sales/SalesCollection/newBillCreate","create:Create Bill / tab:ADVANCE COLLECTION","input","text","combobox","","",,,"react-select-mgm-input",,"False","False","False"
"https://mgm.ibos.io/sales/SalesCollection/newBillCreate","create:Create Bill / tab:ADVANCE COLLECTION","input","date",,"","","From Date","fromDate",,,"False","False","False"
"https://mgm.ibos.io/sales/SalesCollection/newBillCreate","create:Create Bill / tab:ADVANCE COLLECTION","input","date",,"","","toDate","toDate",,,"False","False","False"
"https://mgm.ibos.io/sales/SalesCollection/newBillCreate","create:Create Bill / tab:ADVANCE COLLECTION","input","text","combobox","","",,,"react-select-mgm-input",,"False","False","False"
"https://mgm.ibos.io/sales/SalesCollection/newBillCreate","create:Create Bill / tab:ADVANCE COLLECTION","input","hidden",,"","",,"viewBy",,,"False","False","False"
"https://mgm.ibos.io/sales/SalesCollection/newBillCreate","create:Create Bill / tab:ADVANCE COLLECTION","button","button",,"View","",,,,,"False","False",
"https://mgm.ibos.io/sales/SalesCollection/newBillCreate","create:Create Bill / tab:ADVANCE COLLECTION","button","button",,"Terms & Conditions","",,,,,"False","False",
"https://mgm.ibos.io/sales/SalesCollection/newBillCreate","create:Create Bill / tab:ADVANCE COLLECTION","button","button",,"Create Bill","",,,,,"False","False",
"https://mgm.ibos.io/sales/SalesCollection/newBillCreate","create:Create Bill / tab:ADVANCE COLLECTION","button","button",,"Factoring Bill","",,,,,"False","False",
"https://mgm.ibos.io/sales/SalesCollection/newBillCreate","create:Create Bill / tab:ADVANCE COLLECTION","input","checkbox",,"","on",,"isAllCheck",,,"False","False","True"
"https://mgm.ibos.io/sales/SalesCollection/newBillCreate","create:Create Bill / tab:COLLECTED INVOICE","input","text",,"","","Go to page...",,,,"False","False","False"
"https://mgm.ibos.io/sales/SalesCollection/newBillCreate","create:Create Bill / tab:COLLECTED INVOICE","button","button",,"","",,,,,"False","False",
"https://mgm.ibos.io/sales/SalesCollection/newBillCreate","create:Create Bill / tab:COLLECTED INVOICE","button","button",,"","",,,,,"False","False",
"https://mgm.ibos.io/sales/SalesCollection/newBillCreate","create:Create Bill / tab:COLLECTED INVOICE","button","button",,"","",,,,,"False","False",
"https://mgm.ibos.io/sales/SalesCollection/newBillCreate","create:Create Bill / tab:COLLECTED INVOICE","button","button",,"","",,,,,"False","False",
"https://mgm.ibos.io/sales/SalesCollection/newBillCreate","create:Create Bill / tab:COLLECTED INVOICE","input",,"combobox","","",,,"react-select-mgm-input",,"False","False","False"
"https://mgm.ibos.io/sales/SalesCollection/newBillCreate","create:Create Bill / tab:COLLECTED INVOICE","input","hidden",,"","40513",,"branchList",,,"False","False","False"
"https://mgm.ibos.io/sales/SalesCollection/newBillCreate","create:Create Bill / tab:COLLECTED INVOICE","button","button",,"","",,,,,"False","False",
"https://mgm.ibos.io/sales/SalesCollection/newBillCreate","create:Create Bill / tab:COLLECTED INVOICE","input","text","combobox","","",,,"react-select-mgm-input",,"False","False","False"
"https://mgm.ibos.io/sales/SalesCollection/newBillCreate","create:Create Bill / tab:COLLECTED INVOICE","input","hidden",,"","",,"office",,,"False","False","False"
"https://mgm.ibos.io/sales/SalesCollection/newBillCreate","create:Create Bill / tab:COLLECTED INVOICE","input","text","combobox","","",,,"react-select-mgm-input",,"False","False","False"
"https://mgm.ibos.io/sales/SalesCollection/newBillCreate","create:Create Bill / tab:COLLECTED INVOICE","input","text","combobox","","",,,"react-select-mgm-input",,"False","False","False"
"https://mgm.ibos.io/sales/SalesCollection/newBillCreate","create:Create Bill / tab:COLLECTED INVOICE","input","date",,"","","From Date","fromDate",,,"False","False","False"
"https://mgm.ibos.io/sales/SalesCollection/newBillCreate","create:Create Bill / tab:COLLECTED INVOICE","input","date",,"","","toDate","toDate",,,"False","False","False"
"https://mgm.ibos.io/sales/SalesCollection/newBillCreate","create:Create Bill / tab:COLLECTED INVOICE","input","text","combobox","","",,,"react-select-mgm-input",,"False","False","False"
"https://mgm.ibos.io/sales/SalesCollection/newBillCreate","create:Create Bill / tab:COLLECTED INVOICE","input","hidden",,"","",,"viewBy",,,"False","False","False"
"https://mgm.ibos.io/sales/SalesCollection/newBillCreate","create:Create Bill / tab:COLLECTED INVOICE","button","button",,"View","",,,,,"False","False",
"https://mgm.ibos.io/sales/SalesCollection/newBillCreate","create:Create Bill / tab:COLLECTED INVOICE","button","button",,"Terms & Conditions","",,,,,"False","False",
"https://mgm.ibos.io/sales/SalesCollection/newBillCreate","create:Create Bill / tab:COLLECTED INVOICE","button","button",,"Create Bill","",,,,,"False","False",
"https://mgm.ibos.io/sales/SalesCollection/newBillCreate","create:Create Bill / tab:COLLECTED INVOICE","button","button",,"Factoring Bill","",,,,,"False","False",
"https://mgm.ibos.io/sales/SalesCollection/newBillCreate","create:Create Bill / tab:COLLECTED INVOICE","input","checkbox",,"","on",,"isAllCheck",,,"False","False","True"
"https://mgm.ibos.io/sales/SalesCollection/newBillCreate","create:Create Bill / tab:DUE BILL","input","text",,"","","Go to page...",,,,"False","False","False"
"https://mgm.ibos.io/sales/SalesCollection/newBillCreate","create:Create Bill / tab:DUE BILL","button","button",,"","",,,,,"False","False",
"https://mgm.ibos.io/sales/SalesCollection/newBillCreate","create:Create Bill / tab:DUE BILL","button","button",,"","",,,,,"False","False",
"https://mgm.ibos.io/sales/SalesCollection/newBillCreate","create:Create Bill / tab:DUE BILL","button","button",,"","",,,,,"False","False",
"https://mgm.ibos.io/sales/SalesCollection/newBillCreate","create:Create Bill / tab:DUE BILL","button","button",,"","",,,,,"False","False",
"https://mgm.ibos.io/sales/SalesCollection/newBillCreate","create:Create Bill / tab:DUE BILL","input",,"combobox","","",,,"react-select-mgm-input",,"False","False","False"
"https://mgm.ibos.io/sales/SalesCollection/newBillCreate","create:Create Bill / tab:DUE BILL","input","hidden",,"","40513",,"branchList",,,"False","False","False"
"https://mgm.ibos.io/sales/SalesCollection/newBillCreate","create:Create Bill / tab:DUE BILL","button","button",,"","",,,,,"False","False",
"https://mgm.ibos.io/sales/SalesCollection/newBillCreate","create:Create Bill / tab:DUE BILL","input","text","combobox","","",,,"react-select-mgm-input",,"False","False","False"
"https://mgm.ibos.io/sales/SalesCollection/newBillCreate","create:Create Bill / tab:DUE BILL","input","hidden",,"","",,"office",,,"False","False","False"
"https://mgm.ibos.io/sales/SalesCollection/newBillCreate","create:Create Bill / tab:DUE BILL","input","text","combobox","","",,,"react-select-mgm-input",,"False","False","False"
"https://mgm.ibos.io/sales/SalesCollection/newBillCreate","create:Create Bill / tab:DUE BILL","input","text","combobox","","",,,"react-select-mgm-input",,"False","False","False"
"https://mgm.ibos.io/sales/SalesCollection/newBillCreate","create:Create Bill / tab:DUE BILL","input","date",,"","","From Date","fromDate",,,"False","False","False"
"https://mgm.ibos.io/sales/SalesCollection/newBillCreate","create:Create Bill / tab:DUE BILL","input","date",,"","","toDate","toDate",,,"False","False","False"
"https://mgm.ibos.io/sales/SalesCollection/newBillCreate","create:Create Bill / tab:DUE BILL","input","text","combobox","","",,,"react-select-mgm-input",,"False","False","False"
"https://mgm.ibos.io/sales/SalesCollection/newBillCreate","create:Create Bill / tab:DUE BILL","input","hidden",,"","",,"viewBy",,,"False","False","False"
"https://mgm.ibos.io/sales/SalesCollection/newBillCreate","create:Create Bill / tab:DUE BILL","button","button",,"View","",,,,,"False","False",
"https://mgm.ibos.io/sales/SalesCollection/newBillCreate","create:Create Bill / tab:DUE BILL","button","button",,"Terms & Conditions","",,,,,"False","False",
"https://mgm.ibos.io/sales/SalesCollection/newBillCreate","create:Create Bill / tab:DUE BILL","button","button",,"Create Bill","",,,,,"False","False",
"https://mgm.ibos.io/sales/SalesCollection/newBillCreate","create:Create Bill / tab:DUE BILL","button","button",,"Factoring Bill","",,,,,"False","False",
"https://mgm.ibos.io/sales/SalesCollection/newBillCreate","create:Create Bill / tab:DUE BILL","input","checkbox",,"","on",,"isAllCheck",,,"False","False","True"
"https://mgm.ibos.io/sales/SalesCollection/newBillCreate","create:Create Bill / tab:DUE INVOICE REPORT","input","text",,"","","Go to page...",,,,"False","False","False"
"https://mgm.ibos.io/sales/SalesCollection/newBillCreate","create:Create Bill / tab:DUE INVOICE REPORT","button","button",,"","",,,,,"False","False",
"https://mgm.ibos.io/sales/SalesCollection/newBillCreate","create:Create Bill / tab:DUE INVOICE REPORT","button","button",,"","",,,,,"False","False",
"https://mgm.ibos.io/sales/SalesCollection/newBillCreate","create:Create Bill / tab:DUE INVOICE REPORT","button","button",,"","",,,,,"False","False",
"https://mgm.ibos.io/sales/SalesCollection/newBillCreate","create:Create Bill / tab:DUE INVOICE REPORT","button","button",,"","",,,,,"False","False",
"https://mgm.ibos.io/sales/SalesCollection/newBillCreate","create:Create Bill / tab:DUE INVOICE REPORT","input",,"combobox","","",,,"react-select-mgm-input",,"False","False","False"
"https://mgm.ibos.io/sales/SalesCollection/newBillCreate","create:Create Bill / tab:DUE INVOICE REPORT","input","hidden",,"","40513",,"branchList",,,"False","False","False"
"https://mgm.ibos.io/sales/SalesCollection/newBillCreate","create:Create Bill / tab:DUE INVOICE REPORT","button","button",,"","",,,,,"False","False",
"https://mgm.ibos.io/sales/SalesCollection/newBillCreate","create:Create Bill / tab:DUE INVOICE REPORT","input","text","combobox","","",,,"react-select-mgm-input",,"False","False","False"
"https://mgm.ibos.io/sales/SalesCollection/newBillCreate","create:Create Bill / tab:DUE INVOICE REPORT","input","hidden",,"","",,"office",,,"False","False","False"
"https://mgm.ibos.io/sales/SalesCollection/newBillCreate","create:Create Bill / tab:DUE INVOICE REPORT","input","text","combobox","","",,,"react-select-mgm-input",,"False","False","False"
"https://mgm.ibos.io/sales/SalesCollection/newBillCreate","create:Create Bill / tab:DUE INVOICE REPORT","input","text","combobox","","",,,"react-select-mgm-input",,"False","False","False"
"https://mgm.ibos.io/sales/SalesCollection/newBillCreate","create:Create Bill / tab:DUE INVOICE REPORT","input","date",,"","","From Date","fromDate",,,"False","False","False"
"https://mgm.ibos.io/sales/SalesCollection/newBillCreate","create:Create Bill / tab:DUE INVOICE REPORT","input","date",,"","","toDate","toDate",,,"False","False","False"
"https://mgm.ibos.io/sales/SalesCollection/newBillCreate","create:Create Bill / tab:DUE INVOICE REPORT","input","text","combobox","","",,,"react-select-mgm-input",,"False","False","False"
"https://mgm.ibos.io/sales/SalesCollection/newBillCreate","create:Create Bill / tab:DUE INVOICE REPORT","input","hidden",,"","",,"viewBy",,,"False","False","False"
"https://mgm.ibos.io/sales/SalesCollection/newBillCreate","create:Create Bill / tab:DUE INVOICE REPORT","button","button",,"View","",,,,,"False","False",
"https://mgm.ibos.io/sales/SalesCollection/newBillCreate","create:Create Bill / tab:DUE INVOICE REPORT","button","button",,"Terms & Conditions","",,,,,"False","False",
"https://mgm.ibos.io/sales/SalesCollection/newBillCreate","create:Create Bill / tab:DUE INVOICE REPORT","button","button",,"Create Bill","",,,,,"False","False",
"https://mgm.ibos.io/sales/SalesCollection/newBillCreate","create:Create Bill / tab:DUE INVOICE REPORT","button","button",,"Factoring Bill","",,,,,"False","False",
"https://mgm.ibos.io/sales/SalesCollection/newBillCreate","create:Create Bill / tab:DUE INVOICE REPORT","input","checkbox",,"","on",,"isAllCheck",,,"False","False","True"
"https://mgm.ibos.io/sales/SalesCollection/newBillCreate","create:Create Bill / tab:DUE LIST","input","text",,"","","Go to page...",,,,"False","False","False"
"https://mgm.ibos.io/sales/SalesCollection/newBillCreate","create:Create Bill / tab:DUE LIST","button","button",,"","",,,,,"False","False",
"https://mgm.ibos.io/sales/SalesCollection/newBillCreate","create:Create Bill / tab:DUE LIST","button","button",,"","",,,,,"False","False",
"https://mgm.ibos.io/sales/SalesCollection/newBillCreate","create:Create Bill / tab:DUE LIST","button","button",,"","",,,,,"False","False",
"https://mgm.ibos.io/sales/SalesCollection/newBillCreate","create:Create Bill / tab:DUE LIST","button","button",,"","",,,,,"False","False",
"https://mgm.ibos.io/sales/SalesCollection/newBillCreate","create:Create Bill / tab:DUE LIST","input",,"combobox","","",,,"react-select-mgm-input",,"False","False","False"
"https://mgm.ibos.io/sales/SalesCollection/newBillCreate","create:Create Bill / tab:DUE LIST","input","hidden",,"","40513",,"branchList",,,"False","False","False"
"https://mgm.ibos.io/sales/SalesCollection/newBillCreate","create:Create Bill / tab:DUE LIST","button","button",,"","",,,,,"False","False",
"https://mgm.ibos.io/sales/SalesCollection/newBillCreate","create:Create Bill / tab:DUE LIST","input","text","combobox","","",,,"react-select-mgm-input",,"False","False","False"
"https://mgm.ibos.io/sales/SalesCollection/newBillCreate","create:Create Bill / tab:DUE LIST","input","hidden",,"","",,"office",,,"False","False","False"
"https://mgm.ibos.io/sales/SalesCollection/newBillCreate","create:Create Bill / tab:DUE LIST","input","text","combobox","","",,,"react-select-mgm-input",,"False","False","False"
"https://mgm.ibos.io/sales/SalesCollection/newBillCreate","create:Create Bill / tab:DUE LIST","input","text","combobox","","",,,"react-select-mgm-input",,"False","False","False"
"https://mgm.ibos.io/sales/SalesCollection/newBillCreate","create:Create Bill / tab:DUE LIST","input","date",,"","","From Date","fromDate",,,"False","False","False"
"https://mgm.ibos.io/sales/SalesCollection/newBillCreate","create:Create Bill / tab:DUE LIST","input","date",,"","","toDate","toDate",,,"False","False","False"
"https://mgm.ibos.io/sales/SalesCollection/newBillCreate","create:Create Bill / tab:DUE LIST","input","text","combobox","","",,,"react-select-mgm-input",,"False","False","False"
"https://mgm.ibos.io/sales/SalesCollection/newBillCreate","create:Create Bill / tab:DUE LIST","input","hidden",,"","",,"viewBy",,,"False","False","False"
"https://mgm.ibos.io/sales/SalesCollection/newBillCreate","create:Create Bill / tab:DUE LIST","button","button",,"View","",,,,,"False","False",
"https://mgm.ibos.io/sales/SalesCollection/newBillCreate","create:Create Bill / tab:DUE LIST","button","button",,"Terms & Conditions","",,,,,"False","False",
"https://mgm.ibos.io/sales/SalesCollection/newBillCreate","create:Create Bill / tab:DUE LIST","button","button",,"Create Bill","",,,,,"False","False",
"https://mgm.ibos.io/sales/SalesCollection/newBillCreate","create:Create Bill / tab:DUE LIST","button","button",,"Factoring Bill","",,,,,"False","False",
"https://mgm.ibos.io/sales/SalesCollection/newBillCreate","create:Create Bill / tab:DUE LIST","input","checkbox",,"","on",,"isAllCheck",,,"False","False","True"
"https://mgm.ibos.io/sales/salesQuotation/create","create:Create Quotation","input","text",,"","","Go to page...",,,,"False","False","False"
"https://mgm.ibos.io/sales/salesQuotation/create","create:Create Quotation","button","button",,"","",,,,,"False","False",
"https://mgm.ibos.io/sales/salesQuotation/create","create:Create Quotation","button","button",,"","",,,,,"False","False",
"https://mgm.ibos.io/sales/salesQuotation/create","create:Create Quotation","button","button",,"","",,,,,"False","False",
"https://mgm.ibos.io/sales/salesQuotation/create","create:Create Quotation","button","button",,"","",,,,,"False","False",
"https://mgm.ibos.io/sales/salesQuotation/create","create:Create Quotation","input",,"combobox","","",,,"react-select-mgm-input",,"False","False","False"
"https://mgm.ibos.io/sales/salesQuotation/create","create:Create Quotation","input","hidden",,"","40513",,"branchList",,,"False","False","False"
"https://mgm.ibos.io/sales/salesQuotation/create","create:Create Quotation","button","button",,"","",,,,,"False","False",
"https://mgm.ibos.io/sales/salesQuotation/create","create:Create Quotation","button","submit",,"SAVE","",,,,,"False","False",
"https://mgm.ibos.io/sales/salesQuotation/create","create:Create Quotation","input","checkbox",,"","on",,"isInclusive",,,"False","False","False"
"https://mgm.ibos.io/sales/salesQuotation/create","create:Create Quotation","input","date",,"","2026-09-13","Create Date","createDate",,,"False","False","False"
"https://mgm.ibos.io/sales/salesQuotation/create","create:Create Quotation","input","text","combobox","","",,,"react-select-mgm-input",,"False","False","False"
"https://mgm.ibos.io/sales/salesQuotation/create","create:Create Quotation","input","hidden",,"","",,"office",,,"False","False","False"
"https://mgm.ibos.io/sales/salesQuotation/create","create:Create Quotation","button","button",,"ADD NEW","",,,,,"False","False",
"https://mgm.ibos.io/sales/salesQuotation/create","create:Create Quotation","input","text","combobox","","",,,"react-select-mgm-input",,"False","False","False"
"https://mgm.ibos.io/sales/salesQuotation/create","create:Create Quotation","input","text","combobox","","",,,"react-select-mgm-input",,"False","False","False"
"https://mgm.ibos.io/sales/salesQuotation/create","create:Create Quotation","input","hidden",,"","1",,"quotationType",,,"False","False","False"
"https://mgm.ibos.io/sales/salesQuotation/create","create:Create Quotation","input","text",,"","","Billing Address","billingAddress",,,"False","False","False"
"https://mgm.ibos.io/sales/salesQuotation/create","create:Create Quotation","input","text",,"","","Billing Contact Person","billingContactPerson",,,"False","False","False"
"https://mgm.ibos.io/sales/salesQuotation/create","create:Create Quotation","input","text",,"","","Billing Contact No","billingPhone",,,"False","False","False"
"https://mgm.ibos.io/sales/salesQuotation/create","create:Create Quotation","input","date",,"","2026-10-13","Valid Till Date","validTillDate",,,"False","True","False"
"https://mgm.ibos.io/sales/salesQuotation/create","create:Create Quotation","input","text",,"","","Reference","reference",,,"False","False","False"
"https://mgm.ibos.io/sales/salesQuotation/create","create:Create Quotation","input","text",,"","","Subject","subjects",,,"False","False","False"
"https://mgm.ibos.io/sales/salesQuotation/create","create:Create Quotation","button","button",,"","",,,,,"True","False",
"https://mgm.ibos.io/sales/salesQuotation/create","create:Create Quotation","button","button",,"","",,,,,"True","False",
"https://mgm.ibos.io/sales/salesQuotation/create","create:Create Quotation","button","button",,"","",,,,,"False","False",
"https://mgm.ibos.io/sales/salesQuotation/create","create:Create Quotation","button","button",,"","",,,,,"False","False",
"https://mgm.ibos.io/sales/salesQuotation/create","create:Create Quotation","button","button",,"","",,,,,"False","False",
"https://mgm.ibos.io/sales/salesQuotation/create","create:Create Quotation","button","button",,"","",,,,,"False","False",
"https://mgm.ibos.io/sales/salesQuotation/create","create:Create Quotation","button","button",,"","",,,,,"False","False",
"https://mgm.ibos.io/sales/salesQuotation/create","create:Create Quotation","button","button",,"","",,,,,"False","False",
"https://mgm.ibos.io/sales/salesQuotation/create","create:Create Quotation","button","button",,"","",,,,,"False","False",
"https://mgm.ibos.io/sales/salesQuotation/create","create:Create Quotation","input","color",,"","#000000",,,,,"False","False","False"
"https://mgm.ibos.io/sales/salesQuotation/create","create:Create Quotation","input","color",,"","#ffff00",,,,,"False","False","False"
"https://mgm.ibos.io/sales/salesQuotation/create","create:Create Quotation","button","button",,"","",,,,,"False","False",
"https://mgm.ibos.io/sales/salesQuotation/create","create:Create Quotation","button","button",,"","",,,,,"False","False",
"https://mgm.ibos.io/sales/salesQuotation/create","create:Create Quotation","button","button",,"","",,,,,"False","False",
"https://mgm.ibos.io/sales/salesQuotation/create","create:Create Quotation","button","button",,"","",,,,,"False","False",
"https://mgm.ibos.io/sales/salesQuotation/create","create:Create Quotation","button","button",,"","",,,,,"False","False",
"https://mgm.ibos.io/sales/salesQuotation/create","create:Create Quotation","button","button",,"","",,,,,"False","False",
"https://mgm.ibos.io/sales/salesQuotation/create","create:Create Quotation","button","button",,"","",,,,,"False","False",
"https://mgm.ibos.io/sales/salesQuotation/create","create:Create Quotation","button","button",,"","",,,,,"False","False",
"https://mgm.ibos.io/sales/salesQuotation/create","create:Create Quotation","button","button",,"","",,,,,"False","False",
"https://mgm.ibos.io/sales/salesQuotation/create","create:Create Quotation","button","button",,"","",,,,,"False","False",
"https://mgm.ibos.io/sales/salesQuotation/create","create:Create Quotation","button","button",,"","",,,,,"False","False",
"https://mgm.ibos.io/sales/salesQuotation/create","create:Create Quotation","button","button",,"","",,,,,"False","False",
"https://mgm.ibos.io/sales/salesQuotation/create","create:Create Quotation","button","button",,"","",,,,,"False","False",
"https://mgm.ibos.io/sales/salesQuotation/create","create:Create Quotation","button","button",,"","",,,,,"False","False",
"https://mgm.ibos.io/sales/salesQuotation/create","create:Create Quotation","button","button",,"","",,,,,"False","False",
"https://mgm.ibos.io/sales/salesQuotation/create","create:Create Quotation","button","button",,"","",,,,,"False","False",
"https://mgm.ibos.io/sales/salesQuotation/create","create:Create Quotation","button","button",,"","",,,,,"False","False",
"https://mgm.ibos.io/sales/salesQuotation/create","create:Create Quotation","button","button",,"","",,,,,"False","False",
"https://mgm.ibos.io/sales/salesQuotation/create","create:Create Quotation","button","button",,"","",,,,,"True","False",
"https://mgm.ibos.io/sales/salesQuotation/create","create:Create Quotation","button","button",,"","",,,,,"True","False",
"https://mgm.ibos.io/sales/salesQuotation/create","create:Create Quotation","button","button",,"","",,,,,"False","False",
"https://mgm.ibos.io/sales/salesQuotation/create","create:Create Quotation","button","button",,"","",,,,,"False","False",
"https://mgm.ibos.io/sales/salesQuotation/create","create:Create Quotation","button","button",,"","",,,,,"False","False",
"https://mgm.ibos.io/sales/salesQuotation/create","create:Create Quotation","button","button",,"","",,,,,"False","False",
"https://mgm.ibos.io/sales/salesQuotation/create","create:Create Quotation","button","button",,"","",,,,,"False","False",
"https://mgm.ibos.io/sales/salesQuotation/create","create:Create Quotation","button","button",,"","",,,,,"False","False",
"https://mgm.ibos.io/sales/salesQuotation/create","create:Create Quotation","button","button",,"","",,,,,"False","False",
"https://mgm.ibos.io/sales/salesQuotation/create","create:Create Quotation","input","color",,"","#000000",,,,,"False","False","False"
"https://mgm.ibos.io/sales/salesQuotation/create","create:Create Quotation","input","color",,"","#ffff00",,,,,"False","False","False"
"https://mgm.ibos.io/sales/salesQuotation/create","create:Create Quotation","button","button",,"","",,,,,"False","False",
"https://mgm.ibos.io/sales/salesQuotation/create","create:Create Quotation","button","button",,"","",,,,,"False","False",
"https://mgm.ibos.io/sales/salesQuotation/create","create:Create Quotation","button","button",,"","",,,,,"False","False",
"https://mgm.ibos.io/sales/salesQuotation/create","create:Create Quotation","button","button",,"","",,,,,"False","False",
"https://mgm.ibos.io/sales/salesQuotation/create","create:Create Quotation","button","button",,"","",,,,,"False","False",
"https://mgm.ibos.io/sales/salesQuotation/create","create:Create Quotation","button","button",,"","",,,,,"False","False",
"https://mgm.ibos.io/sales/salesQuotation/create","create:Create Quotation","button","button",,"","",,,,,"False","False",
"https://mgm.ibos.io/sales/salesQuotation/create","create:Create Quotation","button","button",,"","",,,,,"False","False",
"https://mgm.ibos.io/sales/salesQuotation/create","create:Create Quotation","button","button",,"","",,,,,"False","False",
"https://mgm.ibos.io/sales/salesQuotation/create","create:Create Quotation","button","button",,"","",,,,,"False","False",
"https://mgm.ibos.io/sales/salesQuotation/create","create:Create Quotation","button","button",,"","",,,,,"False","False",
"https://mgm.ibos.io/sales/salesQuotation/create","create:Create Quotation","button","button",,"","",,,,,"False","False",
"https://mgm.ibos.io/sales/salesQuotation/create","create:Create Quotation","button","button",,"","",,,,,"False","False",
"https://mgm.ibos.io/sales/salesQuotation/create","create:Create Quotation","button","button",,"","",,,,,"False","False",
"https://mgm.ibos.io/sales/salesQuotation/create","create:Create Quotation","button","button",,"","",,,,,"False","False",
"https://mgm.ibos.io/sales/salesQuotation/create","create:Create Quotation","button","button",,"","",,,,,"False","False",
"https://mgm.ibos.io/sales/salesQuotation/create","create:Create Quotation","button","button",,"","",,,,,"False","False",
"https://mgm.ibos.io/sales/salesQuotation/create","create:Create Quotation","button","button",,"","",,,,,"False","False",
"https://mgm.ibos.io/sales/salesQuotation/create","create:Create Quotation","input","text","combobox","","",,,"react-select-mgm-input",,"False","False","False"
"https://mgm.ibos.io/sales/salesQuotation/create","create:Create Quotation","input","hidden",,"","",,"itemType",,,"False","False","False"
"https://mgm.ibos.io/sales/salesQuotation/create","create:Create Quotation","input","text","combobox","","",,,"react-select-mgm-input",,"False","False","False"
"https://mgm.ibos.io/sales/salesQuotation/create","create:Create Quotation","input","hidden",,"","",,"category",,,"False","False","False"
"https://mgm.ibos.io/sales/salesQuotation/create","create:Create Quotation","input","text","combobox","","",,,"react-select-mgm-input",,"False","False","False"
"https://mgm.ibos.io/sales/salesQuotation/create","create:Create Quotation","input","hidden",,"","",,"subCategory",,,"False","False","False"
"https://mgm.ibos.io/sales/salesQuotation/create","create:Create Quotation","button","button",,"ADD NEW","",,,,,"False","False",
"https://mgm.ibos.io/sales/salesQuotation/create","create:Create Quotation","input","text","combobox","","",,,"react-select-mgm-input",,"True","False","False"
"https://mgm.ibos.io/sales/salesQuotation/create","create:Create Quotation","input","number",,"","","Quantity","quantity",,,"True","False","False"
"https://mgm.ibos.io/sales/salesQuotation/create","create:Create Quotation","input","number",,"","0","Rate","rate",,,"True","False","False"
"https://mgm.ibos.io/sales/salesQuotation/create","create:Create Quotation","input","checkbox",,"","on",,"isAmountWiseDiscount",,,"False","False","False"
"https://mgm.ibos.io/sales/salesQuotation/create","create:Create Quotation","input","number",,"","","Discount(%)","discount",,,"True","False","False"
"https://mgm.ibos.io/sales/salesQuotation/create","create:Create Quotation","input","number",,"","","VAT","vat",,,"True","False","False"
"https://mgm.ibos.io/sales/salesQuotation/create","create:Create Quotation","input","number",,"","","Month","warrantyMonth",,,"False","False","False"
"https://mgm.ibos.io/sales/salesQuotation/create","create:Create Quotation","button","button",,"Add","",,,,,"False","False",
"https://mgm.ibos.io/sales/salesQuotation/create","create:Create Quotation","button","submit",,"","",,,,,"False","False",
"https://mgm.ibos.io/sales/salesQuotation/create","create:Create Quotation","button","reset",,"","",,,,,"False","False",
